t,x,y,z,Ox,Oy,Oz,q0,q1,q2,q3,vx, vy, vz, T_trans, T_rot, U_gr, U_em, E, q_norm
0.000000000e+00,0.000000000e+00,0.000000000e+00,0.000000000e+00,0.000000000e+00,0.000000000e+00,0.000000000e+00,1.000000000e+00,0.000000000e+00,0.000000000e+00,0.000000000e+00,0.000000000e+00,0.000000000e+00,-0.000000000e+00,0.000000000e+00,0.000000000e+00,0.000000000e+00,-0.000000000e+00,0.000000000e+00,1.000000000e+00
1.000000000e-03,0.000000000e+00,0.000000000e+00,0.000000000e+00,0.000000000e+00,0.000000000e+00,-1.250000000e-01,9.999999995e-01,0.000000000e+00,0.000000000e+00,-3.124999999e-05,0.000000000e+00,-0.000000000e+00,-0.000000000e+00,0.000000000e+00,3.124999998e-10,0.000000000e+00,-3.124999998e-10,1.012055479e-21,1.000000000e+00
2.000000000e-03,0.000000000e+00,0.000000000e+00,0.000000000e+00,0.000000000e+00,0.000000000e+00,-2.499999984e-01,9.999999922e-01,0.000000000e+00,0.000000000e+00,-1.249999994e-04,0.000000000e+00,-0.000000000e+00,-0.000000000e+00,0.000000000e+00,1.249999984e-09,0.000000000e+00,-1.249999984e-09,1.625616699e-20,1.000000000e+00
3.000000000e-03,0.000000000e+00,0.000000000e+00,0.000000000e+00,0.000000000e+00,0.000000000e+00,-3.749999881e-01,9.999999604e-01,0.000000000e+00,0.000000000e+00,-2.812499933e-04,0.000000000e+00,-0.000000000e+00,-0.000000000e+00,0.000000000e+00,2.812499822e-09,0.000000000e+00,-2.812499822e-09,8.235120665e-20,1.000000000e+00
4.000000000e-03,0.000000000e+00,0.000000000e+00,0.000000000e+00,0.000000000e+00,0.000000000e+00,-4.999999500e-01,9.999998750e-01,0.000000000e+00,0.000000000e+00,-4.999999625e-04,0.000000000e+00,-0.000000000e+00,-0.000000000e+00,0.000000000e+00,4.999999000e-09,0.000000000e+00,-4.999999000e-09,2.603377270e-19,1.000000000e+00
5.000000000e-03,0.000000000e+00,0.000000000e+00,0.000000000e+00,0.000000000e+00,0.000000000e+00,-6.249998474e-01,9.999996948e-01,0.000000000e+00,0.000000000e+00,-7.812498569e-04,0.000000000e+00,-0.000000000e+00,-0.000000000e+00,0.000000000e+00,7.812496185e-09,0.000000000e+00,-7.812496185e-09,6.356535592e-19,1.000000000e+00
6.000000000e-03,0.000000000e+00,0.000000000e+00,0.000000000e+00,0.000000000e+00,0.000000000e+00,-7.499996203e-01,9.999993672e-01,0.000000000e+00,0.000000000e+00,-1.124999573e-03,0.000000000e+00,-0.000000000e+00,-0.000000000e+00,0.000000000e+00,1.124998861e-08,0.000000000e+00,-1.124998861e-08,1.318175172e-18,1.000000000e+00
7.000000000e-03,0.000000000e+00,0.000000000e+00,0.000000000e+00,0.000000000e+00,0.000000000e+00,-8.749991793e-01,9.999988276e-01,0.000000000e+00,0.000000000e+00,-1.531248923e-03,0.000000000e+00,-0.000000000e+00,-0.000000000e+00,0.000000000e+00,1.531247128e-08,0.000000000e+00,-1.531247127e-08,2.442174658e-18,1.000000000e+00
8.000000000e-03,0.000000000e+00,0.000000000e+00,0.000000000e+00,0.000000000e+00,0.000000000e+00,-9.999984000e-01,9.999980000e-01,0.000000000e+00,0.000000000e+00,-1.999997600e-03,0.000000000e+00,-0.000000000e+00,-0.000000000e+00,0.000000000e+00,1.999993600e-08,0.000000000e+00,-1.999993600e-08,4.166333383e-18,1.000000000e+00
9.000000000e-03,0.000000000e+00,0.000000000e+00,0.000000000e+00,0.000000000e+00,0.000000000e+00,-1.124997117e+00,9.999967964e-01,0.000000000e+00,0.000000000e+00,-2.531245134e-03,0.000000000e+00,-0.000000000e+00,-0.000000000e+00,0.000000000e+00,2.531237025e-08,0.000000000e+00,-2.531237025e-08,6.673742813e-18,1.000000000e+00
1.000000000e-02,0.000000000e+00,0.000000000e+00,0.000000000e+00,0.000000000e+00,0.000000000e+00,-1.249995117e+00,9.999951172e-01,0.000000000e+00,0.000000000e+00,-3.124990844e-03,0.000000000e+00,-0.000000000e+00,-0.000000000e+00,0.000000000e+00,3.124975586e-08,0.000000000e+00,-3.124975585e-08,1.017191940e-17,1.000000000e+00
1.100000000e-02,0.000000000e+00,0.000000000e+00,0.000000000e+00,0.000000000e+00,0.000000000e+00,-1.374992136e+00,9.999928511e-01,0.000000000e+00,0.000000000e+00,-3.781233779e-03,0.000000000e+00,-0.000000000e+00,-0.000000000e+00,0.000000000e+00,3.781206749e-08,0.000000000e+00,-3.781206748e-08,1.489272518e-17,1.000000000e+00
1.200000000e-02,0.000000000e+00,0.000000000e+00,0.000000000e+00,0.000000000e+00,0.000000000e+00,-1.499987850e+00,9.999898751e-01,0.000000000e+00,0.000000000e+00,-4.499972661e-03,0.000000000e+00,-0.000000000e+00,-0.000000000e+00,0.000000000e+00,4.499927101e-08,0.000000000e+00,-4.499927099e-08,2.109245711e-17,1.000000000e+00
1.300000000e-02,0.000000000e+00,0.000000000e+00,0.000000000e+00,0.000000000e+00,0.000000000e+00,-1.624981871e+00,9.999860543e-01,0.000000000e+00,0.000000000e+00,-5.281205807e-03,0.000000000e+00,-0.000000000e+00,-0.000000000e+00,0.000000000e+00,5.281132160e-08,0.000000000e+00,-5.281132157e-08,2.905172131e-17,1.000000000e+00
1.400000000e-02,0.000000000e+00,0.000000000e+00,0.000000000e+00,0.000000000e+00,0.000000000e+00,-1.749973739e+00,9.999812424e-01,0.000000000e+00,0.000000000e+00,-6.124931062e-03,0.000000000e+00,-0.000000000e+00,-0.000000000e+00,0.000000000e+00,6.124816177e-08,0.000000000e+00,-6.124816173e-08,3.907557539e-17,1.000000000e+00
1.500000000e-02,0.000000000e+00,0.000000000e+00,0.000000000e+00,0.000000000e+00,0.000000000e+00,-1.874962922e+00,9.999752812e-01,0.000000000e+00,0.000000000e+00,-7.031145712e-03,0.000000000e+00,-0.000000000e+00,-0.000000000e+00,0.000000000e+00,7.030971916e-08,0.000000000e+00,-7.030971911e-08,5.149334309e-17,1.000000000e+00
1.600000000e-02,0.000000000e+00,0.000000000e+00,0.000000000e+00,0.000000000e+00,0.000000000e+00,-1.999948801e+00,9.999680007e-01,0.000000000e+00,0.000000000e+00,-7.999846397e-03,0.000000000e+00,-0.000000000e+00,-0.000000000e+00,0.000000000e+00,7.999590414e-08,0.000000000e+00,-7.999590407e-08,6.665863421e-17,1.000000000e+00
1.700000000e-02,0.000000000e+00,0.000000000e+00,0.000000000e+00,0.000000000e+00,0.000000000e+00,-2.124930673e+00,9.999592194e-01,0.000000000e+00,0.000000000e+00,-9.031029012e-03,0.000000000e+00,-0.000000000e+00,-0.000000000e+00,0.000000000e+00,9.030660730e-08,0.000000000e+00,-9.030660721e-08,8.494951662e-17,1.000000000e+00
1.800000000e-02,0.000000000e+00,0.000000000e+00,0.000000000e+00,0.000000000e+00,0.000000000e+00,-2.249907739e+00,9.999487440e-01,0.000000000e+00,0.000000000e+00,-1.012468861e-02,0.000000000e+00,-0.000000000e+00,-0.000000000e+00,0.000000000e+00,1.012416967e-07,0.000000000e+00,-1.012416966e-07,1.067681854e-16,1.000000000e+00
1.900000000e-02,0.000000000e+00,0.000000000e+00,0.000000000e+00,0.000000000e+00,0.000000000e+00,-2.374879102e+00,9.999363695e-01,0.000000000e+00,0.000000000e+00,-1.128081929e-02,0.000000000e+00,-0.000000000e+00,-0.000000000e+00,0.000000000e+00,1.128010150e-07,0.000000000e+00,-1.128010148e-07,1.325407510e-16,1.000000000e+00
2.000000000e-02,0.000000000e+00,0.000000000e+00,0.000000000e+00,0.000000000e+00,0.000000000e+00,-2.499843758e+00,9.999218793e-01,0.000000000e+00,0.000000000e+00,-1.249941408e-02,0.000000000e+00,-0.000000000e+00,-0.000000000e+00,0.000000000e+00,1.249843763e-07,0.000000000e+00,-1.249843761e-07,1.627178350e-16,1.000000000e+00
2.100000000e-02,0.000000000e+00,0.000000000e+00,0.000000000e+00,0.000000000e+00,0.000000000e+00,-2.624800594e+00,9.999050449e-01,0.000000000e+00,0.000000000e+00,-1.378046482e-02,0.000000000e+00,-0.000000000e+00,-0.000000000e+00,0.000000000e+00,1.377915631e-07,0.000000000e+00,-1.377915629e-07,1.977739876e-16,1.000000000e+00
2.200000000e-02,0.000000000e+00,0.000000000e+00,0.000000000e+00,0.000000000e+00,0.000000000e+00,-2.749748377e+00,9.998856263e-01,0.000000000e+00,0.000000000e+00,-1.512396203e-02,0.000000000e+00,-0.000000000e+00,-0.000000000e+00,0.000000000e+00,1.512223227e-07,0.000000000e+00,-1.512223225e-07,2.382077406e-16,1.000000000e+00
2.300000000e-02,0.000000000e+00,0.000000000e+00,0.000000000e+00,0.000000000e+00,0.000000000e+00,-2.874685754e+00,9.998633720e-01,0.000000000e+00,0.000000000e+00,-1.652989479e-02,0.000000000e+00,-0.000000000e+00,-0.000000000e+00,0.000000000e+00,1.652763637e-07,0.000000000e+00,-1.652763634e-07,2.845416339e-16,1.000000000e+00
2.400000000e-02,0.000000000e+00,0.000000000e+00,0.000000000e+00,0.000000000e+00,0.000000000e+00,-2.999611242e+00,9.998380184e-01,0.000000000e+00,0.000000000e+00,-1.799825056e-02,0.000000000e+00,-0.000000000e+00,-0.000000000e+00,0.000000000e+00,1.799533521e-07,0.000000000e+00,-1.799533517e-07,3.373217392e-16,1.000000000e+00
2.500000000e-02,0.000000000e+00,0.000000000e+00,0.000000000e+00,0.000000000e+00,0.000000000e+00,-3.124523223e+00,9.998092906e-01,0.000000000e+00,0.000000000e+00,-1.952901508e-02,0.000000000e+00,-0.000000000e+00,-0.000000000e+00,0.000000000e+00,1.952529075e-07,0.000000000e+00,-1.952529071e-07,3.971180036e-16,1.000000000e+00
2.600000000e-02,0.000000000e+00,0.000000000e+00,0.000000000e+00,0.000000000e+00,0.000000000e+00,-3.249419941e+00,9.997769020e-01,0.000000000e+00,0.000000000e+00,-2.112217217e-02,0.000000000e+00,-0.000000000e+00,-0.000000000e+00,0.000000000e+00,2.111745991e-07,0.000000000e+00,-2.111745986e-07,4.645237474e-16,1.000000000e+00
2.700000000e-02,0.000000000e+00,0.000000000e+00,0.000000000e+00,0.000000000e+00,0.000000000e+00,-3.374299491e+00,9.997405545e-01,0.000000000e+00,0.000000000e+00,-2.277770363e-02,0.000000000e+00,-0.000000000e+00,-0.000000000e+00,0.000000000e+00,2.277179411e-07,0.000000000e+00,-2.277179406e-07,5.401558751e-16,1.000000000e+00
2.800000000e-02,0.000000000e+00,0.000000000e+00,0.000000000e+00,0.000000000e+00,0.000000000e+00,-3.499159818e+00,9.996999380e-01,0.000000000e+00,0.000000000e+00,-2.449558900e-02,0.000000000e+00,-0.000000000e+00,-0.000000000e+00,0.000000000e+00,2.448823887e-07,0.000000000e+00,-2.448823880e-07,6.246542937e-16,1.000000000e+00
2.900000000e-02,0.000000000e+00,0.000000000e+00,0.000000000e+00,0.000000000e+00,0.000000000e+00,-3.623998710e+00,9.996547314e-01,0.000000000e+00,0.000000000e+00,-2.627580543e-02,0.000000000e+00,-0.000000000e+00,-0.000000000e+00,0.000000000e+00,2.626673329e-07,0.000000000e+00,-2.626673322e-07,7.186817801e-16,1.000000000e+00
3.000000000e-02,0.000000000e+00,0.000000000e+00,0.000000000e+00,0.000000000e+00,0.000000000e+00,-3.748813789e+00,9.996046017e-01,0.000000000e+00,0.000000000e+00,-2.811832751e-02,0.000000000e+00,-0.000000000e+00,-0.000000000e+00,0.000000000e+00,2.810720965e-07,0.000000000e+00,-2.810720957e-07,8.229242720e-16,1.000000000e+00
3.100000000e-02,0.000000000e+00,0.000000000e+00,0.000000000e+00,0.000000000e+00,0.000000000e+00,-3.873602512e+00,9.995492043e-01,0.000000000e+00,0.000000000e+00,-3.002312705e-02,0.000000000e+00,-0.000000000e+00,-0.000000000e+00,0.000000000e+00,3.000959285e-07,0.000000000e+00,-3.000959275e-07,9.380898891e-16,1.000000000e+00
3.200000000e-02,0.000000000e+00,0.000000000e+00,0.000000000e+00,0.000000000e+00,0.000000000e+00,-3.998362159e+00,9.994881834e-01,0.000000000e+00,0.000000000e+00,-3.199017290e-02,0.000000000e+00,-0.000000000e+00,-0.000000000e+00,0.000000000e+00,3.197379991e-07,0.000000000e+00,-3.197379980e-07,1.064909197e-15,1.000000000e+00
3.300000000e-02,0.000000000e+00,0.000000000e+00,0.000000000e+00,0.000000000e+00,0.000000000e+00,-4.123089830e+00,9.994211716e-01,0.000000000e+00,0.000000000e+00,-3.401943078e-02,0.000000000e+00,-0.000000000e+00,-0.000000000e+00,0.000000000e+00,3.399973949e-07,0.000000000e+00,-3.399973936e-07,1.204134626e-15,1.000000000e+00
3.400000000e-02,0.000000000e+00,0.000000000e+00,0.000000000e+00,0.000000000e+00,0.000000000e+00,-4.247782438e+00,9.993477901e-01,0.000000000e+00,0.000000000e+00,-3.611086301e-02,0.000000000e+00,-0.000000000e+00,-0.000000000e+00,0.000000000e+00,3.608731128e-07,0.000000000e+00,-3.608731115e-07,1.356540417e-15,1.000000000e+00
3.500000000e-02,0.000000000e+00,0.000000000e+00,0.000000000e+00,0.000000000e+00,0.000000000e+00,-4.372436707e+00,9.992676486e-01,0.000000000e+00,0.000000000e+00,-3.826442838e-02,0.000000000e+00,-0.000000000e+00,-0.000000000e+00,0.000000000e+00,3.823640552e-07,0.000000000e+00,-3.823640537e-07,1.522921670e-15,1.000000000e+00
3.600000000e-02,0.000000000e+00,0.000000000e+00,0.000000000e+00,0.000000000e+00,0.000000000e+00,-4.497049163e+00,9.991803456e-01,0.000000000e+00,0.000000000e+00,-4.048008186e-02,0.000000000e+00,-0.000000000e+00,-0.000000000e+00,0.000000000e+00,4.044690236e-07,0.000000000e+00,-4.044690219e-07,1.704094235e-15,1.000000000e+00
3.700000000e-02,0.000000000e+00,0.000000000e+00,0.000000000e+00,0.000000000e+00,0.000000000e+00,-4.621616129e+00,9.990854682e-01,0.000000000e+00,0.000000000e+00,-4.275777444e-02,0.000000000e+00,-0.000000000e+00,-0.000000000e+00,0.000000000e+00,4.271867129e-07,0.000000000e+00,-4.271867110e-07,1.900895194e-15,1.000000000e+00
3.800000000e-02,0.000000000e+00,0.000000000e+00,0.000000000e+00,0.000000000e+00,0.000000000e+00,-4.746133720e+00,9.989825923e-01,0.000000000e+00,0.000000000e+00,-4.509745285e-02,0.000000000e+00,-0.000000000e+00,-0.000000000e+00,0.000000000e+00,4.505157057e-07,0.000000000e+00,-4.505157036e-07,2.114181319e-15,1.000000000e+00
3.900000000e-02,0.000000000e+00,0.000000000e+00,0.000000000e+00,0.000000000e+00,0.000000000e+00,-4.870597837e+00,9.988712827e-01,0.000000000e+00,0.000000000e+00,-4.749905935e-02,0.000000000e+00,-0.000000000e+00,-0.000000000e+00,0.000000000e+00,4.744544657e-07,0.000000000e+00,-4.744544634e-07,2.344828073e-15,1.000000000e+00
4.000000000e-02,0.000000000e+00,0.000000000e+00,0.000000000e+00,0.000000000e+00,0.000000000e+00,-4.995004163e+00,9.987510928e-01,0.000000000e+00,0.000000000e+00,-4.996253148e-02,0.000000000e+00,-0.000000000e+00,-0.000000000e+00,0.000000000e+00,4.990013318e-07,0.000000000e+00,-4.990013292e-07,2.593731140e-15,1.000000000e+00
4.100000000e-02,0.000000000e+00,0.000000000e+00,0.000000000e+00,0.000000000e+00,0.000000000e+00,-5.119348158e+00,9.986215653e-01,0.000000000e+00,0.000000000e+00,-5.248780184e-02,0.000000000e+00,-0.000000000e+00,-0.000000000e+00,0.000000000e+00,5.241545112e-07,0.000000000e+00,-5.241545083e-07,2.861802986e-15,1.000000000e+00
4.200000000e-02,0.000000000e+00,0.000000000e+00,0.000000000e+00,0.000000000e+00,0.000000000e+00,-5.243625049e+00,9.984822315e-01,0.000000000e+00,0.000000000e+00,-5.507479780e-02,0.000000000e+00,-0.000000000e+00,-0.000000000e+00,0.000000000e+00,5.499120732e-07,0.000000000e+00,-5.499120700e-07,3.149975029e-15,1.000000000e+00
4.300000000e-02,0.000000000e+00,0.000000000e+00,0.000000000e+00,0.000000000e+00,0.000000000e+00,-5.367829833e+00,9.983326121e-01,0.000000000e+00,0.000000000e+00,-5.772344125e-02,0.000000000e+00,-0.000000000e+00,-0.000000000e+00,0.000000000e+00,5.762719423e-07,0.000000000e+00,-5.762719388e-07,3.459194571e-15,1.000000000e+00
4.400000000e-02,0.000000000e+00,0.000000000e+00,0.000000000e+00,0.000000000e+00,0.000000000e+00,-5.491957263e+00,9.981722167e-01,0.000000000e+00,0.000000000e+00,-6.043364839e-02,0.000000000e+00,-0.000000000e+00,-0.000000000e+00,0.000000000e+00,6.032318915e-07,0.000000000e+00,-6.032318877e-07,3.790426593e-15,1.000000000e+00
4.500000000e-02,0.000000000e+00,0.000000000e+00,0.000000000e+00,0.000000000e+00,0.000000000e+00,-5.616001849e+00,9.980005443e-01,0.000000000e+00,0.000000000e+00,-6.320532937e-02,0.000000000e+00,-0.000000000e+00,-0.000000000e+00,0.000000000e+00,6.307895353e-07,0.000000000e+00,-6.307895311e-07,4.144651007e-15,1.000000000e+00
4.600000000e-02,0.000000000e+00,0.000000000e+00,0.000000000e+00,0.000000000e+00,0.000000000e+00,-5.739957850e+00,9.978170831e-01,0.000000000e+00,0.000000000e+00,-6.603838811e-02,0.000000000e+00,-0.000000000e+00,-0.000000000e+00,0.000000000e+00,6.589423225e-07,0.000000000e+00,-6.589423179e-07,4.522861171e-15,1.000000000e+00
4.700000000e-02,0.000000000e+00,0.000000000e+00,0.000000000e+00,0.000000000e+00,0.000000000e+00,-5.863819273e+00,9.976213108e-01,0.000000000e+00,0.000000000e+00,-6.893272196e-02,0.000000000e+00,-0.000000000e+00,-0.000000000e+00,0.000000000e+00,6.876875293e-07,0.000000000e+00,-6.876875244e-07,4.926065689e-15,1.000000000e+00
4.800000000e-02,0.000000000e+00,0.000000000e+00,0.000000000e+00,0.000000000e+00,0.000000000e+00,-5.987579862e+00,9.974126947e-01,0.000000000e+00,0.000000000e+00,-7.188822144e-02,0.000000000e+00,-0.000000000e+00,-0.000000000e+00,0.000000000e+00,7.170222520e-07,0.000000000e+00,-7.170222466e-07,5.355284388e-15,1.000000000e+00
4.900000000e-02,0.000000000e+00,0.000000000e+00,0.000000000e+00,0.000000000e+00,0.000000000e+00,-6.111233097e+00,9.971906916e-01,0.000000000e+00,0.000000000e+00,-7.490476995e-02,0.000000000e+00,-0.000000000e+00,-0.000000000e+00,0.000000000e+00,7.469433993e-07,0.000000000e+00,-7.469433935e-07,5.811550861e-15,1.000000000e+00
5.000000000e-02,0.000000000e+00,0.000000000e+00,0.000000000e+00,0.000000000e+00,0.000000000e+00,-6.234772191e+00,9.969547481e-01,0.000000000e+00,0.000000000e+00,-7.798224350e-02,0.000000000e+00,-0.000000000e+00,-0.000000000e+00,0.000000000e+00,7.774476855e-07,0.000000000e+00,-7.774476792e-07,6.295907382e-15,1.000000000e+00
5.100000000e-02,0.000000000e+00,0.000000000e+00,0.000000000e+00,0.000000000e+00,0.000000000e+00,-6.358190082e+00,9.967043006e-01,0.000000000e+00,0.000000000e+00,-8.112051037e-02,0.000000000e+00,-0.000000000e+00,-0.000000000e+00,0.000000000e+00,8.085316224e-07,0.000000000e+00,-8.085316155e-07,6.809406601e-15,1.000000000e+00
5.200000000e-02,0.000000000e+00,0.000000000e+00,0.000000000e+00,0.000000000e+00,0.000000000e+00,-6.481479429e+00,9.964387756e-01,0.000000000e+00,0.000000000e+00,-8.431943086e-02,0.000000000e+00,-0.000000000e+00,-0.000000000e+00,0.000000000e+00,8.401915118e-07,0.000000000e+00,-8.401915044e-07,7.353110273e-15,1.000000000e+00
5.300000000e-02,0.000000000e+00,0.000000000e+00,0.000000000e+00,0.000000000e+00,0.000000000e+00,-6.604632610e+00,9.961575899e-01,0.000000000e+00,0.000000000e+00,-8.757885693e-02,0.000000000e+00,-0.000000000e+00,-0.000000000e+00,0.000000000e+00,8.724234384e-07,0.000000000e+00,-8.724234304e-07,7.928086297e-15,1.000000000e+00
5.400000000e-02,0.000000000e+00,0.000000000e+00,0.000000000e+00,0.000000000e+00,0.000000000e+00,-6.727641716e+00,9.958601502e-01,0.000000000e+00,0.000000000e+00,-9.089863196e-02,0.000000000e+00,-0.000000000e+00,-0.000000000e+00,0.000000000e+00,9.052232613e-07,0.000000000e+00,-9.052232528e-07,8.535408708e-15,1.000000000e+00
5.500000000e-02,0.000000000e+00,0.000000000e+00,0.000000000e+00,0.000000000e+00,0.000000000e+00,-6.850498548e+00,9.955458540e-01,0.000000000e+00,0.000000000e+00,-9.427859039e-02,0.000000000e+00,-0.000000000e+00,-0.000000000e+00,0.000000000e+00,9.385866070e-07,0.000000000e+00,-9.385865978e-07,9.176155781e-15,1.000000000e+00
5.600000000e-02,0.000000000e+00,0.000000000e+00,0.000000000e+00,0.000000000e+00,0.000000000e+00,-6.973194609e+00,9.952140893e-01,0.000000000e+00,0.000000000e+00,-9.771855742e-02,0.000000000e+00,-0.000000000e+00,-0.000000000e+00,0.000000000e+00,9.725088611e-07,0.000000000e+00,-9.725088513e-07,9.851409070e-15,1.000000000e+00
5.700000000e-02,0.000000000e+00,0.000000000e+00,0.000000000e+00,0.000000000e+00,0.000000000e+00,-7.095721108e+00,9.948642349e-01,0.000000000e+00,0.000000000e+00,-1.012183487e-01,0.000000000e+00,-0.000000000e+00,-0.000000000e+00,0.000000000e+00,1.006985161e-06,0.000000000e+00,-1.006985150e-06,1.056225013e-14,1.000000000e+00
5.800000000e-02,0.000000000e+00,0.000000000e+00,0.000000000e+00,0.000000000e+00,0.000000000e+00,-7.218068950e+00,9.944956606e-01,0.000000000e+00,0.000000000e+00,-1.047777700e-01,0.000000000e+00,-0.000000000e+00,-0.000000000e+00,0.000000000e+00,1.042010387e-06,0.000000000e+00,-1.042010376e-06,1.130976200e-14,1.000000000e+00
5.900000000e-02,0.000000000e+00,0.000000000e+00,0.000000000e+00,0.000000000e+00,0.000000000e+00,-7.340228733e+00,9.941077273e-01,0.000000000e+00,0.000000000e+00,-1.083966169e-01,0.000000000e+00,-0.000000000e+00,-0.000000000e+00,0.000000000e+00,1.077579157e-06,0.000000000e+00,-1.077579145e-06,1.209502380e-14,1.000000000e+00
6.000000000e-02,0.000000000e+00,0.000000000e+00,0.000000000e+00,0.000000000e+00,0.000000000e+00,-7.462190748e+00,9.936997873e-01,0.000000000e+00,0.000000000e+00,-1.120746745e-01,0.000000000e+00,-0.000000000e+00,-0.000000000e+00,0.000000000e+00,1.113685815e-06,0.000000000e+00,-1.113685802e-06,1.291911422e-14,1.000000000e+00
6.100000000e-02,0.000000000e+00,0.000000000e+00,0.000000000e+00,0.000000000e+00,0.000000000e+00,-7.583944974e+00,9.932711846e-01,0.000000000e+00,0.000000000e+00,-1.158117170e-01,0.000000000e+00,-0.000000000e+00,-0.000000000e+00,0.000000000e+00,1.150324427e-06,0.000000000e+00,-1.150324413e-06,1.378310308e-14,1.000000000e+00
6.200000000e-02,0.000000000e+00,0.000000000e+00,0.000000000e+00,0.000000000e+00,0.000000000e+00,-7.705481073e+00,9.928212549e-01,0.000000000e+00,0.000000000e+00,-1.196075075e-01,0.000000000e+00,-0.000000000e+00,-0.000000000e+00,0.000000000e+00,1.187488771e-06,0.000000000e+00,-1.187488757e-06,1.468805317e-14,1.000000000e+00
6.300000000e-02,0.000000000e+00,0.000000000e+00,0.000000000e+00,0.000000000e+00,0.000000000e+00,-7.826788391e+00,9.923493259e-01,0.000000000e+00,0.000000000e+00,-1.234617974e-01,0.000000000e+00,-0.000000000e+00,-0.000000000e+00,0.000000000e+00,1.225172330e-06,0.000000000e+00,-1.225172315e-06,1.563502034e-14,1.000000000e+00
6.400000000e-02,0.000000000e+00,0.000000000e+00,0.000000000e+00,0.000000000e+00,0.000000000e+00,-7.947855953e+00,9.918547176e-01,0.000000000e+00,0.000000000e+00,-1.273743267e-01,0.000000000e+00,-0.000000000e+00,-0.000000000e+00,0.000000000e+00,1.263368285e-06,0.000000000e+00,-1.263368268e-06,1.662504642e-14,1.000000000e+00
6.500000000e-02,0.000000000e+00,0.000000000e+00,0.000000000e+00,0.000000000e+00,0.000000000e+00,-8.068672461e+00,9.913367427e-01,0.000000000e+00,0.000000000e+00,-1.313448228e-01,0.000000000e+00,-0.000000000e+00,-0.000000000e+00,0.000000000e+00,1.302069506e-06,0.000000000e+00,-1.302069488e-06,1.765916100e-14,1.000000000e+00
6.600000000e-02,0.000000000e+00,0.000000000e+00,0.000000000e+00,0.000000000e+00,0.000000000e+00,-8.189226293e+00,9.907947066e-01,0.000000000e+00,0.000000000e+00,-1.353730009e-01,0.000000000e+00,-0.000000000e+00,-0.000000000e+00,0.000000000e+00,1.341268546e-06,0.000000000e+00,-1.341268527e-06,1.873837563e-14,1.000000000e+00
6.700000000e-02,0.000000000e+00,0.000000000e+00,0.000000000e+00,0.000000000e+00,0.000000000e+00,-8.309505499e+00,9.902279077e-01,0.000000000e+00,0.000000000e+00,-1.394585632e-01,0.000000000e+00,-0.000000000e+00,-0.000000000e+00,0.000000000e+00,1.380957633e-06,0.000000000e+00,-1.380957613e-06,1.986368875e-14,1.000000000e+00
6.800000000e-02,0.000000000e+00,0.000000000e+00,0.000000000e+00,0.000000000e+00,0.000000000e+00,-8.429497800e+00,9.896356378e-01,0.000000000e+00,0.000000000e+00,-1.436011991e-01,0.000000000e+00,-0.000000000e+00,-0.000000000e+00,0.000000000e+00,1.421128663e-06,0.000000000e+00,-1.421128642e-06,2.103607341e-14,1.000000000e+00
6.900000000e-02,0.000000000e+00,0.000000000e+00,0.000000000e+00,0.000000000e+00,0.000000000e+00,-8.549190589e+00,9.890171825e-01,0.000000000e+00,0.000000000e+00,-1.478005841e-01,0.000000000e+00,-0.000000000e+00,-0.000000000e+00,0.000000000e+00,1.461773194e-06,0.000000000e+00,-1.461773172e-06,2.225648039e-14,1.000000000e+00
7.000000000e-02,0.000000000e+00,0.000000000e+00,0.000000000e+00,0.000000000e+00,0.000000000e+00,-8.668570925e+00,9.883718214e-01,0.000000000e+00,0.000000000e+00,-1.520563802e-01,0.000000000e+00,-0.000000000e+00,-0.000000000e+00,0.000000000e+00,1.502882438e-06,0.000000000e+00,-1.502882414e-06,2.352583824e-14,1.000000000e+00
7.100000000e-02,0.000000000e+00,0.000000000e+00,0.000000000e+00,0.000000000e+00,0.000000000e+00,-8.787625538e+00,9.876988281e-01,0.000000000e+00,0.000000000e+00,-1.563682353e-01,0.000000000e+00,-0.000000000e+00,-0.000000000e+00,0.000000000e+00,1.544447252e-06,0.000000000e+00,-1.544447227e-06,2.484504632e-14,1.000000000e+00
7.200000000e-02,0.000000000e+00,0.000000000e+00,0.000000000e+00,0.000000000e+00,0.000000000e+00,-8.906340822e+00,9.869974712e-01,0.000000000e+00,0.000000000e+00,-1.607357827e-01,0.000000000e+00,-0.000000000e+00,-0.000000000e+00,0.000000000e+00,1.586458137e-06,0.000000000e+00,-1.586458111e-06,2.621497367e-14,1.000000000e+00
7.300000000e-02,0.000000000e+00,0.000000000e+00,0.000000000e+00,0.000000000e+00,0.000000000e+00,-9.024702841e+00,9.862670142e-01,0.000000000e+00,0.000000000e+00,-1.651586412e-01,0.000000000e+00,-0.000000000e+00,-0.000000000e+00,0.000000000e+00,1.628905227e-06,0.000000000e+00,-1.628905200e-06,2.763645335e-14,1.000000000e+00
7.400000000e-02,0.000000000e+00,0.000000000e+00,0.000000000e+00,0.000000000e+00,0.000000000e+00,-9.142697321e+00,9.855067158e-01,0.000000000e+00,0.000000000e+00,-1.696364145e-01,0.000000000e+00,-0.000000000e+00,-0.000000000e+00,0.000000000e+00,1.671778286e-06,0.000000000e+00,-1.671778257e-06,2.911028559e-14,1.000000000e+00
7.500000000e-02,0.000000000e+00,0.000000000e+00,0.000000000e+00,0.000000000e+00,0.000000000e+00,-9.260309660e+00,9.847158307e-01,0.000000000e+00,0.000000000e+00,-1.741686907e-01,0.000000000e+00,-0.000000000e+00,-0.000000000e+00,0.000000000e+00,1.715066700e-06,0.000000000e+00,-1.715066670e-06,3.063723168e-14,1.000000000e+00
7.600000000e-02,0.000000000e+00,0.000000000e+00,0.000000000e+00,0.000000000e+00,0.000000000e+00,-9.377524921e+00,9.838936095e-01,0.000000000e+00,0.000000000e+00,-1.787550426e-01,0.000000000e+00,-0.000000000e+00,-0.000000000e+00,0.000000000e+00,1.758759473e-06,0.000000000e+00,-1.758759441e-06,3.221801200e-14,1.000000000e+00
7.700000000e-02,0.000000000e+00,0.000000000e+00,0.000000000e+00,0.000000000e+00,0.000000000e+00,-9.494327833e+00,9.830392994e-01,0.000000000e+00,0.000000000e+00,-1.833950268e-01,0.000000000e+00,-0.000000000e+00,-0.000000000e+00,0.000000000e+00,1.802845220e-06,0.000000000e+00,-1.802845186e-06,3.385330058e-14,1.000000000e+00
7.800000000e-02,0.000000000e+00,0.000000000e+00,0.000000000e+00,0.000000000e+00,0.000000000e+00,-9.610702798e+00,9.821521446e-01,0.000000000e+00,0.000000000e+00,-1.880881837e-01,0.000000000e+00,-0.000000000e+00,-0.000000000e+00,0.000000000e+00,1.847312165e-06,0.000000000e+00,-1.847312130e-06,3.554372635e-14,1.000000000e+00
7.900000000e-02,0.000000000e+00,0.000000000e+00,0.000000000e+00,0.000000000e+00,0.000000000e+00,-9.726633886e+00,9.812313866e-01,0.000000000e+00,0.000000000e+00,-1.928340373e-01,0.000000000e+00,-0.000000000e+00,-0.000000000e+00,0.000000000e+00,1.892148135e-06,0.000000000e+00,-1.892148098e-06,3.728986720e-14,1.000000000e+00
8.000000000e-02,0.000000000e+00,0.000000000e+00,0.000000000e+00,0.000000000e+00,0.000000000e+00,-9.842104842e+00,9.802762647e-01,0.000000000e+00,0.000000000e+00,-1.976320946e-01,0.000000000e+00,-0.000000000e+00,-0.000000000e+00,0.000000000e+00,1.937340554e-06,0.000000000e+00,-1.937340515e-06,3.909225018e-14,1.000000000e+00
8.100000000e-02,0.000000000e+00,0.000000000e+00,0.000000000e+00,0.000000000e+00,0.000000000e+00,-9.957099083e+00,9.792860165e-01,0.000000000e+00,0.000000000e+00,-2.024818458e-01,0.000000000e+00,-0.000000000e+00,-0.000000000e+00,0.000000000e+00,1.982876443e-06,0.000000000e+00,-1.982876402e-06,4.095134435e-14,1.000000000e+00
8.200000000e-02,0.000000000e+00,0.000000000e+00,0.000000000e+00,0.000000000e+00,0.000000000e+00,-1.007159970e+01,9.782598783e-01,0.000000000e+00,0.000000000e+00,-2.073827634e-01,0.000000000e+00,-0.000000000e+00,-0.000000000e+00,0.000000000e+00,2.028742412e-06,0.000000000e+00,-2.028742369e-06,4.286755565e-14,1.000000000e+00
8.300000000e-02,0.000000000e+00,0.000000000e+00,0.000000000e+00,0.000000000e+00,0.000000000e+00,-1.018558948e+01,9.771970855e-01,0.000000000e+00,0.000000000e+00,-2.123343027e-01,0.000000000e+00,-0.000000000e+00,-0.000000000e+00,0.000000000e+00,2.074924662e-06,0.000000000e+00,-2.074924617e-06,4.484123601e-14,1.000000000e+00
8.400000000e-02,0.000000000e+00,0.000000000e+00,0.000000000e+00,0.000000000e+00,0.000000000e+00,-1.029905088e+01,9.760968734e-01,0.000000000e+00,0.000000000e+00,-2.173359008e-01,0.000000000e+00,-0.000000000e+00,-0.000000000e+00,0.000000000e+00,2.121408979e-06,0.000000000e+00,-2.121408932e-06,4.687267005e-14,1.000000000e+00
8.500000000e-02,0.000000000e+00,0.000000000e+00,0.000000000e+00,0.000000000e+00,0.000000000e+00,-1.041196603e+01,9.749584773e-01,0.000000000e+00,0.000000000e+00,-2.223869770e-01,0.000000000e+00,-0.000000000e+00,-0.000000000e+00,0.000000000e+00,2.168180733e-06,0.000000000e+00,-2.168180684e-06,4.896206909e-14,1.000000000e+00
8.600000000e-02,0.000000000e+00,0.000000000e+00,0.000000000e+00,0.000000000e+00,0.000000000e+00,-1.052431679e+01,9.737811334e-01,0.000000000e+00,0.000000000e+00,-2.274869321e-01,0.000000000e+00,-0.000000000e+00,-0.000000000e+00,0.000000000e+00,2.215224877e-06,0.000000000e+00,-2.215224826e-06,5.110957967e-14,1.000000000e+00
8.700000000e-02,0.000000000e+00,0.000000000e+00,0.000000000e+00,0.000000000e+00,0.000000000e+00,-1.063608467e+01,9.725640789e-01,0.000000000e+00,0.000000000e+00,-2.326351487e-01,0.000000000e+00,-0.000000000e+00,-0.000000000e+00,0.000000000e+00,2.262525944e-06,0.000000000e+00,-2.262525891e-06,5.331526956e-14,1.000000000e+00
8.800000000e-02,0.000000000e+00,0.000000000e+00,0.000000000e+00,0.000000000e+00,0.000000000e+00,-1.074725093e+01,9.713065531e-01,0.000000000e+00,0.000000000e+00,-2.378309903e-01,0.000000000e+00,-0.000000000e+00,-0.000000000e+00,0.000000000e+00,2.310068050e-06,0.000000000e+00,-2.310067994e-06,5.557913537e-14,1.000000000e+00
8.900000000e-02,0.000000000e+00,0.000000000e+00,0.000000000e+00,0.000000000e+00,0.000000000e+00,-1.085779648e+01,9.700077973e-01,0.000000000e+00,0.000000000e+00,-2.430738019e-01,0.000000000e+00,-0.000000000e+00,-0.000000000e+00,0.000000000e+00,2.357834889e-06,0.000000000e+00,-2.357834831e-06,5.790108688e-14,1.000000000e+00
9.000000000e-02,0.000000000e+00,0.000000000e+00,0.000000000e+00,0.000000000e+00,0.000000000e+00,-1.096770199e+01,9.686670560e-01,0.000000000e+00,0.000000000e+00,-2.483629091e-01,0.000000000e+00,-0.000000000e+00,-0.000000000e+00,0.000000000e+00,2.405809740e-06,0.000000000e+00,-2.405809680e-06,6.028095554e-14,1.000000000e+00
9.100000000e-02,0.000000000e+00,0.000000000e+00,0.000000000e+00,0.000000000e+00,0.000000000e+00,-1.107694782e+01,9.672835770e-01,0.000000000e+00,0.000000000e+00,-2.536976186e-01,0.000000000e+00,-0.000000000e+00,-0.000000000e+00,0.000000000e+00,2.453975462e-06,0.000000000e+00,-2.453975400e-06,6.271848809e-14,1.000000000e+00
9.200000000e-02,0.000000000e+00,0.000000000e+00,0.000000000e+00,0.000000000e+00,0.000000000e+00,-1.118551407e+01,9.658566122e-01,0.000000000e+00,0.000000000e+00,-2.590772174e-01,0.000000000e+00,-0.000000000e+00,-0.000000000e+00,0.000000000e+00,2.502314500e-06,0.000000000e+00,-2.502314435e-06,6.521334401e-14,1.000000000e+00
9.300000000e-02,0.000000000e+00,0.000000000e+00,0.000000000e+00,0.000000000e+00,0.000000000e+00,-1.129338055e+01,9.643854183e-01,0.000000000e+00,0.000000000e+00,-2.645009733e-01,0.000000000e+00,-0.000000000e+00,-0.000000000e+00,0.000000000e+00,2.550808886e-06,0.000000000e+00,-2.550808818e-06,6.776508836e-14,1.000000000e+00
9.400000000e-02,0.000000000e+00,0.000000000e+00,0.000000000e+00,0.000000000e+00,0.000000000e+00,-1.140052683e+01,9.628692572e-01,0.000000000e+00,0.000000000e+00,-2.699681344e-01,0.000000000e+00,-0.000000000e+00,-0.000000000e+00,0.000000000e+00,2.599440241e-06,0.000000000e+00,-2.599440171e-06,7.037319556e-14,1.000000000e+00
9.500000000e-02,0.000000000e+00,0.000000000e+00,0.000000000e+00,0.000000000e+00,0.000000000e+00,-1.150693222e+01,9.613073965e-01,0.000000000e+00,0.000000000e+00,-2.754779291e-01,0.000000000e+00,-0.000000000e+00,-0.000000000e+00,0.000000000e+00,2.648189781e-06,0.000000000e+00,-2.648189708e-06,7.303704049e-14,1.000000000e+00
9.600000000e-02,0.000000000e+00,0.000000000e+00,0.000000000e+00,0.000000000e+00,0.000000000e+00,-1.161257577e+01,9.596991107e-01,0.000000000e+00,0.000000000e+00,-2.810295658e-01,0.000000000e+00,-0.000000000e+00,-0.000000000e+00,0.000000000e+00,2.697038319e-06,0.000000000e+00,-2.697038244e-06,7.575590698e-14,1.000000000e+00
9.700000000e-02,0.000000000e+00,0.000000000e+00,0.000000000e+00,0.000000000e+00,0.000000000e+00,-1.171743631e+01,9.580436813e-01,0.000000000e+00,0.000000000e+00,-2.866222333e-01,0.000000000e+00,-0.000000000e+00,-0.000000000e+00,0.000000000e+00,2.745966274e-06,0.000000000e+00,-2.745966196e-06,7.852897172e-14,1.000000000e+00
9.800000000e-02,0.000000000e+00,0.000000000e+00,0.000000000e+00,0.000000000e+00,0.000000000e+00,-1.182149244e+01,9.563403977e-01,0.000000000e+00,0.000000000e+00,-2.922551006e-01,0.000000000e+00,-0.000000000e+00,-0.000000000e+00,0.000000000e+00,2.794953672e-06,0.000000000e+00,-2.794953591e-06,8.135531484e-14,1.000000000e+00
9.900000000e-02,0.000000000e+00,0.000000000e+00,0.000000000e+00,0.000000000e+00,0.000000000e+00,-1.192472255e+01,9.545885575e-01,0.000000000e+00,0.000000000e+00,-2.979273164e-01,0.000000000e+00,-0.000000000e+00,-0.000000000e+00,0.000000000e+00,2.843980157e-06,0.000000000e+00,-2.843980072e-06,8.423391057e-14,1.000000000e+00
1.000000000e-01,0.000000000e+00,0.000000000e+00,0.000000000e+00,0.000000000e+00,0.000000000e+00,-1.202710479e+01,9.527874679e-01,0.000000000e+00,0.000000000e+00,-3.036380100e-01,0.000000000e+00,-0.000000000e+00,-0.000000000e+00,0.000000000e+00,2.893024994e-06,0.000000000e+00,-2.893024906e-06,8.716362432e-14,1.000000000e+00
1.010000000e-01,0.000000000e+00,0.000000000e+00,0.000000000e+00,0.000000000e+00,0.000000000e+00,-1.212861715e+01,9.509364455e-01,0.000000000e+00,0.000000000e+00,-3.093862902e-01,0.000000000e+00,-0.000000000e+00,-0.000000000e+00,0.000000000e+00,2.942067081e-06,0.000000000e+00,-2.942066991e-06,9.014321856e-14,1.000000000e+00
1.020000000e-01,0.000000000e+00,0.000000000e+00,0.000000000e+00,0.000000000e+00,0.000000000e+00,-1.222923742e+01,9.490348178e-01,0.000000000e+00,0.000000000e+00,-3.151712464e-01,0.000000000e+00,-0.000000000e+00,-0.000000000e+00,0.000000000e+00,2.991084958e-06,0.000000000e+00,-2.991084864e-06,9.317134483e-14,1.000000000e+00
1.030000000e-01,0.000000000e+00,0.000000000e+00,0.000000000e+00,0.000000000e+00,0.000000000e+00,-1.232894321e+01,9.470819232e-01,0.000000000e+00,0.000000000e+00,-3.209919481e-01,0.000000000e+00,-0.000000000e+00,-0.000000000e+00,0.000000000e+00,3.040056812e-06,0.000000000e+00,-3.040056715e-06,9.624654157e-14,1.000000000e+00
1.040000000e-01,0.000000000e+00,0.000000000e+00,0.000000000e+00,0.000000000e+00,0.000000000e+00,-1.242771196e+01,9.450771121e-01,0.000000000e+00,0.000000000e+00,-3.268474449e-01,0.000000000e+00,-0.000000000e+00,-0.000000000e+00,0.000000000e+00,3.088960493e-06,0.000000000e+00,-3.088960393e-06,9.936724685e-14,1.000000000e+00
1.050000000e-01,0.000000000e+00,0.000000000e+00,0.000000000e+00,0.000000000e+00,0.000000000e+00,-1.252552099e+01,9.430197474e-01,0.000000000e+00,0.000000000e+00,-3.327367669e-01,0.000000000e+00,-0.000000000e+00,-0.000000000e+00,0.000000000e+00,3.137773521e-06,0.000000000e+00,-3.137773419e-06,1.025317763e-13,1.000000000e+00
1.060000000e-01,0.000000000e+00,0.000000000e+00,0.000000000e+00,0.000000000e+00,0.000000000e+00,-1.262234745e+01,9.409092053e-01,0.000000000e+00,0.000000000e+00,-3.386589247e-01,0.000000000e+00,-0.000000000e+00,-0.000000000e+00,0.000000000e+00,3.186473103e-06,0.000000000e+00,-3.186472997e-06,1.057383386e-13,1.000000000e+00
1.070000000e-01,0.000000000e+00,0.000000000e+00,0.000000000e+00,0.000000000e+00,0.000000000e+00,-1.271816838e+01,9.387448762e-01,0.000000000e+00,0.000000000e+00,-3.446129096e-01,0.000000000e+00,-0.000000000e+00,-0.000000000e+00,0.000000000e+00,3.235036140e-06,0.000000000e+00,-3.235036031e-06,1.089850328e-13,1.000000000e+00
1.080000000e-01,0.000000000e+00,0.000000000e+00,0.000000000e+00,0.000000000e+00,0.000000000e+00,-1.281296071e+01,9.365261648e-01,0.000000000e+00,0.000000000e+00,-3.505976935e-01,0.000000000e+00,-0.000000000e+00,-0.000000000e+00,0.000000000e+00,3.283439245e-06,0.000000000e+00,-3.283439133e-06,1.122698367e-13,1.000000000e+00
1.090000000e-01,0.000000000e+00,0.000000000e+00,0.000000000e+00,0.000000000e+00,0.000000000e+00,-1.290670127e+01,9.342524914e-01,0.000000000e+00,0.000000000e+00,-3.566122296e-01,0.000000000e+00,-0.000000000e+00,-0.000000000e+00,0.000000000e+00,3.331658755e-06,0.000000000e+00,-3.331658640e-06,1.155906260e-13,1.000000000e+00
1.100000000e-01,0.000000000e+00,0.000000000e+00,0.000000000e+00,0.000000000e+00,0.000000000e+00,-1.299936681e+01,9.319232925e-01,0.000000000e+00,0.000000000e+00,-3.626554522e-01,0.000000000e+00,-0.000000000e+00,-0.000000000e+00,0.000000000e+00,3.379670749e-06,0.000000000e+00,-3.379670630e-06,1.189451619e-13,1.000000000e+00
1.110000000e-01,0.000000000e+00,0.000000000e+00,0.000000000e+00,0.000000000e+00,0.000000000e+00,-1.309093400e+01,9.295380211e-01,0.000000000e+00,0.000000000e+00,-3.687262770e-01,0.000000000e+00,-0.000000000e+00,-0.000000000e+00,0.000000000e+00,3.427451061e-06,0.000000000e+00,-3.427450938e-06,1.223310910e-13,1.000000000e+00
1.120000000e-01,0.000000000e+00,0.000000000e+00,0.000000000e+00,0.000000000e+00,0.000000000e+00,-1.318137948e+01,9.270961480e-01,0.000000000e+00,0.000000000e+00,-3.748236017e-01,0.000000000e+00,-0.000000000e+00,-0.000000000e+00,0.000000000e+00,3.474975299e-06,0.000000000e+00,-3.474975173e-06,1.257459577e-13,1.000000000e+00
1.130000000e-01,0.000000000e+00,0.000000000e+00,0.000000000e+00,0.000000000e+00,0.000000000e+00,-1.327067983e+01,9.245971621e-01,0.000000000e+00,0.000000000e+00,-3.809463058e-01,0.000000000e+00,-0.000000000e+00,-0.000000000e+00,0.000000000e+00,3.522218862e-06,0.000000000e+00,-3.522218733e-06,1.291871904e-13,1.000000000e+00
1.140000000e-01,0.000000000e+00,0.000000000e+00,0.000000000e+00,0.000000000e+00,0.000000000e+00,-1.335881162e+01,9.220405711e-01,0.000000000e+00,0.000000000e+00,-3.870932515e-01,0.000000000e+00,-0.000000000e+00,-0.000000000e+00,0.000000000e+00,3.569156959e-06,0.000000000e+00,-3.569156826e-06,1.326521163e-13,1.000000000e+00
1.150000000e-01,0.000000000e+00,0.000000000e+00,0.000000000e+00,0.000000000e+00,0.000000000e+00,-1.344575142e+01,9.194259024e-01,0.000000000e+00,0.000000000e+00,-3.932632833e-01,0.000000000e+00,-0.000000000e+00,-0.000000000e+00,0.000000000e+00,3.615764627e-06,0.000000000e+00,-3.615764491e-06,1.361379559e-13,1.000000000e+00
1.160000000e-01,0.000000000e+00,0.000000000e+00,0.000000000e+00,0.000000000e+00,0.000000000e+00,-1.353147581e+01,9.167527038e-01,0.000000000e+00,0.000000000e+00,-3.994552292e-01,0.000000000e+00,-0.000000000e+00,-0.000000000e+00,0.000000000e+00,3.662016753e-06,0.000000000e+00,-3.662016614e-06,1.396418309e-13,1.000000000e+00
1.170000000e-01,0.000000000e+00,0.000000000e+00,0.000000000e+00,0.000000000e+00,0.000000000e+00,-1.361596139e+01,9.140205438e-01,0.000000000e+00,0.000000000e+00,-4.056679005e-01,0.000000000e+00,-0.000000000e+00,-0.000000000e+00,0.000000000e+00,3.707888093e-06,0.000000000e+00,-3.707887950e-06,1.431607624e-13,1.000000000e+00
1.180000000e-01,0.000000000e+00,0.000000000e+00,0.000000000e+00,0.000000000e+00,0.000000000e+00,-1.369918482e+01,9.112290128e-01,0.000000000e+00,0.000000000e+00,-4.119000924e-01,0.000000000e+00,-0.000000000e+00,-0.000000000e+00,0.000000000e+00,3.753353293e-06,0.000000000e+00,-3.753353146e-06,1.466916696e-13,1.000000000e+00
1.190000000e-01,0.000000000e+00,0.000000000e+00,0.000000000e+00,0.000000000e+00,0.000000000e+00,-1.378112280e+01,9.083777234e-01,0.000000000e+00,0.000000000e+00,-4.181505848e-01,0.000000000e+00,-0.000000000e+00,-0.000000000e+00,0.000000000e+00,3.798386913e-06,0.000000000e+00,-3.798386763e-06,1.502313894e-13,1.000000000e+00
1.200000000e-01,0.000000000e+00,0.000000000e+00,0.000000000e+00,0.000000000e+00,0.000000000e+00,-1.386175214e+01,9.054663112e-01,0.000000000e+00,0.000000000e+00,-4.244181421e-01,0.000000000e+00,-0.000000000e+00,-0.000000000e+00,0.000000000e+00,3.842963449e-06,0.000000000e+00,-3.842963295e-06,1.537766615e-13,1.000000000e+00
1.210000000e-01,0.000000000e+00,0.000000000e+00,0.000000000e+00,0.000000000e+00,0.000000000e+00,-1.394104974e+01,9.024944352e-01,0.000000000e+00,0.000000000e+00,-4.307015143e-01,0.000000000e+00,-0.000000000e+00,-0.000000000e+00,0.000000000e+00,3.887057356e-06,0.000000000e+00,-3.887057199e-06,1.573241430e-13,1.000000000e+00
1.220000000e-01,0.000000000e+00,0.000000000e+00,0.000000000e+00,0.000000000e+00,0.000000000e+00,-1.401899261e+01,8.994617790e-01,0.000000000e+00,0.000000000e+00,-4.369994372e-01,0.000000000e+00,-0.000000000e+00,-0.000000000e+00,0.000000000e+00,3.930643073e-06,0.000000000e+00,-3.930642912e-06,1.608704066e-13,1.000000000e+00
1.230000000e-01,0.000000000e+00,0.000000000e+00,0.000000000e+00,0.000000000e+00,0.000000000e+00,-1.409555789e+01,8.963680508e-01,0.000000000e+00,0.000000000e+00,-4.433106332e-01,0.000000000e+00,-0.000000000e+00,-0.000000000e+00,0.000000000e+00,3.973695046e-06,0.000000000e+00,-3.973694882e-06,1.644119580e-13,1.000000000e+00
1.240000000e-01,0.000000000e+00,0.000000000e+00,0.000000000e+00,0.000000000e+00,0.000000000e+00,-1.417072291e+01,8.932129844e-01,0.000000000e+00,0.000000000e+00,-4.496338116e-01,0.000000000e+00,-0.000000000e+00,-0.000000000e+00,0.000000000e+00,4.016187756e-06,0.000000000e+00,-4.016187588e-06,1.679452213e-13,1.000000000e+00
1.250000000e-01,0.000000000e+00,0.000000000e+00,0.000000000e+00,0.000000000e+00,0.000000000e+00,-1.424446514e+01,8.899963395e-01,0.000000000e+00,0.000000000e+00,-4.559676695e-01,0.000000000e+00,-0.000000000e+00,-0.000000000e+00,0.000000000e+00,4.058095740e-06,0.000000000e+00,-4.058095568e-06,1.714665558e-13,1.000000000e+00
1.260000000e-01,0.000000000e+00,0.000000000e+00,0.000000000e+00,0.000000000e+00,0.000000000e+00,-1.431676224e+01,8.867179026e-01,0.000000000e+00,0.000000000e+00,-4.623108923e-01,0.000000000e+00,-0.000000000e+00,-0.000000000e+00,0.000000000e+00,4.099393623e-06,0.000000000e+00,-4.099393448e-06,1.749722617e-13,1.000000000e+00
1.270000000e-01,0.000000000e+00,0.000000000e+00,0.000000000e+00,0.000000000e+00,0.000000000e+00,-1.438759212e+01,8.833774874e-01,0.000000000e+00,0.000000000e+00,-4.686621542e-01,0.000000000e+00,-0.000000000e+00,-0.000000000e+00,0.000000000e+00,4.140056140e-06,0.000000000e+00,-4.140055962e-06,1.784585892e-13,1.000000000e+00
1.280000000e-01,0.000000000e+00,0.000000000e+00,0.000000000e+00,0.000000000e+00,0.000000000e+00,-1.445693288e+01,8.799749351e-01,0.000000000e+00,0.000000000e+00,-4.750201192e-01,0.000000000e+00,-0.000000000e+00,-0.000000000e+00,0.000000000e+00,4.180058167e-06,0.000000000e+00,-4.180057985e-06,1.819217266e-13,1.000000000e+00
1.290000000e-01,0.000000000e+00,0.000000000e+00,0.000000000e+00,0.000000000e+00,0.000000000e+00,-1.452476290e+01,8.765101153e-01,0.000000000e+00,0.000000000e+00,-4.813834415e-01,0.000000000e+00,-0.000000000e+00,-0.000000000e+00,0.000000000e+00,4.219374744e-06,0.000000000e+00,-4.219374558e-06,1.853578368e-13,1.000000000e+00
1.300000000e-01,0.000000000e+00,0.000000000e+00,0.000000000e+00,0.000000000e+00,0.000000000e+00,-1.459106080e+01,8.729829263e-01,0.000000000e+00,0.000000000e+00,-4.877507667e-01,0.000000000e+00,-0.000000000e+00,-0.000000000e+00,0.000000000e+00,4.257981105e-06,0.000000000e+00,-4.257980916e-06,1.887630372e-13,1.000000000e+00
1.310000000e-01,0.000000000e+00,0.000000000e+00,0.000000000e+00,0.000000000e+00,0.000000000e+00,-1.465580552e+01,8.693932956e-01,0.000000000e+00,0.000000000e+00,-4.941207318e-01,0.000000000e+00,-0.000000000e+00,-0.000000000e+00,0.000000000e+00,4.295852707e-06,0.000000000e+00,-4.295852514e-06,1.921334118e-13,1.000000000e+00
1.320000000e-01,0.000000000e+00,0.000000000e+00,0.000000000e+00,0.000000000e+00,0.000000000e+00,-1.471897628e+01,8.657411803e-01,0.000000000e+00,0.000000000e+00,-5.004919667e-01,0.000000000e+00,-0.000000000e+00,-0.000000000e+00,0.000000000e+00,4.332965255e-06,0.000000000e+00,-4.332965060e-06,1.954650371e-13,1.000000000e+00
1.330000000e-01,0.000000000e+00,0.000000000e+00,0.000000000e+00,0.000000000e+00,0.000000000e+00,-1.478055266e+01,8.620265676e-01,0.000000000e+00,0.000000000e+00,-5.068630946e-01,0.000000000e+00,-0.000000000e+00,-0.000000000e+00,0.000000000e+00,4.369294736e-06,0.000000000e+00,-4.369294537e-06,1.987539653e-13,1.000000000e+00
1.340000000e-01,0.000000000e+00,0.000000000e+00,0.000000000e+00,0.000000000e+00,0.000000000e+00,-1.484051455e+01,8.582494753e-01,0.000000000e+00,0.000000000e+00,-5.132327329e-01,0.000000000e+00,-0.000000000e+00,-0.000000000e+00,0.000000000e+00,4.404817439e-06,0.000000000e+00,-4.404817237e-06,2.019962388e-13,1.000000000e+00
1.350000000e-01,0.000000000e+00,0.000000000e+00,0.000000000e+00,0.000000000e+00,0.000000000e+00,-1.489884222e+01,8.544099519e-01,0.000000000e+00,0.000000000e+00,-5.195994940e-01,0.000000000e+00,-0.000000000e+00,-0.000000000e+00,0.000000000e+00,4.439509992e-06,0.000000000e+00,-4.439509787e-06,2.051879039e-13,1.000000000e+00
1.360000000e-01,0.000000000e+00,0.000000000e+00,0.000000000e+00,0.000000000e+00,0.000000000e+00,-1.495551635e+01,8.505080770e-01,0.000000000e+00,0.000000000e+00,-5.259619863e-01,0.000000000e+00,-0.000000000e+00,-0.000000000e+00,0.000000000e+00,4.473349384e-06,0.000000000e+00,-4.473349175e-06,2.083250183e-13,1.000000000e+00
1.370000000e-01,0.000000000e+00,0.000000000e+00,0.000000000e+00,0.000000000e+00,0.000000000e+00,-1.501051797e+01,8.465439619e-01,0.000000000e+00,0.000000000e+00,-5.323188148e-01,0.000000000e+00,-0.000000000e+00,-0.000000000e+00,0.000000000e+00,4.506312996e-06,0.000000000e+00,-4.506312785e-06,2.114036620e-13,1.000000000e+00
1.380000000e-01,0.000000000e+00,0.000000000e+00,0.000000000e+00,0.000000000e+00,0.000000000e+00,-1.506382858e+01,8.425177496e-01,0.000000000e+00,0.000000000e+00,-5.386685824e-01,0.000000000e+00,-0.000000000e+00,-0.000000000e+00,0.000000000e+00,4.538378632e-06,0.000000000e+00,-4.538378418e-06,2.144199277e-13,1.000000000e+00
1.390000000e-01,0.000000000e+00,0.000000000e+00,0.000000000e+00,0.000000000e+00,0.000000000e+00,-1.511543010e+01,8.384296152e-01,0.000000000e+00,0.000000000e+00,-5.450098902e-01,0.000000000e+00,-0.000000000e+00,-0.000000000e+00,0.000000000e+00,4.569524542e-06,0.000000000e+00,-4.569524325e-06,2.173699495e-13,1.000000000e+00
1.400000000e-01,0.000000000e+00,0.000000000e+00,0.000000000e+00,0.000000000e+00,0.000000000e+00,-1.516530490e+01,8.342797660e-01,0.000000000e+00,0.000000000e+00,-5.513413390e-01,0.000000000e+00,-0.000000000e+00,-0.000000000e+00,0.000000000e+00,4.599729453e-06,0.000000000e+00,-4.599729233e-06,2.202498946e-13,1.000000000e+00
1.410000000e-01,0.000000000e+00,0.000000000e+00,0.000000000e+00,0.000000000e+00,0.000000000e+00,-1.521343583e+01,8.300684418e-01,0.000000000e+00,0.000000000e+00,-5.576615299e-01,0.000000000e+00,-0.000000000e+00,-0.000000000e+00,0.000000000e+00,4.628972595e-06,0.000000000e+00,-4.628972372e-06,2.230559851e-13,1.000000000e+00
1.420000000e-01,0.000000000e+00,0.000000000e+00,0.000000000e+00,0.000000000e+00,0.000000000e+00,-1.525980624e+01,8.257959152e-01,0.000000000e+00,0.000000000e+00,-5.639690652e-01,0.000000000e+00,-0.000000000e+00,-0.000000000e+00,0.000000000e+00,4.657233729e-06,0.000000000e+00,-4.657233503e-06,2.257845095e-13,1.000000000e+00
1.430000000e-01,0.000000000e+00,0.000000000e+00,0.000000000e+00,0.000000000e+00,0.000000000e+00,-1.530439998e+01,8.214624912e-01,0.000000000e+00,0.000000000e+00,-5.702625497e-01,0.000000000e+00,-0.000000000e+00,-0.000000000e+00,0.000000000e+00,4.684493175e-06,0.000000000e+00,-4.684492947e-06,2.284318153e-13,1.000000000e+00
1.440000000e-01,0.000000000e+00,0.000000000e+00,0.000000000e+00,0.000000000e+00,0.000000000e+00,-1.534720143e+01,8.170685080e-01,0.000000000e+00,0.000000000e+00,-5.765405911e-01,0.000000000e+00,-0.000000000e+00,-0.000000000e+00,0.000000000e+00,4.710731837e-06,0.000000000e+00,-4.710731606e-06,2.309943144e-13,1.000000000e+00
1.450000000e-01,0.000000000e+00,0.000000000e+00,0.000000000e+00,0.000000000e+00,0.000000000e+00,-1.538819552e+01,8.126143366e-01,0.000000000e+00,0.000000000e+00,-5.828018015e-01,0.000000000e+00,-0.000000000e+00,-0.000000000e+00,0.000000000e+00,4.735931227e-06,0.000000000e+00,-4.735930994e-06,2.334685146e-13,1.000000000e+00
1.460000000e-01,0.000000000e+00,0.000000000e+00,0.000000000e+00,0.000000000e+00,0.000000000e+00,-1.542736772e+01,8.081003810e-01,0.000000000e+00,0.000000000e+00,-5.890447982e-01,0.000000000e+00,-0.000000000e+00,-0.000000000e+00,0.000000000e+00,4.760073494e-06,0.000000000e+00,-4.760073258e-06,2.358510099e-13,1.000000000e+00
1.470000000e-01,0.000000000e+00,0.000000000e+00,0.000000000e+00,0.000000000e+00,0.000000000e+00,-1.546470408e+01,8.035270780e-01,0.000000000e+00,0.000000000e+00,-5.952682042e-01,0.000000000e+00,-0.000000000e+00,-0.000000000e+00,0.000000000e+00,4.783141446e-06,0.000000000e+00,-4.783141208e-06,2.381385020e-13,1.000000000e+00
1.480000000e-01,0.000000000e+00,0.000000000e+00,0.000000000e+00,0.000000000e+00,0.000000000e+00,-1.550019125e+01,7.988948974e-01,0.000000000e+00,0.000000000e+00,-6.014706501e-01,0.000000000e+00,-0.000000000e+00,-0.000000000e+00,0.000000000e+00,4.805118573e-06,0.000000000e+00,-4.805118333e-06,2.403277865e-13,1.000000000e+00
1.490000000e-01,0.000000000e+00,0.000000000e+00,0.000000000e+00,0.000000000e+00,0.000000000e+00,-1.553381646e+01,7.942043418e-01,0.000000000e+00,0.000000000e+00,-6.076507743e-01,0.000000000e+00,-0.000000000e+00,-0.000000000e+00,0.000000000e+00,4.825989075e-06,0.000000000e+00,-4.825988832e-06,2.424157871e-13,1.000000000e+00
1.500000000e-01,0.000000000e+00,0.000000000e+00,0.000000000e+00,0.000000000e+00,0.000000000e+00,-1.556556757e+01,7.894559466e-01,0.000000000e+00,0.000000000e+00,-6.138072241e-01,0.000000000e+00,-0.000000000e+00,-0.000000000e+00,0.000000000e+00,4.845737876e-06,0.000000000e+00,-4.845737632e-06,2.443995332e-13,1.000000000e+00
1.510000000e-01,0.000000000e+00,0.000000000e+00,0.000000000e+00,0.000000000e+00,0.000000000e+00,-1.559543307e+01,7.846502796e-01,0.000000000e+00,0.000000000e+00,-6.199386572e-01,0.000000000e+00,-0.000000000e+00,-0.000000000e+00,0.000000000e+00,4.864350653e-06,0.000000000e+00,-4.864350407e-06,2.462761991e-13,1.000000000e+00
1.520000000e-01,0.000000000e+00,0.000000000e+00,0.000000000e+00,0.000000000e+00,0.000000000e+00,-1.562340208e+01,7.797879412e-01,0.000000000e+00,0.000000000e+00,-6.260437419e-01,0.000000000e+00,-0.000000000e+00,-0.000000000e+00,0.000000000e+00,4.881813854e-06,0.000000000e+00,-4.881813606e-06,2.480430827e-13,1.000000000e+00
1.530000000e-01,0.000000000e+00,0.000000000e+00,0.000000000e+00,0.000000000e+00,0.000000000e+00,-1.564946439e+01,7.748695637e-01,0.000000000e+00,0.000000000e+00,-6.321211587e-01,0.000000000e+00,-0.000000000e+00,-0.000000000e+00,0.000000000e+00,4.898114714e-06,0.000000000e+00,-4.898114464e-06,2.496976277e-13,1.000000000e+00
1.540000000e-01,0.000000000e+00,0.000000000e+00,0.000000000e+00,0.000000000e+00,0.000000000e+00,-1.567361043e+01,7.698958114e-01,0.000000000e+00,0.000000000e+00,-6.381696010e-01,0.000000000e+00,-0.000000000e+00,-0.000000000e+00,0.000000000e+00,4.913241279e-06,0.000000000e+00,-4.913241028e-06,2.512374388e-13,1.000000000e+00
1.550000000e-01,0.000000000e+00,0.000000000e+00,0.000000000e+00,0.000000000e+00,0.000000000e+00,-1.569583132e+01,7.648673802e-01,0.000000000e+00,0.000000000e+00,-6.441877760e-01,0.000000000e+00,-0.000000000e+00,-0.000000000e+00,0.000000000e+00,4.927182418e-06,0.000000000e+00,-4.927182166e-06,2.526602618e-13,1.000000000e+00
1.560000000e-01,0.000000000e+00,0.000000000e+00,0.000000000e+00,0.000000000e+00,0.000000000e+00,-1.571611887e+01,7.597849973e-01,0.000000000e+00,0.000000000e+00,-6.501744058e-01,0.000000000e+00,-0.000000000e+00,-0.000000000e+00,0.000000000e+00,4.939927845e-06,0.000000000e+00,-4.939927591e-06,2.539640158e-13,1.000000000e+00
1.570000000e-01,0.000000000e+00,0.000000000e+00,0.000000000e+00,0.000000000e+00,0.000000000e+00,-1.573446556e+01,7.546494208e-01,0.000000000e+00,0.000000000e+00,-6.561282281e-01,0.000000000e+00,-0.000000000e+00,-0.000000000e+00,0.000000000e+00,4.951468128e-06,0.000000000e+00,-4.951467873e-06,2.551467694e-13,1.000000000e+00
1.580000000e-01,0.000000000e+00,0.000000000e+00,0.000000000e+00,0.000000000e+00,0.000000000e+00,-1.575086459e+01,7.494614393e-01,0.000000000e+00,0.000000000e+00,-6.620479976e-01,0.000000000e+00,-0.000000000e+00,-0.000000000e+00,0.000000000e+00,4.961794707e-06,0.000000000e+00,-4.961794451e-06,2.562067812e-13,1.000000000e+00
1.590000000e-01,0.000000000e+00,0.000000000e+00,0.000000000e+00,0.000000000e+00,0.000000000e+00,-1.576530987e+01,7.442218714e-01,0.000000000e+00,0.000000000e+00,-6.679324863e-01,0.000000000e+00,-0.000000000e+00,-0.000000000e+00,0.000000000e+00,4.970899906e-06,0.000000000e+00,-4.970899649e-06,2.571424773e-13,1.000000000e+00
1.600000000e-01,0.000000000e+00,0.000000000e+00,0.000000000e+00,0.000000000e+00,0.000000000e+00,-1.577779601e+01,7.389315654e-01,0.000000000e+00,0.000000000e+00,-6.737804848e-01,0.000000000e+00,-0.000000000e+00,-0.000000000e+00,0.000000000e+00,4.978776941e-06,0.000000000e+00,-4.978776684e-06,2.579524618e-13,1.000000000e+00
1.610000000e-01,0.000000000e+00,0.000000000e+00,0.000000000e+00,0.000000000e+00,0.000000000e+00,-1.578831837e+01,7.335913987e-01,0.000000000e+00,0.000000000e+00,-6.795908032e-01,0.000000000e+00,-0.000000000e+00,-0.000000000e+00,0.000000000e+00,4.985419937e-06,0.000000000e+00,-4.985419678e-06,2.586355194e-13,1.000000000e+00
1.620000000e-01,0.000000000e+00,0.000000000e+00,0.000000000e+00,0.000000000e+00,0.000000000e+00,-1.579687300e+01,7.282022772e-01,0.000000000e+00,0.000000000e+00,-6.853622717e-01,0.000000000e+00,-0.000000000e+00,-0.000000000e+00,0.000000000e+00,4.990823929e-06,0.000000000e+00,-4.990823670e-06,2.591906360e-13,1.000000000e+00
1.630000000e-01,0.000000000e+00,0.000000000e+00,0.000000000e+00,0.000000000e+00,0.000000000e+00,-1.580345670e+01,7.227651350e-01,0.000000000e+00,0.000000000e+00,-6.910937416e-01,0.000000000e+00,-0.000000000e+00,-0.000000000e+00,0.000000000e+00,4.994984874e-06,0.000000000e+00,-4.994984614e-06,2.596169722e-13,1.000000000e+00
1.640000000e-01,0.000000000e+00,0.000000000e+00,0.000000000e+00,0.000000000e+00,0.000000000e+00,-1.580806702e+01,7.172809333e-01,0.000000000e+00,0.000000000e+00,-6.967840862e-01,0.000000000e+00,-0.000000000e+00,-0.000000000e+00,0.000000000e+00,4.997899656e-06,0.000000000e+00,-4.997899396e-06,2.599138835e-13,1.000000000e+00
1.650000000e-01,0.000000000e+00,0.000000000e+00,0.000000000e+00,0.000000000e+00,0.000000000e+00,-1.581070222e+01,7.117506604e-01,0.000000000e+00,0.000000000e+00,-7.024322013e-01,0.000000000e+00,-0.000000000e+00,-0.000000000e+00,0.000000000e+00,4.999566092e-06,0.000000000e+00,-4.999565832e-06,2.600809227e-13,1.000000000e+00
1.660000000e-01,0.000000000e+00,0.000000000e+00,0.000000000e+00,0.000000000e+00,0.000000000e+00,-1.581136131e+01,7.061753305e-01,0.000000000e+00,0.000000000e+00,-7.080370065e-01,0.000000000e+00,-0.000000000e+00,-0.000000000e+00,0.000000000e+00,4.999982931e-06,0.000000000e+00,-4.999982671e-06,2.601178364e-13,1.000000000e+00
1.670000000e-01,0.000000000e+00,0.000000000e+00,0.000000000e+00,0.000000000e+00,0.000000000e+00,-1.581004406e+01,7.005559834e-01,0.000000000e+00,0.000000000e+00,-7.135974455e-01,0.000000000e+00,-0.000000000e+00,-0.000000000e+00,0.000000000e+00,4.999149861e-06,0.000000000e+00,-4.999149601e-06,2.600245569e-13,1.000000000e+00
1.680000000e-01,0.000000000e+00,0.000000000e+00,0.000000000e+00,0.000000000e+00,0.000000000e+00,-1.580675094e+01,6.948936835e-01,0.000000000e+00,0.000000000e+00,-7.191124868e-01,0.000000000e+00,-0.000000000e+00,-0.000000000e+00,0.000000000e+00,4.997067508e-06,0.000000000e+00,-4.997067248e-06,2.598012239e-13,1.000000000e+00
1.690000000e-01,0.000000000e+00,0.000000000e+00,0.000000000e+00,0.000000000e+00,0.000000000e+00,-1.580148321e+01,6.891895193e-01,0.000000000e+00,0.000000000e+00,-7.245811248e-01,0.000000000e+00,-0.000000000e+00,-0.000000000e+00,0.000000000e+00,4.993737431e-06,0.000000000e+00,-4.993737171e-06,2.594481679e-13,1.000000000e+00
1.700000000e-01,0.000000000e+00,0.000000000e+00,0.000000000e+00,0.000000000e+00,0.000000000e+00,-1.579424282e+01,6.834446025e-01,0.000000000e+00,0.000000000e+00,-7.300023803e-01,0.000000000e+00,-0.000000000e+00,-0.000000000e+00,0.000000000e+00,4.989162126e-06,0.000000000e+00,-4.989161867e-06,2.589659097e-13,1.000000000e+00
1.710000000e-01,0.000000000e+00,0.000000000e+00,0.000000000e+00,0.000000000e+00,0.000000000e+00,-1.578503250e+01,6.776600674e-01,0.000000000e+00,0.000000000e+00,-7.353753009e-01,0.000000000e+00,-0.000000000e+00,-0.000000000e+00,0.000000000e+00,4.983345017e-06,0.000000000e+00,-4.983344759e-06,2.583551693e-13,1.000000000e+00
1.720000000e-01,0.000000000e+00,0.000000000e+00,0.000000000e+00,0.000000000e+00,0.000000000e+00,-1.577385567e+01,6.718370695e-01,0.000000000e+00,0.000000000e+00,-7.406989618e-01,0.000000000e+00,-0.000000000e+00,-0.000000000e+00,0.000000000e+00,4.976290457e-06,0.000000000e+00,-4.976290199e-06,2.576168538e-13,1.000000000e+00
1.730000000e-01,0.000000000e+00,0.000000000e+00,0.000000000e+00,0.000000000e+00,0.000000000e+00,-1.576071653e+01,6.659767856e-01,0.000000000e+00,0.000000000e+00,-7.459724667e-01,0.000000000e+00,-0.000000000e+00,-0.000000000e+00,0.000000000e+00,4.968003712e-06,0.000000000e+00,-4.968003455e-06,2.567520586e-13,1.000000000e+00
1.740000000e-01,0.000000000e+00,0.000000000e+00,0.000000000e+00,0.000000000e+00,0.000000000e+00,-1.574561997e+01,6.600804122e-01,0.000000000e+00,0.000000000e+00,-7.511949477e-01,0.000000000e+00,-0.000000000e+00,-0.000000000e+00,0.000000000e+00,4.958490963e-06,0.000000000e+00,-4.958490707e-06,2.557620660e-13,1.000000000e+00
1.750000000e-01,0.000000000e+00,0.000000000e+00,0.000000000e+00,0.000000000e+00,0.000000000e+00,-1.572857160e+01,6.541491650e-01,0.000000000e+00,0.000000000e+00,-7.563655663e-01,0.000000000e+00,-0.000000000e+00,-0.000000000e+00,0.000000000e+00,4.947759291e-06,0.000000000e+00,-4.947759036e-06,2.546483346e-13,1.000000000e+00
1.760000000e-01,0.000000000e+00,0.000000000e+00,0.000000000e+00,0.000000000e+00,0.000000000e+00,-1.570957776e+01,6.481842777e-01,0.000000000e+00,0.000000000e+00,-7.614835140e-01,0.000000000e+00,-0.000000000e+00,-0.000000000e+00,0.000000000e+00,4.935816669e-06,0.000000000e+00,-4.935816415e-06,2.534125109e-13,1.000000000e+00
1.770000000e-01,0.000000000e+00,0.000000000e+00,0.000000000e+00,0.000000000e+00,0.000000000e+00,-1.568864549e+01,6.421870016e-01,0.000000000e+00,0.000000000e+00,-7.665480122e-01,0.000000000e+00,-0.000000000e+00,-0.000000000e+00,0.000000000e+00,4.922671947e-06,0.000000000e+00,-4.922671695e-06,2.520564044e-13,1.000000000e+00
1.780000000e-01,0.000000000e+00,0.000000000e+00,0.000000000e+00,0.000000000e+00,0.000000000e+00,-1.566578253e+01,6.361586041e-01,0.000000000e+00,0.000000000e+00,-7.715583131e-01,0.000000000e+00,-0.000000000e+00,-0.000000000e+00,0.000000000e+00,4.908334845e-06,0.000000000e+00,-4.908334594e-06,2.505820089e-13,1.000000000e+00
1.790000000e-01,0.000000000e+00,0.000000000e+00,0.000000000e+00,0.000000000e+00,0.000000000e+00,-1.564099730e+01,6.301003682e-01,0.000000000e+00,0.000000000e+00,-7.765136998e-01,0.000000000e+00,-0.000000000e+00,-0.000000000e+00,0.000000000e+00,4.892815931e-06,0.000000000e+00,-4.892815682e-06,2.489914691e-13,1.000000000e+00
1.800000000e-01,0.000000000e+00,0.000000000e+00,0.000000000e+00,0.000000000e+00,0.000000000e+00,-1.561429891e+01,6.240135915e-01,0.000000000e+00,0.000000000e+00,-7.814134870e-01,0.000000000e+00,-0.000000000e+00,-0.000000000e+00,0.000000000e+00,4.876126612e-06,0.000000000e+00,-4.876126364e-06,2.472870939e-13,1.000000000e+00
1.810000000e-01,0.000000000e+00,0.000000000e+00,0.000000000e+00,0.000000000e+00,0.000000000e+00,-1.558569715e+01,6.178995849e-01,0.000000000e+00,0.000000000e+00,-7.862570210e-01,0.000000000e+00,-0.000000000e+00,-0.000000000e+00,0.000000000e+00,4.858279114e-06,0.000000000e+00,-4.858278869e-06,2.454713501e-13,1.000000000e+00
1.820000000e-01,0.000000000e+00,0.000000000e+00,0.000000000e+00,0.000000000e+00,0.000000000e+00,-1.555520245e+01,6.117596721e-01,0.000000000e+00,0.000000000e+00,-7.910436799e-01,0.000000000e+00,-0.000000000e+00,-0.000000000e+00,0.000000000e+00,4.839286466e-06,0.000000000e+00,-4.839286223e-06,2.435468438e-13,1.000000000e+00
1.830000000e-01,0.000000000e+00,0.000000000e+00,0.000000000e+00,0.000000000e+00,0.000000000e+00,-1.552282590e+01,6.055951885e-01,0.000000000e+00,0.000000000e+00,-7.957728744e-01,0.000000000e+00,-0.000000000e+00,-0.000000000e+00,0.000000000e+00,4.819162480e-06,0.000000000e+00,-4.819162239e-06,2.415163262e-13,1.000000000e+00
1.840000000e-01,0.000000000e+00,0.000000000e+00,0.000000000e+00,0.000000000e+00,0.000000000e+00,-1.548857923e+01,5.994074799e-01,0.000000000e+00,0.000000000e+00,-8.004440474e-01,0.000000000e+00,-0.000000000e+00,-0.000000000e+00,0.000000000e+00,4.797921732e-06,0.000000000e+00,-4.797921493e-06,2.393826790e-13,1.000000000e+00
1.850000000e-01,0.000000000e+00,0.000000000e+00,0.000000000e+00,0.000000000e+00,0.000000000e+00,-1.545247479e+01,5.931979021e-01,0.000000000e+00,0.000000000e+00,-8.050566744e-01,0.000000000e+00,-0.000000000e+00,-0.000000000e+00,0.000000000e+00,4.775579540e-06,0.000000000e+00,-4.775579303e-06,2.371489134e-13,1.000000000e+00
1.860000000e-01,0.000000000e+00,0.000000000e+00,0.000000000e+00,0.000000000e+00,0.000000000e+00,-1.541452553e+01,5.869678193e-01,0.000000000e+00,0.000000000e+00,-8.096102637e-01,0.000000000e+00,-0.000000000e+00,-0.000000000e+00,0.000000000e+00,4.752151945e-06,0.000000000e+00,-4.752151710e-06,2.348181633e-13,1.000000000e+00
1.870000000e-01,0.000000000e+00,0.000000000e+00,0.000000000e+00,0.000000000e+00,0.000000000e+00,-1.537474501e+01,5.807186038e-01,0.000000000e+00,0.000000000e+00,-8.141043565e-01,0.000000000e+00,-0.000000000e+00,-0.000000000e+00,0.000000000e+00,4.727655685e-06,0.000000000e+00,-4.727655452e-06,2.323936594e-13,1.000000000e+00
1.880000000e-01,0.000000000e+00,0.000000000e+00,0.000000000e+00,0.000000000e+00,0.000000000e+00,-1.533314738e+01,5.744516343e-01,0.000000000e+00,0.000000000e+00,-8.185385268e-01,0.000000000e+00,-0.000000000e+00,-0.000000000e+00,0.000000000e+00,4.702108174e-06,0.000000000e+00,-4.702107945e-06,2.298787517e-13,1.000000000e+00
1.890000000e-01,0.000000000e+00,0.000000000e+00,0.000000000e+00,0.000000000e+00,0.000000000e+00,-1.528974735e+01,5.681682956e-01,0.000000000e+00,0.000000000e+00,-8.229123817e-01,0.000000000e+00,-0.000000000e+00,-0.000000000e+00,0.000000000e+00,4.675527480e-06,0.000000000e+00,-4.675527253e-06,2.272768791e-13,1.000000000e+00
1.900000000e-01,0.000000000e+00,0.000000000e+00,0.000000000e+00,0.000000000e+00,0.000000000e+00,-1.524456017e+01,5.618699770e-01,0.000000000e+00,0.000000000e+00,-8.272255611e-01,0.000000000e+00,-0.000000000e+00,-0.000000000e+00,0.000000000e+00,4.647932294e-06,0.000000000e+00,-4.647932070e-06,2.245915737e-13,1.000000000e+00
1.910000000e-01,0.000000000e+00,0.000000000e+00,0.000000000e+00,0.000000000e+00,0.000000000e+00,-1.519760164e+01,5.555580719e-01,0.000000000e+00,0.000000000e+00,-8.314777380e-01,0.000000000e+00,-0.000000000e+00,-0.000000000e+00,0.000000000e+00,4.619341911e-06,0.000000000e+00,-4.619341689e-06,2.218264440e-13,1.000000000e+00
1.920000000e-01,0.000000000e+00,0.000000000e+00,0.000000000e+00,0.000000000e+00,0.000000000e+00,-1.514888808e+01,5.492339766e-01,0.000000000e+00,0.000000000e+00,-8.356686179e-01,0.000000000e+00,-0.000000000e+00,-0.000000000e+00,0.000000000e+00,4.589776200e-06,0.000000000e+00,-4.589775981e-06,2.189851719e-13,1.000000000e+00
1.930000000e-01,0.000000000e+00,0.000000000e+00,0.000000000e+00,0.000000000e+00,0.000000000e+00,-1.509843631e+01,5.428990890e-01,0.000000000e+00,0.000000000e+00,-8.397979395e-01,0.000000000e+00,-0.000000000e+00,-0.000000000e+00,0.000000000e+00,4.559255579e-06,0.000000000e+00,-4.559255363e-06,2.160714963e-13,1.000000000e+00
1.940000000e-01,0.000000000e+00,0.000000000e+00,0.000000000e+00,0.000000000e+00,0.000000000e+00,-1.504626364e+01,5.365548085e-01,0.000000000e+00,0.000000000e+00,-8.438654736e-01,0.000000000e+00,-0.000000000e+00,-0.000000000e+00,0.000000000e+00,4.527800989e-06,0.000000000e+00,-4.527800776e-06,2.130892195e-13,1.000000000e+00
1.950000000e-01,0.000000000e+00,0.000000000e+00,0.000000000e+00,0.000000000e+00,0.000000000e+00,-1.499238784e+01,5.302025342e-01,0.000000000e+00,0.000000000e+00,-8.478710237e-01,0.000000000e+00,-0.000000000e+00,-0.000000000e+00,0.000000000e+00,4.495433864e-06,0.000000000e+00,-4.495433654e-06,2.100421853e-13,1.000000000e+00
1.960000000e-01,0.000000000e+00,0.000000000e+00,0.000000000e+00,0.000000000e+00,0.000000000e+00,-1.493682715e+01,5.238436644e-01,0.000000000e+00,0.000000000e+00,-8.518144254e-01,0.000000000e+00,-0.000000000e+00,-0.000000000e+00,0.000000000e+00,4.462176106e-06,0.000000000e+00,-4.462175900e-06,2.069342749e-13,1.000000000e+00
1.970000000e-01,0.000000000e+00,0.000000000e+00,0.000000000e+00,0.000000000e+00,0.000000000e+00,-1.487960023e+01,5.174795957e-01,0.000000000e+00,0.000000000e+00,-8.556955464e-01,0.000000000e+00,-0.000000000e+00,-0.000000000e+00,0.000000000e+00,4.428050057e-06,0.000000000e+00,-4.428049853e-06,2.037694091e-13,1.000000000e+00
1.980000000e-01,0.000000000e+00,0.000000000e+00,0.000000000e+00,0.000000000e+00,0.000000000e+00,-1.482072614e+01,5.111117220e-01,0.000000000e+00,0.000000000e+00,-8.595142859e-01,0.000000000e+00,-0.000000000e+00,-0.000000000e+00,0.000000000e+00,4.393078468e-06,0.000000000e+00,-4.393078267e-06,2.005515140e-13,1.000000000e+00
1.990000000e-01,0.000000000e+00,0.000000000e+00,0.000000000e+00,0.000000000e+00,0.000000000e+00,-1.476022438e+01,5.047414338e-01,0.000000000e+00,0.000000000e+00,-8.632705746e-01,0.000000000e+00,-0.000000000e+00,-0.000000000e+00,0.000000000e+00,4.357284473e-06,0.000000000e+00,-4.357284276e-06,1.972845402e-13,1.000000000e+00
2.000000000e-01,0.000000000e+00,0.000000000e+00,0.000000000e+00,0.000000000e+00,0.000000000e+00,-1.469811478e+01,4.983701170e-01,0.000000000e+00,0.000000000e+00,-8.669643744e-01,0.000000000e+00,-0.000000000e+00,-0.000000000e+00,0.000000000e+00,4.320691561e-06,0.000000000e+00,-4.320691367e-06,1.939724482e-13,1.000000000e+00
2.010000000e-01,0.000000000e+00,0.000000000e+00,0.000000000e+00,0.000000000e+00,0.000000000e+00,-1.463441756e+01,4.919991523e-01,0.000000000e+00,0.000000000e+00,-8.705956777e-01,0.000000000e+00,-0.000000000e+00,-0.000000000e+00,0.000000000e+00,4.283323545e-06,0.000000000e+00,-4.283323355e-06,1.906191879e-13,1.000000000e+00
2.020000000e-01,0.000000000e+00,0.000000000e+00,0.000000000e+00,0.000000000e+00,0.000000000e+00,-1.456915327e+01,4.856299146e-01,0.000000000e+00,0.000000000e+00,-8.741645074e-01,0.000000000e+00,-0.000000000e+00,-0.000000000e+00,0.000000000e+00,4.245204538e-06,0.000000000e+00,-4.245204351e-06,1.872287022e-13,1.000000000e+00
2.030000000e-01,0.000000000e+00,0.000000000e+00,0.000000000e+00,0.000000000e+00,0.000000000e+00,-1.450234277e+01,4.792637715e-01,0.000000000e+00,0.000000000e+00,-8.776709163e-01,0.000000000e+00,-0.000000000e+00,-0.000000000e+00,0.000000000e+00,4.206358919e-06,0.000000000e+00,-4.206358735e-06,1.838049171e-13,1.000000000e+00
2.040000000e-01,0.000000000e+00,0.000000000e+00,0.000000000e+00,0.000000000e+00,0.000000000e+00,-1.443400725e+01,4.729020832e-01,0.000000000e+00,0.000000000e+00,-8.811149866e-01,0.000000000e+00,-0.000000000e+00,-0.000000000e+00,0.000000000e+00,4.166811308e-06,0.000000000e+00,-4.166811128e-06,1.803517307e-13,1.000000000e+00
2.050000000e-01,0.000000000e+00,0.000000000e+00,0.000000000e+00,0.000000000e+00,0.000000000e+00,-1.436416816e+01,4.665462016e-01,0.000000000e+00,0.000000000e+00,-8.844968297e-01,0.000000000e+00,-0.000000000e+00,-0.000000000e+00,0.000000000e+00,4.126586539e-06,0.000000000e+00,-4.126586362e-06,1.768730129e-13,1.000000000e+00
2.060000000e-01,0.000000000e+00,0.000000000e+00,0.000000000e+00,0.000000000e+00,0.000000000e+00,-1.429284721e+01,4.601974691e-01,0.000000000e+00,0.000000000e+00,-8.878165855e-01,0.000000000e+00,-0.000000000e+00,-0.000000000e+00,0.000000000e+00,4.085709630e-06,0.000000000e+00,-4.085709456e-06,1.733726002e-13,1.000000000e+00
2.070000000e-01,0.000000000e+00,0.000000000e+00,0.000000000e+00,0.000000000e+00,0.000000000e+00,-1.422006638e+01,4.538572184e-01,0.000000000e+00,0.000000000e+00,-8.910744219e-01,0.000000000e+00,-0.000000000e+00,-0.000000000e+00,0.000000000e+00,4.044205754e-06,0.000000000e+00,-4.044205585e-06,1.698542777e-13,1.000000000e+00
2.080000000e-01,0.000000000e+00,0.000000000e+00,0.000000000e+00,0.000000000e+00,0.000000000e+00,-1.414584783e+01,4.475267716e-01,0.000000000e+00,0.000000000e+00,-8.942705344e-01,0.000000000e+00,-0.000000000e+00,-0.000000000e+00,0.000000000e+00,4.002100218e-06,0.000000000e+00,-4.002100052e-06,1.663217810e-13,1.000000000e+00
2.090000000e-01,0.000000000e+00,0.000000000e+00,0.000000000e+00,0.000000000e+00,0.000000000e+00,-1.407021398e+01,4.412074395e-01,0.000000000e+00,0.000000000e+00,-8.974051456e-01,0.000000000e+00,-0.000000000e+00,-0.000000000e+00,0.000000000e+00,3.959418428e-06,0.000000000e+00,-3.959418265e-06,1.627787887e-13,1.000000000e+00
2.100000000e-01,0.000000000e+00,0.000000000e+00,0.000000000e+00,0.000000000e+00,0.000000000e+00,-1.399318739e+01,4.349005211e-01,0.000000000e+00,0.000000000e+00,-9.004785043e-01,0.000000000e+00,-0.000000000e+00,-0.000000000e+00,0.000000000e+00,3.916185867e-06,0.000000000e+00,-3.916185708e-06,1.592289168e-13,1.000000000e+00
2.110000000e-01,0.000000000e+00,0.000000000e+00,0.000000000e+00,0.000000000e+00,0.000000000e+00,-1.391479082e+01,4.286073027e-01,0.000000000e+00,0.000000000e+00,-9.034908854e-01,0.000000000e+00,-0.000000000e+00,-0.000000000e+00,0.000000000e+00,3.872428070e-06,0.000000000e+00,-3.872427914e-06,1.556757085e-13,1.000000000e+00
2.120000000e-01,0.000000000e+00,0.000000000e+00,0.000000000e+00,0.000000000e+00,0.000000000e+00,-1.383504716e+01,4.223290576e-01,0.000000000e+00,0.000000000e+00,-9.064425890e-01,0.000000000e+00,-0.000000000e+00,-0.000000000e+00,0.000000000e+00,3.828170596e-06,0.000000000e+00,-3.828170444e-06,1.521226425e-13,1.000000000e+00
2.130000000e-01,0.000000000e+00,0.000000000e+00,0.000000000e+00,0.000000000e+00,0.000000000e+00,-1.375397943e+01,4.160670453e-01,0.000000000e+00,0.000000000e+00,-9.093339397e-01,0.000000000e+00,-0.000000000e+00,-0.000000000e+00,0.000000000e+00,3.783439003e-06,0.000000000e+00,-3.783438854e-06,1.485731115e-13,1.000000000e+00
2.140000000e-01,0.000000000e+00,0.000000000e+00,0.000000000e+00,0.000000000e+00,0.000000000e+00,-1.367161078e+01,4.098225109e-01,0.000000000e+00,0.000000000e+00,-9.121652863e-01,0.000000000e+00,-0.000000000e+00,-0.000000000e+00,0.000000000e+00,3.738258825e-06,0.000000000e+00,-3.738258680e-06,1.450304292e-13,1.000000000e+00
2.150000000e-01,0.000000000e+00,0.000000000e+00,0.000000000e+00,0.000000000e+00,0.000000000e+00,-1.358796443e+01,4.035966851e-01,0.000000000e+00,0.000000000e+00,-9.149370010e-01,0.000000000e+00,-0.000000000e+00,-0.000000000e+00,0.000000000e+00,3.692655548e-06,0.000000000e+00,-3.692655407e-06,1.414978220e-13,1.000000000e+00
2.160000000e-01,0.000000000e+00,0.000000000e+00,0.000000000e+00,0.000000000e+00,0.000000000e+00,-1.350306370e+01,3.973907829e-01,0.000000000e+00,0.000000000e+00,-9.176494786e-01,0.000000000e+00,-0.000000000e+00,-0.000000000e+00,0.000000000e+00,3.646654586e-06,0.000000000e+00,-3.646654448e-06,1.379784170e-13,1.000000000e+00
2.170000000e-01,0.000000000e+00,0.000000000e+00,0.000000000e+00,0.000000000e+00,0.000000000e+00,-1.341693195e+01,3.912060038e-01,0.000000000e+00,0.000000000e+00,-9.203031362e-01,0.000000000e+00,-0.000000000e+00,-0.000000000e+00,0.000000000e+00,3.600281257e-06,0.000000000e+00,-3.600281122e-06,1.344752671e-13,1.000000000e+00
2.180000000e-01,0.000000000e+00,0.000000000e+00,0.000000000e+00,0.000000000e+00,0.000000000e+00,-1.332959258e+01,3.850435310e-01,0.000000000e+00,0.000000000e+00,-9.228984122e-01,0.000000000e+00,-0.000000000e+00,-0.000000000e+00,0.000000000e+00,3.553560765e-06,0.000000000e+00,-3.553560634e-06,1.309913104e-13,1.000000000e+00
2.190000000e-01,0.000000000e+00,0.000000000e+00,0.000000000e+00,0.000000000e+00,0.000000000e+00,-1.324106902e+01,3.789045309e-01,0.000000000e+00,0.000000000e+00,-9.254357657e-01,0.000000000e+00,-0.000000000e+00,-0.000000000e+00,0.000000000e+00,3.506518175e-06,0.000000000e+00,-3.506518047e-06,1.275293911e-13,1.000000000e+00
2.200000000e-01,0.000000000e+00,0.000000000e+00,0.000000000e+00,0.000000000e+00,0.000000000e+00,-1.315138471e+01,3.727901533e-01,0.000000000e+00,0.000000000e+00,-9.279156759e-01,0.000000000e+00,-0.000000000e+00,-0.000000000e+00,0.000000000e+00,3.459178395e-06,0.000000000e+00,-3.459178271e-06,1.240922453e-13,1.000000000e+00
2.210000000e-01,0.000000000e+00,0.000000000e+00,0.000000000e+00,0.000000000e+00,0.000000000e+00,-1.306056307e+01,3.667015303e-01,0.000000000e+00,0.000000000e+00,-9.303386414e-01,0.000000000e+00,-0.000000000e+00,-0.000000000e+00,0.000000000e+00,3.411566155e-06,0.000000000e+00,-3.411566035e-06,1.206825129e-13,1.000000000e+00
2.220000000e-01,0.000000000e+00,0.000000000e+00,0.000000000e+00,0.000000000e+00,0.000000000e+00,-1.296862751e+01,3.606397762e-01,0.000000000e+00,0.000000000e+00,-9.327051795e-01,0.000000000e+00,-0.000000000e+00,-0.000000000e+00,0.000000000e+00,3.363705989e-06,0.000000000e+00,-3.363705872e-06,1.173027202e-13,1.000000000e+00
2.230000000e-01,0.000000000e+00,0.000000000e+00,0.000000000e+00,0.000000000e+00,0.000000000e+00,-1.287560137e+01,3.546059875e-01,0.000000000e+00,0.000000000e+00,-9.350158253e-01,0.000000000e+00,-0.000000000e+00,-0.000000000e+00,0.000000000e+00,3.315622214e-06,0.000000000e+00,-3.315622101e-06,1.139552887e-13,1.000000000e+00
2.240000000e-01,0.000000000e+00,0.000000000e+00,0.000000000e+00,0.000000000e+00,0.000000000e+00,-1.278150797e+01,3.486012422e-01,0.000000000e+00,0.000000000e+00,-9.372711315e-01,0.000000000e+00,-0.000000000e+00,-0.000000000e+00,0.000000000e+00,3.267338918e-06,0.000000000e+00,-3.267338807e-06,1.106425251e-13,1.000000000e+00
2.250000000e-01,0.000000000e+00,0.000000000e+00,0.000000000e+00,0.000000000e+00,0.000000000e+00,-1.268637051e+01,3.426265999e-01,0.000000000e+00,0.000000000e+00,-9.394716670e-01,0.000000000e+00,-0.000000000e+00,-0.000000000e+00,0.000000000e+00,3.218879937e-06,0.000000000e+00,-3.218879829e-06,1.073666281e-13,1.000000000e+00
2.260000000e-01,0.000000000e+00,0.000000000e+00,0.000000000e+00,0.000000000e+00,0.000000000e+00,-1.259021216e+01,3.366831011e-01,0.000000000e+00,0.000000000e+00,-9.416180167e-01,0.000000000e+00,-0.000000000e+00,-0.000000000e+00,0.000000000e+00,3.170268843e-06,0.000000000e+00,-3.170268739e-06,1.041296849e-13,1.000000000e+00
2.270000000e-01,0.000000000e+00,0.000000000e+00,0.000000000e+00,0.000000000e+00,0.000000000e+00,-1.249305593e+01,3.307717674e-01,0.000000000e+00,0.000000000e+00,-9.437107808e-01,0.000000000e+00,-0.000000000e+00,-0.000000000e+00,0.000000000e+00,3.121528930e-06,0.000000000e+00,-3.121528829e-06,1.009336700e-13,1.000000000e+00
2.280000000e-01,0.000000000e+00,0.000000000e+00,0.000000000e+00,0.000000000e+00,0.000000000e+00,-1.239492476e+01,3.248936012e-01,0.000000000e+00,0.000000000e+00,-9.457505738e-01,0.000000000e+00,-0.000000000e+00,-0.000000000e+00,0.000000000e+00,3.072683195e-06,0.000000000e+00,-3.072683097e-06,9.778044624e-14,1.000000000e+00
2.290000000e-01,0.000000000e+00,0.000000000e+00,0.000000000e+00,0.000000000e+00,0.000000000e+00,-1.229584143e+01,3.190495853e-01,0.000000000e+00,0.000000000e+00,-9.477380240e-01,0.000000000e+00,-0.000000000e+00,-0.000000000e+00,0.000000000e+00,3.023754330e-06,0.000000000e+00,-3.023754236e-06,9.467176671e-14,1.000000000e+00
2.300000000e-01,0.000000000e+00,0.000000000e+00,0.000000000e+00,0.000000000e+00,0.000000000e+00,-1.219582860e+01,3.132406833e-01,0.000000000e+00,0.000000000e+00,-9.496737726e-01,0.000000000e+00,-0.000000000e+00,-0.000000000e+00,0.000000000e+00,2.974764706e-06,0.000000000e+00,-2.974764614e-06,9.160926573e-14,1.000000000e+00
2.310000000e-01,0.000000000e+00,0.000000000e+00,0.000000000e+00,0.000000000e+00,0.000000000e+00,-1.209490877e+01,3.074678388e-01,0.000000000e+00,0.000000000e+00,-9.515584733e-01,0.000000000e+00,-0.000000000e+00,-0.000000000e+00,0.000000000e+00,2.925736361e-06,0.000000000e+00,-2.925736273e-06,8.859447261e-14,1.000000000e+00
2.320000000e-01,0.000000000e+00,0.000000000e+00,0.000000000e+00,0.000000000e+00,0.000000000e+00,-1.199310425e+01,3.017319758e-01,0.000000000e+00,0.000000000e+00,-9.533927915e-01,0.000000000e+00,-0.000000000e+00,-0.000000000e+00,0.000000000e+00,2.876690992e-06,0.000000000e+00,-2.876690907e-06,8.562880400e-14,1.000000000e+00
2.330000000e-01,0.000000000e+00,0.000000000e+00,0.000000000e+00,0.000000000e+00,0.000000000e+00,-1.189043721e+01,2.960339984e-01,0.000000000e+00,0.000000000e+00,-9.551774033e-01,0.000000000e+00,-0.000000000e+00,-0.000000000e+00,0.000000000e+00,2.827649942e-06,0.000000000e+00,-2.827649859e-06,8.271356605e-14,1.000000000e+00
2.340000000e-01,0.000000000e+00,0.000000000e+00,0.000000000e+00,0.000000000e+00,0.000000000e+00,-1.178692960e+01,2.903747909e-01,0.000000000e+00,0.000000000e+00,-9.569129954e-01,0.000000000e+00,-0.000000000e+00,-0.000000000e+00,0.000000000e+00,2.778634190e-06,0.000000000e+00,-2.778634110e-06,7.984995772e-14,1.000000000e+00
2.350000000e-01,0.000000000e+00,0.000000000e+00,0.000000000e+00,0.000000000e+00,0.000000000e+00,-1.168260319e+01,2.847552177e-01,0.000000000e+00,0.000000000e+00,-9.586002639e-01,0.000000000e+00,-0.000000000e+00,-0.000000000e+00,0.000000000e+00,2.729664346e-06,0.000000000e+00,-2.729664269e-06,7.703907042e-14,1.000000000e+00
2.360000000e-01,0.000000000e+00,0.000000000e+00,0.000000000e+00,0.000000000e+00,0.000000000e+00,-1.157747952e+01,2.791761232e-01,0.000000000e+00,0.000000000e+00,-9.602399139e-01,0.000000000e+00,-0.000000000e+00,-0.000000000e+00,0.000000000e+00,2.680760640e-06,0.000000000e+00,-2.680760565e-06,7.428189305e-14,1.000000000e+00
2.370000000e-01,0.000000000e+00,0.000000000e+00,0.000000000e+00,0.000000000e+00,0.000000000e+00,-1.147157992e+01,2.736383320e-01,0.000000000e+00,0.000000000e+00,-9.618326587e-01,0.000000000e+00,-0.000000000e+00,-0.000000000e+00,0.000000000e+00,2.631942915e-06,0.000000000e+00,-2.631942843e-06,7.157931118e-14,1.000000000e+00
2.380000000e-01,0.000000000e+00,0.000000000e+00,0.000000000e+00,0.000000000e+00,0.000000000e+00,-1.136492548e+01,2.681426485e-01,0.000000000e+00,0.000000000e+00,-9.633792192e-01,0.000000000e+00,-0.000000000e+00,-0.000000000e+00,0.000000000e+00,2.583230623e-06,0.000000000e+00,-2.583230554e-06,6.893210495e-14,1.000000000e+00
2.390000000e-01,0.000000000e+00,0.000000000e+00,0.000000000e+00,0.000000000e+00,0.000000000e+00,-1.125753707e+01,2.626898578e-01,0.000000000e+00,0.000000000e+00,-9.648803235e-01,0.000000000e+00,-0.000000000e+00,-0.000000000e+00,0.000000000e+00,2.534642816e-06,0.000000000e+00,-2.534642750e-06,6.634095832e-14,1.000000000e+00
2.400000000e-01,0.000000000e+00,0.000000000e+00,0.000000000e+00,0.000000000e+00,0.000000000e+00,-1.114943529e+01,2.572807248e-01,0.000000000e+00,0.000000000e+00,-9.663367056e-01,0.000000000e+00,-0.000000000e+00,-0.000000000e+00,0.000000000e+00,2.486198144e-06,0.000000000e+00,-2.486198081e-06,6.380645998e-14,1.000000000e+00
2.410000000e-01,0.000000000e+00,0.000000000e+00,0.000000000e+00,0.000000000e+00,0.000000000e+00,-1.104064049e+01,2.519159950e-01,0.000000000e+00,0.000000000e+00,-9.677491056e-01,0.000000000e+00,-0.000000000e+00,-0.000000000e+00,0.000000000e+00,2.437914850e-06,0.000000000e+00,-2.437914789e-06,6.132909613e-14,1.000000000e+00
2.420000000e-01,0.000000000e+00,0.000000000e+00,0.000000000e+00,0.000000000e+00,0.000000000e+00,-1.093117277e+01,2.465963941e-01,0.000000000e+00,0.000000000e+00,-9.691182685e-01,0.000000000e+00,-0.000000000e+00,-0.000000000e+00,0.000000000e+00,2.389810764e-06,0.000000000e+00,-2.389810705e-06,5.890926530e-14,1.000000000e+00
2.430000000e-01,0.000000000e+00,0.000000000e+00,0.000000000e+00,0.000000000e+00,0.000000000e+00,-1.082105194e+01,2.413226285e-01,0.000000000e+00,0.000000000e+00,-9.704449438e-01,0.000000000e+00,-0.000000000e+00,-0.000000000e+00,0.000000000e+00,2.341903303e-06,0.000000000e+00,-2.341903247e-06,5.654727963e-14,1.000000000e+00
2.440000000e-01,0.000000000e+00,0.000000000e+00,0.000000000e+00,0.000000000e+00,0.000000000e+00,-1.071029754e+01,2.360953853e-01,0.000000000e+00,0.000000000e+00,-9.717298848e-01,0.000000000e+00,-0.000000000e+00,-0.000000000e+00,0.000000000e+00,2.294209470e-06,0.000000000e+00,-2.294209416e-06,5.424336144e-14,1.000000000e+00
2.450000000e-01,0.000000000e+00,0.000000000e+00,0.000000000e+00,0.000000000e+00,0.000000000e+00,-1.059892883e+01,2.309153323e-01,0.000000000e+00,0.000000000e+00,-9.729738482e-01,0.000000000e+00,-0.000000000e+00,-0.000000000e+00,0.000000000e+00,2.246745847e-06,0.000000000e+00,-2.246745795e-06,5.199764713e-14,1.000000000e+00
2.460000000e-01,0.000000000e+00,0.000000000e+00,0.000000000e+00,0.000000000e+00,0.000000000e+00,-1.048696476e+01,2.257831183e-01,0.000000000e+00,0.000000000e+00,-9.741775934e-01,0.000000000e+00,-0.000000000e+00,-0.000000000e+00,0.000000000e+00,2.199528598e-06,0.000000000e+00,-2.199528549e-06,4.981019090e-14,1.000000000e+00
2.470000000e-01,0.000000000e+00,0.000000000e+00,0.000000000e+00,0.000000000e+00,0.000000000e+00,-1.037442401e+01,2.206993735e-01,0.000000000e+00,0.000000000e+00,-9.753418819e-01,0.000000000e+00,-0.000000000e+00,-0.000000000e+00,0.000000000e+00,2.152573471e-06,0.000000000e+00,-2.152573423e-06,4.768097241e-14,1.000000000e+00
2.480000000e-01,0.000000000e+00,0.000000000e+00,0.000000000e+00,0.000000000e+00,0.000000000e+00,-1.026132494e+01,2.156647093e-01,0.000000000e+00,0.000000000e+00,-9.764674768e-01,0.000000000e+00,-0.000000000e+00,-0.000000000e+00,0.000000000e+00,2.105895791e-06,0.000000000e+00,-2.105895745e-06,4.560989131e-14,1.000000000e+00
2.490000000e-01,0.000000000e+00,0.000000000e+00,0.000000000e+00,0.000000000e+00,0.000000000e+00,-1.014768561e+01,2.106797185e-01,0.000000000e+00,0.000000000e+00,-9.775551423e-01,0.000000000e+00,-0.000000000e+00,-0.000000000e+00,0.000000000e+00,2.059510466e-06,0.000000000e+00,-2.059510422e-06,4.359677690e-14,1.000000000e+00
2.500000000e-01,0.000000000e+00,0.000000000e+00,0.000000000e+00,0.000000000e+00,0.000000000e+00,-1.003352378e+01,2.057449760e-01,0.000000000e+00,0.000000000e+00,-9.786056432e-01,0.000000000e+00,-0.000000000e+00,-0.000000000e+00,0.000000000e+00,2.013431988e-06,0.000000000e+00,-2.013431946e-06,4.164139033e-14,1.000000000e+00
2.510000000e-01,0.000000000e+00,0.000000000e+00,0.000000000e+00,0.000000000e+00,0.000000000e+00,-9.918856869e+00,2.008610386e-01,0.000000000e+00,0.000000000e+00,-9.796197442e-01,0.000000000e+00,-0.000000000e+00,-0.000000000e+00,0.000000000e+00,1.967674432e-06,0.000000000e+00,-1.967674392e-06,3.974342201e-14,1.000000000e+00
2.520000000e-01,0.000000000e+00,0.000000000e+00,0.000000000e+00,0.000000000e+00,0.000000000e+00,-9.803702008e+00,1.960284451e-01,0.000000000e+00,0.000000000e+00,-9.805982096e-01,0.000000000e+00,-0.000000000e+00,-0.000000000e+00,0.000000000e+00,1.922251461e-06,0.000000000e+00,-1.922251423e-06,3.790249796e-14,1.000000000e+00
2.530000000e-01,0.000000000e+00,0.000000000e+00,0.000000000e+00,0.000000000e+00,0.000000000e+00,-9.688075990e+00,1.912477172e-01,0.000000000e+00,0.000000000e+00,-9.815418028e-01,0.000000000e+00,-0.000000000e+00,-0.000000000e+00,0.000000000e+00,1.877176328e-06,0.000000000e+00,-1.877176292e-06,3.611818621e-14,1.000000000e+00
2.540000000e-01,0.000000000e+00,0.000000000e+00,0.000000000e+00,0.000000000e+00,0.000000000e+00,-9.571995289e+00,1.865193592e-01,0.000000000e+00,0.000000000e+00,-9.824512856e-01,0.000000000e+00,-0.000000000e+00,-0.000000000e+00,0.000000000e+00,1.832461876e-06,0.000000000e+00,-1.832461842e-06,3.438999675e-14,1.000000000e+00
2.550000000e-01,0.000000000e+00,0.000000000e+00,0.000000000e+00,0.000000000e+00,0.000000000e+00,-9.455476054e+00,1.818438581e-01,0.000000000e+00,0.000000000e+00,-9.833274181e-01,0.000000000e+00,-0.000000000e+00,-0.000000000e+00,0.000000000e+00,1.788120548e-06,0.000000000e+00,-1.788120515e-06,3.271738154e-14,1.000000000e+00
2.560000000e-01,0.000000000e+00,0.000000000e+00,0.000000000e+00,0.000000000e+00,0.000000000e+00,-9.338534102e+00,1.772216847e-01,0.000000000e+00,0.000000000e+00,-9.841709579e-01,0.000000000e+00,-0.000000000e+00,-0.000000000e+00,0.000000000e+00,1.744164384e-06,0.000000000e+00,-1.744164352e-06,3.109974470e-14,1.000000000e+00
2.570000000e-01,0.000000000e+00,0.000000000e+00,0.000000000e+00,0.000000000e+00,0.000000000e+00,-9.221184925e+00,1.726532931e-01,0.000000000e+00,0.000000000e+00,-9.849826599e-01,0.000000000e+00,-0.000000000e+00,-0.000000000e+00,0.000000000e+00,1.700605028e-06,0.000000000e+00,-1.700604999e-06,2.953643825e-14,1.000000000e+00
2.580000000e-01,0.000000000e+00,0.000000000e+00,0.000000000e+00,0.000000000e+00,0.000000000e+00,-9.103443679e+00,1.681391211e-01,0.000000000e+00,0.000000000e+00,-9.857632758e-01,0.000000000e+00,-0.000000000e+00,-0.000000000e+00,0.000000000e+00,1.657453737e-06,0.000000000e+00,-1.657453708e-06,2.802676931e-14,1.000000000e+00
2.590000000e-01,0.000000000e+00,0.000000000e+00,0.000000000e+00,0.000000000e+00,0.000000000e+00,-8.985325193e+00,1.636795910e-01,0.000000000e+00,0.000000000e+00,-9.865135536e-01,0.000000000e+00,-0.000000000e+00,-0.000000000e+00,0.000000000e+00,1.614721377e-06,0.000000000e+00,-1.614721350e-06,2.657000287e-14,1.000000000e+00
2.600000000e-01,0.000000000e+00,0.000000000e+00,0.000000000e+00,0.000000000e+00,0.000000000e+00,-8.866843959e+00,1.592751093e-01,0.000000000e+00,0.000000000e+00,-9.872342374e-01,0.000000000e+00,-0.000000000e+00,-0.000000000e+00,0.000000000e+00,1.572418436e-06,0.000000000e+00,-1.572418411e-06,2.516536199e-14,1.000000000e+00
2.610000000e-01,0.000000000e+00,0.000000000e+00,0.000000000e+00,0.000000000e+00,0.000000000e+00,-8.748014138e+00,1.549260673e-01,0.000000000e+00,0.000000000e+00,-9.879260669e-01,0.000000000e+00,-0.000000000e+00,-0.000000000e+00,0.000000000e+00,1.530555027e-06,0.000000000e+00,-1.530555003e-06,2.381203204e-14,1.000000000e+00
2.620000000e-01,0.000000000e+00,0.000000000e+00,0.000000000e+00,0.000000000e+00,0.000000000e+00,-8.628849556e+00,1.506328414e-01,0.000000000e+00,0.000000000e+00,-9.885897770e-01,0.000000000e+00,-0.000000000e+00,-0.000000000e+00,0.000000000e+00,1.489140893e-06,0.000000000e+00,-1.489140871e-06,2.250916577e-14,1.000000000e+00
2.630000000e-01,0.000000000e+00,0.000000000e+00,0.000000000e+00,0.000000000e+00,0.000000000e+00,-8.509363707e+00,1.463957933e-01,0.000000000e+00,0.000000000e+00,-9.892260974e-01,0.000000000e+00,-0.000000000e+00,-0.000000000e+00,0.000000000e+00,1.448185414e-06,0.000000000e+00,-1.448185393e-06,2.125588037e-14,1.000000000e+00
2.640000000e-01,0.000000000e+00,0.000000000e+00,0.000000000e+00,0.000000000e+00,0.000000000e+00,-8.389569752e+00,1.422152704e-01,0.000000000e+00,0.000000000e+00,-9.898357525e-01,0.000000000e+00,-0.000000000e+00,-0.000000000e+00,0.000000000e+00,1.407697612e-06,0.000000000e+00,-1.407697592e-06,2.005126632e-14,1.000000000e+00
2.650000000e-01,0.000000000e+00,0.000000000e+00,0.000000000e+00,0.000000000e+00,0.000000000e+00,-8.269480520e+00,1.380916063e-01,0.000000000e+00,0.000000000e+00,-9.904194608e-01,0.000000000e+00,-0.000000000e+00,-0.000000000e+00,0.000000000e+00,1.367686161e-06,0.000000000e+00,-1.367686142e-06,1.889438660e-14,1.000000000e+00
2.660000000e-01,0.000000000e+00,0.000000000e+00,0.000000000e+00,0.000000000e+00,0.000000000e+00,-8.149108509e+00,1.340251206e-01,0.000000000e+00,0.000000000e+00,-9.909779347e-01,0.000000000e+00,-0.000000000e+00,-0.000000000e+00,0.000000000e+00,1.328159390e-06,0.000000000e+00,-1.328159372e-06,1.778428089e-14,1.000000000e+00
2.670000000e-01,0.000000000e+00,0.000000000e+00,0.000000000e+00,0.000000000e+00,0.000000000e+00,-8.028465887e+00,1.300161197e-01,0.000000000e+00,0.000000000e+00,-9.915118802e-01,0.000000000e+00,-0.000000000e+00,-0.000000000e+00,0.000000000e+00,1.289125290e-06,0.000000000e+00,-1.289125273e-06,1.671996303e-14,1.000000000e+00
2.680000000e-01,0.000000000e+00,0.000000000e+00,0.000000000e+00,0.000000000e+00,0.000000000e+00,-7.907564497e+00,1.260648971e-01,0.000000000e+00,0.000000000e+00,-9.920219966e-01,0.000000000e+00,-0.000000000e+00,-0.000000000e+00,0.000000000e+00,1.250591525e-06,0.000000000e+00,-1.250591510e-06,1.570043119e-14,1.000000000e+00
2.690000000e-01,0.000000000e+00,0.000000000e+00,0.000000000e+00,0.000000000e+00,0.000000000e+00,-7.786415850e+00,1.221717335e-01,0.000000000e+00,0.000000000e+00,-9.925089760e-01,0.000000000e+00,-0.000000000e+00,-0.000000000e+00,0.000000000e+00,1.212565436e-06,0.000000000e+00,-1.212565421e-06,1.472466469e-14,1.000000000e+00
2.700000000e-01,0.000000000e+00,0.000000000e+00,0.000000000e+00,0.000000000e+00,0.000000000e+00,-7.665031139e+00,1.183368971e-01,0.000000000e+00,0.000000000e+00,-9.929735036e-01,0.000000000e+00,-0.000000000e+00,-0.000000000e+00,0.000000000e+00,1.175054047e-06,0.000000000e+00,-1.175054033e-06,1.379162973e-14,1.000000000e+00
2.710000000e-01,0.000000000e+00,0.000000000e+00,0.000000000e+00,0.000000000e+00,0.000000000e+00,-7.543421230e+00,1.145606443e-01,0.000000000e+00,0.000000000e+00,-9.934162565e-01,0.000000000e+00,-0.000000000e+00,-0.000000000e+00,0.000000000e+00,1.138064077e-06,0.000000000e+00,-1.138064064e-06,1.290027685e-14,1.000000000e+00
2.720000000e-01,0.000000000e+00,0.000000000e+00,0.000000000e+00,0.000000000e+00,0.000000000e+00,-7.421596673e+00,1.108432196e-01,0.000000000e+00,0.000000000e+00,-9.938379046e-01,0.000000000e+00,-0.000000000e+00,-0.000000000e+00,0.000000000e+00,1.101601943e-06,0.000000000e+00,-1.101601931e-06,1.204954851e-14,1.000000000e+00
2.730000000e-01,0.000000000e+00,0.000000000e+00,0.000000000e+00,0.000000000e+00,0.000000000e+00,-7.299567698e+00,1.071848563e-01,0.000000000e+00,0.000000000e+00,-9.942391094e-01,0.000000000e+00,-0.000000000e+00,-0.000000000e+00,0.000000000e+00,1.065673772e-06,0.000000000e+00,-1.065673760e-06,1.123837576e-14,1.000000000e+00
2.740000000e-01,0.000000000e+00,0.000000000e+00,0.000000000e+00,0.000000000e+00,0.000000000e+00,-7.177344223e+00,1.035857763e-01,0.000000000e+00,0.000000000e+00,-9.946205241e-01,0.000000000e+00,-0.000000000e+00,-0.000000000e+00,0.000000000e+00,1.030285402e-06,0.000000000e+00,-1.030285392e-06,1.046568562e-14,1.000000000e+00
2.750000000e-01,0.000000000e+00,0.000000000e+00,0.000000000e+00,0.000000000e+00,0.000000000e+00,-7.054935855e+00,1.000461913e-01,0.000000000e+00,0.000000000e+00,-9.949827936e-01,0.000000000e+00,-0.000000000e+00,-0.000000000e+00,0.000000000e+00,9.954423984e-07,0.000000000e+00,-9.954423887e-07,9.730397919e-15,1.000000000e+00
2.760000000e-01,0.000000000e+00,0.000000000e+00,0.000000000e+00,0.000000000e+00,0.000000000e+00,-6.932351892e+00,9.656630199e-02,0.000000000e+00,0.000000000e+00,-9.953265541e-01,0.000000000e+00,-0.000000000e+00,-0.000000000e+00,0.000000000e+00,9.611500551e-07,0.000000000e+00,-9.611500461e-07,9.031431625e-15,1.000000000e+00
2.770000000e-01,0.000000000e+00,0.000000000e+00,0.000000000e+00,0.000000000e+00,0.000000000e+00,-6.809601328e+00,9.314629946e-02,0.000000000e+00,0.000000000e+00,-9.956524328e-01,0.000000000e+00,-0.000000000e+00,-0.000000000e+00,0.000000000e+00,9.274134049e-07,0.000000000e+00,-9.274133966e-07,8.367702325e-15,1.000000000e+00
2.780000000e-01,0.000000000e+00,0.000000000e+00,0.000000000e+00,0.000000000e+00,0.000000000e+00,-6.686692856e+00,8.978636478e-02,0.000000000e+00,0.000000000e+00,-9.959610478e-01,0.000000000e+00,-0.000000000e+00,-0.000000000e+00,0.000000000e+00,8.942372271e-07,0.000000000e+00,-8.942372194e-07,7.738127406e-15,1.000000000e+00
2.790000000e-01,0.000000000e+00,0.000000000e+00,0.000000000e+00,0.000000000e+00,0.000000000e+00,-6.563634873e+00,8.648666964e-02,0.000000000e+00,0.000000000e+00,-9.962530080e-01,0.000000000e+00,-0.000000000e+00,-0.000000000e+00,0.000000000e+00,8.616260550e-07,0.000000000e+00,-8.616260478e-07,7.141626581e-15,1.000000000e+00
2.800000000e-01,0.000000000e+00,0.000000000e+00,0.000000000e+00,0.000000000e+00,0.000000000e+00,-6.440435481e+00,8.324737660e-02,0.000000000e+00,0.000000000e+00,-9.965289129e-01,0.000000000e+00,-0.000000000e+00,-0.000000000e+00,0.000000000e+00,8.295841837e-07,0.000000000e+00,-8.295841771e-07,6.577121368e-15,1.000000000e+00
2.810000000e-01,0.000000000e+00,0.000000000e+00,0.000000000e+00,0.000000000e+00,0.000000000e+00,-6.317102493e+00,8.006863939e-02,0.000000000e+00,0.000000000e+00,-9.967893524e-01,0.000000000e+00,-0.000000000e+00,-0.000000000e+00,0.000000000e+00,7.981156781e-07,0.000000000e+00,-7.981156720e-07,6.043539209e-15,1.000000000e+00
2.820000000e-01,0.000000000e+00,0.000000000e+00,0.000000000e+00,0.000000000e+00,0.000000000e+00,-6.193643437e+00,7.695060322e-02,0.000000000e+00,0.000000000e+00,-9.970349064e-01,0.000000000e+00,-0.000000000e+00,-0.000000000e+00,0.000000000e+00,7.672243804e-07,0.000000000e+00,-7.672243748e-07,5.539812633e-15,1.000000000e+00
2.830000000e-01,0.000000000e+00,0.000000000e+00,0.000000000e+00,0.000000000e+00,0.000000000e+00,-6.070065560e+00,7.389340512e-02,0.000000000e+00,0.000000000e+00,-9.972661454e-01,0.000000000e+00,-0.000000000e+00,-0.000000000e+00,0.000000000e+00,7.369139180e-07,0.000000000e+00,-7.369139129e-07,5.064883589e-15,1.000000000e+00
2.840000000e-01,0.000000000e+00,0.000000000e+00,0.000000000e+00,0.000000000e+00,0.000000000e+00,-5.946375832e+00,7.089717418e-02,0.000000000e+00,0.000000000e+00,-9.974836293e-01,0.000000000e+00,-0.000000000e+00,-0.000000000e+00,0.000000000e+00,7.071877107e-07,0.000000000e+00,-7.071877061e-07,4.617701650e-15,1.000000000e+00
2.850000000e-01,0.000000000e+00,0.000000000e+00,0.000000000e+00,0.000000000e+00,0.000000000e+00,-5.822580952e+00,6.796203192e-02,0.000000000e+00,0.000000000e+00,-9.976879082e-01,0.000000000e+00,-0.000000000e+00,-0.000000000e+00,0.000000000e+00,6.780489789e-07,0.000000000e+00,-6.780489747e-07,4.197226554e-15,1.000000000e+00
2.860000000e-01,0.000000000e+00,0.000000000e+00,0.000000000e+00,0.000000000e+00,0.000000000e+00,-5.698687350e+00,6.508809253e-02,0.000000000e+00,0.000000000e+00,-9.978795219e-01,0.000000000e+00,-0.000000000e+00,-0.000000000e+00,0.000000000e+00,6.495007503e-07,0.000000000e+00,-6.495007465e-07,3.802428627e-15,1.000000000e+00
2.870000000e-01,0.000000000e+00,0.000000000e+00,0.000000000e+00,0.000000000e+00,0.000000000e+00,-5.574701195e+00,6.227546317e-02,0.000000000e+00,0.000000000e+00,-9.980589996e-01,0.000000000e+00,-0.000000000e+00,-0.000000000e+00,0.000000000e+00,6.215458682e-07,0.000000000e+00,-6.215458647e-07,3.432291428e-15,1.000000000e+00
2.880000000e-01,0.000000000e+00,0.000000000e+00,0.000000000e+00,0.000000000e+00,0.000000000e+00,-5.450628394e+00,5.952424429e-02,0.000000000e+00,0.000000000e+00,-9.982268602e-01,0.000000000e+00,-0.000000000e+00,-0.000000000e+00,0.000000000e+00,5.941869979e-07,0.000000000e+00,-5.941869948e-07,3.085810801e-15,1.000000000e+00
2.890000000e-01,0.000000000e+00,0.000000000e+00,0.000000000e+00,0.000000000e+00,0.000000000e+00,-5.326474606e+00,5.683452985e-02,0.000000000e+00,0.000000000e+00,-9.983836118e-01,0.000000000e+00,-0.000000000e+00,-0.000000000e+00,0.000000000e+00,5.674266346e-07,0.000000000e+00,-5.674266318e-07,2.761996882e-15,1.000000000e+00
2.900000000e-01,0.000000000e+00,0.000000000e+00,0.000000000e+00,0.000000000e+00,0.000000000e+00,-5.202245238e+00,5.420640766e-02,0.000000000e+00,0.000000000e+00,-9.985297519e-01,0.000000000e+00,-0.000000000e+00,-0.000000000e+00,0.000000000e+00,5.412671103e-07,0.000000000e+00,-5.412671079e-07,2.459874523e-15,1.000000000e+00
2.910000000e-01,0.000000000e+00,0.000000000e+00,0.000000000e+00,0.000000000e+00,0.000000000e+00,-5.077945455e+00,5.163995960e-02,0.000000000e+00,0.000000000e+00,-9.986657672e-01,0.000000000e+00,-0.000000000e+00,-0.000000000e+00,0.000000000e+00,5.157106009e-07,0.000000000e+00,-5.157105987e-07,2.178485731e-15,1.000000000e+00
2.920000000e-01,0.000000000e+00,0.000000000e+00,0.000000000e+00,0.000000000e+00,0.000000000e+00,-4.953580184e+00,4.913526192e-02,0.000000000e+00,0.000000000e+00,-9.987921335e-01,0.000000000e+00,-0.000000000e+00,-0.000000000e+00,0.000000000e+00,4.907591328e-07,0.000000000e+00,-4.907591308e-07,1.916886593e-15,1.000000000e+00
2.930000000e-01,0.000000000e+00,0.000000000e+00,0.000000000e+00,0.000000000e+00,0.000000000e+00,-4.829154118e+00,4.669238548e-02,0.000000000e+00,0.000000000e+00,-9.989093158e-01,0.000000000e+00,-0.000000000e+00,-0.000000000e+00,0.000000000e+00,4.664145900e-07,0.000000000e+00,-4.664145883e-07,1.674152732e-15,1.000000000e+00
2.940000000e-01,0.000000000e+00,0.000000000e+00,0.000000000e+00,0.000000000e+00,0.000000000e+00,-4.704671725e+00,4.431139601e-02,0.000000000e+00,0.000000000e+00,-9.990177677e-01,0.000000000e+00,-0.000000000e+00,-0.000000000e+00,0.000000000e+00,4.426787207e-07,0.000000000e+00,-4.426787193e-07,1.449376393e-15,1.000000000e+00
2.950000000e-01,0.000000000e+00,0.000000000e+00,0.000000000e+00,0.000000000e+00,0.000000000e+00,-4.580137246e+00,4.199235437e-02,0.000000000e+00,0.000000000e+00,-9.991179321e-01,0.000000000e+00,-0.000000000e+00,-0.000000000e+00,0.000000000e+00,4.195531439e-07,0.000000000e+00,-4.195531426e-07,1.241668350e-15,1.000000000e+00
2.960000000e-01,0.000000000e+00,0.000000000e+00,0.000000000e+00,0.000000000e+00,0.000000000e+00,-4.455554710e+00,3.973531679e-02,0.000000000e+00,0.000000000e+00,-9.992102404e-01,0.000000000e+00,-0.000000000e+00,-0.000000000e+00,0.000000000e+00,3.970393555e-07,0.000000000e+00,-3.970393544e-07,1.050158701e-15,1.000000000e+00
2.970000000e-01,0.000000000e+00,0.000000000e+00,0.000000000e+00,0.000000000e+00,0.000000000e+00,-4.330927931e+00,3.754033508e-02,0.000000000e+00,0.000000000e+00,-9.992951132e-01,0.000000000e+00,-0.000000000e+00,-0.000000000e+00,0.000000000e+00,3.751387348e-07,0.000000000e+00,-3.751387340e-07,8.739978706e-16,1.000000000e+00
2.980000000e-01,0.000000000e+00,0.000000000e+00,0.000000000e+00,0.000000000e+00,0.000000000e+00,-4.206260518e+00,3.540745692e-02,0.000000000e+00,0.000000000e+00,-9.993729594e-01,0.000000000e+00,-0.000000000e+00,-0.000000000e+00,0.000000000e+00,3.538525508e-07,0.000000000e+00,-3.538525501e-07,7.123556086e-16,1.000000000e+00
2.990000000e-01,0.000000000e+00,0.000000000e+00,0.000000000e+00,0.000000000e+00,0.000000000e+00,-4.081555878e+00,3.333672604e-02,0.000000000e+00,0.000000000e+00,-9.994441769e-01,0.000000000e+00,-0.000000000e+00,-0.000000000e+00,0.000000000e+00,3.331819677e-07,0.000000000e+00,-3.331819671e-07,5.644223102e-16,1.000000000e+00
3.000000000e-01,0.000000000e+00,0.000000000e+00,0.000000000e+00,0.000000000e+00,0.000000000e+00,-3.956817225e+00,3.132818244e-02,0.000000000e+00,0.000000000e+00,-9.995091520e-01,0.000000000e+00,-0.000000000e+00,-0.000000000e+00,0.000000000e+00,3.131280511e-07,0.000000000e+00,-3.131280506e-07,4.294096524e-16,1.000000000e+00
3.010000000e-01,0.000000000e+00,0.000000000e+00,0.000000000e+00,0.000000000e+00,0.000000000e+00,-3.832047582e+00,2.938186264e-02,0.000000000e+00,0.000000000e+00,-9.995682599e-01,0.000000000e+00,-0.000000000e+00,-0.000000000e+00,0.000000000e+00,2.936917734e-07,0.000000000e+00,-2.936917731e-07,3.065510174e-16,1.000000000e+00
3.020000000e-01,0.000000000e+00,0.000000000e+00,0.000000000e+00,0.000000000e+00,0.000000000e+00,-3.707249788e+00,2.749779987e-02,0.000000000e+00,0.000000000e+00,-9.996218640e-01,0.000000000e+00,-0.000000000e+00,-0.000000000e+00,0.000000000e+00,2.748740199e-07,0.000000000e+00,-2.748740197e-07,1.951008574e-16,1.000000000e+00
3.030000000e-01,0.000000000e+00,0.000000000e+00,0.000000000e+00,0.000000000e+00,0.000000000e+00,-3.582426504e+00,2.567602427e-02,0.000000000e+00,0.000000000e+00,-9.996703165e-01,0.000000000e+00,-0.000000000e+00,-0.000000000e+00,0.000000000e+00,2.566755932e-07,0.000000000e+00,-2.566755931e-07,9.433591222e-17,1.000000000e+00
3.040000000e-01,0.000000000e+00,0.000000000e+00,0.000000000e+00,0.000000000e+00,0.000000000e+00,-3.457580219e+00,2.391656308e-02,0.000000000e+00,0.000000000e+00,-9.997139581e-01,0.000000000e+00,-0.000000000e+00,-0.000000000e+00,0.000000000e+00,2.390972194e-07,0.000000000e+00,-2.390972194e-07,3.555367857e-18,1.000000000e+00
3.050000000e-01,0.000000000e+00,0.000000000e+00,0.000000000e+00,0.000000000e+00,0.000000000e+00,-3.332713252e+00,2.221944083e-02,0.000000000e+00,0.000000000e+00,-9.997531177e-01,0.000000000e+00,-0.000000000e+00,-0.000000000e+00,0.000000000e+00,2.221395524e-07,0.000000000e+00,-2.221395525e-07,-7.791911668e-17,1.000000000e+00
3.060000000e-01,0.000000000e+00,0.000000000e+00,0.000000000e+00,0.000000000e+00,0.000000000e+00,-3.207827764e+00,2.058467957e-02,0.000000000e+00,0.000000000e+00,-9.997881130e-01,0.000000000e+00,-0.000000000e+00,-0.000000000e+00,0.000000000e+00,2.058031793e-07,0.000000000e+00,-2.058031794e-07,-1.507426949e-16,1.000000000e+00
3.070000000e-01,0.000000000e+00,0.000000000e+00,0.000000000e+00,0.000000000e+00,0.000000000e+00,-3.082925759e+00,1.901229897e-02,0.000000000e+00,0.000000000e+00,-9.998192499e-01,0.000000000e+00,-0.000000000e+00,-0.000000000e+00,0.000000000e+00,1.900886247e-07,0.000000000e+00,-1.900886249e-07,-2.155477828e-16,1.000000000e+00
3.080000000e-01,0.000000000e+00,0.000000000e+00,0.000000000e+00,0.000000000e+00,0.000000000e+00,-2.958009091e+00,1.750231655e-02,0.000000000e+00,0.000000000e+00,-9.998468227e-01,0.000000000e+00,-0.000000000e+00,-0.000000000e+00,0.000000000e+00,1.749963557e-07,0.000000000e+00,-1.749963560e-07,-2.729431588e-16,1.000000000e+00
3.090000000e-01,0.000000000e+00,0.000000000e+00,0.000000000e+00,0.000000000e+00,0.000000000e+00,-2.833079471e+00,1.605474784e-02,0.000000000e+00,0.000000000e+00,-9.998711142e-01,0.000000000e+00,-0.000000000e+00,-0.000000000e+00,0.000000000e+00,1.605267858e-07,0.000000000e+00,-1.605267861e-07,-3.235149433e-16,1.000000000e+00
3.100000000e-01,0.000000000e+00,0.000000000e+00,0.000000000e+00,0.000000000e+00,0.000000000e+00,-2.708138470e+00,1.466960650e-02,0.000000000e+00,0.000000000e+00,-9.998923955e-01,0.000000000e+00,-0.000000000e+00,-0.000000000e+00,0.000000000e+00,1.466802795e-07,0.000000000e+00,-1.466802799e-07,-3.678246132e-16,1.000000000e+00
3.110000000e-01,0.000000000e+00,0.000000000e+00,0.000000000e+00,0.000000000e+00,0.000000000e+00,-2.583187528e+00,1.334690451e-02,0.000000000e+00,0.000000000e+00,-9.999109261e-01,0.000000000e+00,-0.000000000e+00,-0.000000000e+00,0.000000000e+00,1.334571561e-07,0.000000000e+00,-1.334571565e-07,-4.064109344e-16,1.000000000e+00
3.120000000e-01,0.000000000e+00,0.000000000e+00,0.000000000e+00,0.000000000e+00,0.000000000e+00,-2.458227957e+00,1.208665231e-02,0.000000000e+00,0.000000000e+00,-9.999269538e-01,0.000000000e+00,-0.000000000e+00,-0.000000000e+00,0.000000000e+00,1.208576938e-07,0.000000000e+00,-1.208576942e-07,-4.397882148e-16,1.000000000e+00
3.130000000e-01,0.000000000e+00,0.000000000e+00,0.000000000e+00,0.000000000e+00,0.000000000e+00,-2.333260949e+00,1.088885891e-02,0.000000000e+00,0.000000000e+00,-9.999407146e-01,0.000000000e+00,-0.000000000e+00,-0.000000000e+00,0.000000000e+00,1.088821332e-07,0.000000000e+00,-1.088821336e-07,-4.684471378e-16,1.000000000e+00
3.140000000e-01,0.000000000e+00,0.000000000e+00,0.000000000e+00,0.000000000e+00,0.000000000e+00,-2.208287581e+00,9.753532077e-03,0.000000000e+00,0.000000000e+00,-9.999524332e-01,0.000000000e+00,-0.000000000e+00,-0.000000000e+00,0.000000000e+00,9.753068083e-08,0.000000000e+00,-9.753068132e-08,-4.928541275e-16,1.000000000e+00
3.150000000e-01,0.000000000e+00,0.000000000e+00,0.000000000e+00,0.000000000e+00,0.000000000e+00,-2.083308820e+00,8.680678399e-03,0.000000000e+00,0.000000000e+00,-9.999623222e-01,0.000000000e+00,-0.000000000e+00,-0.000000000e+00,0.000000000e+00,8.680351279e-08,0.000000000e+00,-8.680351330e-08,-5.134517718e-16,1.000000000e+00
3.160000000e-01,0.000000000e+00,0.000000000e+00,0.000000000e+00,0.000000000e+00,0.000000000e+00,-1.958325530e+00,7.670303452e-03,0.000000000e+00,0.000000000e+00,-9.999705828e-01,0.000000000e+00,-0.000000000e+00,-0.000000000e+00,0.000000000e+00,7.670077760e-08,0.000000000e+00,-7.670077813e-08,-5.306583593e-16,1.000000000e+00
3.170000000e-01,0.000000000e+00,0.000000000e+00,0.000000000e+00,0.000000000e+00,0.000000000e+00,-1.833338477e+00,6.722411891e-03,0.000000000e+00,0.000000000e+00,-9.999774043e-01,0.000000000e+00,-0.000000000e+00,-0.000000000e+00,0.000000000e+00,6.722259939e-08,0.000000000e+00,-6.722259993e-08,-5.448679458e-16,1.000000000e+00
3.180000000e-01,0.000000000e+00,0.000000000e+00,0.000000000e+00,0.000000000e+00,0.000000000e+00,-1.708348335e+00,5.837007560e-03,0.000000000e+00,0.000000000e+00,-9.999829645e-01,0.000000000e+00,-0.000000000e+00,-0.000000000e+00,0.000000000e+00,5.836908069e-08,0.000000000e+00,-5.836908124e-08,-5.564504133e-16,1.000000000e+00
3.190000000e-01,0.000000000e+00,0.000000000e+00,0.000000000e+00,0.000000000e+00,0.000000000e+00,-1.583355694e+00,5.014093596e-03,0.000000000e+00,0.000000000e+00,-9.999874294e-01,0.000000000e+00,-0.000000000e+00,-0.000000000e+00,0.000000000e+00,5.014030509e-08,0.000000000e+00,-5.014030566e-08,-5.657513182e-16,1.000000000e+00
3.200000000e-01,0.000000000e+00,0.000000000e+00,0.000000000e+00,0.000000000e+00,0.000000000e+00,-1.458361063e+00,4.253672517e-03,0.000000000e+00,0.000000000e+00,-9.999909531e-01,0.000000000e+00,-0.000000000e+00,-0.000000000e+00,0.000000000e+00,4.253633977e-08,0.000000000e+00,-4.253634035e-08,-5.730919704e-16,1.000000000e+00
3.210000000e-01,0.000000000e+00,0.000000000e+00,0.000000000e+00,0.000000000e+00,0.000000000e+00,-1.333364874e+00,3.555746312e-03,0.000000000e+00,0.000000000e+00,-9.999936783e-01,0.000000000e+00,-0.000000000e+00,-0.000000000e+00,0.000000000e+00,3.555723776e-08,0.000000000e+00,-3.555723833e-08,-5.787691690e-16,1.000000000e+00
3.220000000e-01,0.000000000e+00,0.000000000e+00,0.000000000e+00,0.000000000e+00,0.000000000e+00,-1.208367495e+00,2.920316519e-03,0.000000000e+00,0.000000000e+00,-9.999957359e-01,0.000000000e+00,-0.000000000e+00,-0.000000000e+00,0.000000000e+00,2.920304008e-08,0.000000000e+00,-2.920304066e-08,-5.830555428e-16,1.000000000e+00
3.230000000e-01,0.000000000e+00,0.000000000e+00,0.000000000e+00,0.000000000e+00,0.000000000e+00,-1.083369230e+00,2.347384302e-03,0.000000000e+00,0.000000000e+00,-9.999972449e-01,0.000000000e+00,-0.000000000e+00,-0.000000000e+00,0.000000000e+00,2.347377776e-08,0.000000000e+00,-2.347377834e-08,-5.861991898e-16,1.000000000e+00
3.240000000e-01,0.000000000e+00,0.000000000e+00,0.000000000e+00,0.000000000e+00,0.000000000e+00,-9.583703240e-01,1.836950514e-03,0.000000000e+00,0.000000000e+00,-9.999983128e-01,0.000000000e+00,-0.000000000e+00,-0.000000000e+00,0.000000000e+00,1.836947356e-08,0.000000000e+00,-1.836947415e-08,-5.884239351e-16,1.000000000e+00
3.250000000e-01,0.000000000e+00,0.000000000e+00,0.000000000e+00,0.000000000e+00,0.000000000e+00,-8.333709744e-01,1.389015761e-03,0.000000000e+00,0.000000000e+00,-9.999990353e-01,0.000000000e+00,-0.000000000e+00,-0.000000000e+00,0.000000000e+00,1.389014362e-08,0.000000000e+00,-1.389014421e-08,-5.899290994e-16,1.000000000e+00
3.260000000e-01,0.000000000e+00,0.000000000e+00,0.000000000e+00,0.000000000e+00,0.000000000e+00,-7.083713321e-01,1.003580453e-03,0.000000000e+00,0.000000000e+00,-9.999994964e-01,0.000000000e+00,-0.000000000e+00,-0.000000000e+00,0.000000000e+00,1.003579888e-08,0.000000000e+00,-1.003579948e-08,-5.908896496e-16,1.000000000e+00
3.270000000e-01,0.000000000e+00,0.000000000e+00,0.000000000e+00,0.000000000e+00,0.000000000e+00,-5.833715094e-01,6.806448528e-04,0.000000000e+00,0.000000000e+00,-9.999997684e-01,0.000000000e+00,-0.000000000e+00,-0.000000000e+00,0.000000000e+00,6.806446360e-09,0.000000000e+00,-6.806446952e-09,-5.914561633e-16,1.000000000e+00
3.280000000e-01,0.000000000e+00,0.000000000e+00,0.000000000e+00,0.000000000e+00,0.000000000e+00,-4.583715852e-01,4.202091164e-04,0.000000000e+00,0.000000000e+00,-9.999999117e-01,0.000000000e+00,-0.000000000e+00,-0.000000000e+00,0.000000000e+00,4.202090202e-09,0.000000000e+00,-4.202090793e-09,-5.917547739e-16,1.000000000e+00
3.290000000e-01,0.000000000e+00,0.000000000e+00,0.000000000e+00,0.000000000e+00,0.000000000e+00,-3.333716109e-01,2.222733266e-04,0.000000000e+00,0.000000000e+00,-9.999999753e-01,0.000000000e+00,-0.000000000e+00,-0.000000000e+00,0.000000000e+00,2.222732620e-09,0.000000000e+00,-2.222733212e-09,-5.918872125e-16,1.000000000e+00
3.300000000e-01,0.000000000e+00,0.000000000e+00,0.000000000e+00,0.000000000e+00,0.000000000e+00,-2.083716169e-01,8.683752098e-05,0.000000000e+00,0.000000000e+00,-9.999999962e-01,0.000000000e+00,-0.000000000e+00,-0.000000000e+00,0.000000000e+00,8.683746146e-10,0.000000000e+00,-8.683752065e-10,-5.919308023e-16,1.000000000e+00
3.310000000e-01,0.000000000e+00,0.000000000e+00,0.000000000e+00,0.000000000e+00,0.000000000e+00,-8.337161752e-02,1.390171241e-05,0.000000000e+00,0.000000000e+00,-9.999999999e-01,0.000000000e+00,-0.000000000e+00,-0.000000000e+00,0.000000000e+00,1.390165322e-10,0.000000000e+00,-1.390171241e-10,-5.919384449e-16,1.000000000e+00
3.320000000e-01,0.000000000e+00,0.000000000e+00,0.000000000e+00,0.000000000e+00,0.000000000e+00,4.162838247e-02,3.465903648e-06,0.000000000e+00,0.000000000e+00,-1.000000000e+00,0.000000000e+00,0.000000000e+00,-0.000000000e+00,0.000000000e+00,3.465844454e-11,0.000000000e+00,-3.465903648e-11,-5.919386321e-16,1.000000000e+00
3.330000000e-01,0.000000000e+00,0.000000000e+00,0.000000000e+00,0.000000000e+00,0.000000000e+00,1.666283823e-01,5.553009483e-05,0.000000000e+00,0.000000000e+00,-9.999999985e-01,0.000000000e+00,0.000000000e+00,-0.000000000e+00,0.000000000e+00,5.553003555e-10,0.000000000e+00,-5.553009475e-10,-5.919354403e-16,1.000000000e+00
3.340000000e-01,0.000000000e+00,0.000000000e+00,0.000000000e+00,0.000000000e+00,0.000000000e+00,2.916283791e-01,1.700942846e-04,0.000000000e+00,0.000000000e+00,-9.999999855e-01,0.000000000e+00,0.000000000e+00,-0.000000000e+00,0.000000000e+00,1.700942230e-09,0.000000000e+00,-1.700942822e-09,-5.919085327e-16,1.000000000e+00
3.350000000e-01,0.000000000e+00,0.000000000e+00,0.000000000e+00,0.000000000e+00,0.000000000e+00,4.166283624e-01,3.471584648e-04,0.000000000e+00,0.000000000e+00,-9.999999397e-01,0.000000000e+00,0.000000000e+00,-0.000000000e+00,0.000000000e+00,3.471583847e-09,0.000000000e+00,-3.471584439e-09,-5.918131534e-16,1.000000000e+00
3.360000000e-01,0.000000000e+00,0.000000000e+00,0.000000000e+00,0.000000000e+00,0.000000000e+00,5.416283079e-01,5.867226080e-04,0.000000000e+00,0.000000000e+00,-9.999998279e-01,0.000000000e+00,0.000000000e+00,-0.000000000e+00,0.000000000e+00,5.867224478e-09,0.000000000e+00,-5.867225070e-09,-5.915801428e-16,1.000000000e+00
3.370000000e-01,0.000000000e+00,0.000000000e+00,0.000000000e+00,0.000000000e+00,0.000000000e+00,6.666281718e-01,8.887866491e-04,0.000000000e+00,0.000000000e+00,-9.999996050e-01,0.000000000e+00,0.000000000e+00,-0.000000000e+00,0.000000000e+00,8.887862390e-09,0.000000000e+00,-8.887862981e-09,-5.911159199e-16,1.000000000e+00
3.380000000e-01,0.000000000e+00,0.000000000e+00,0.000000000e+00,0.000000000e+00,0.000000000e+00,7.916278850e-01,1.253350460e-03,0.000000000e+00,0.000000000e+00,-9.999992146e-01,0.000000000e+00,0.000000000e+00,-0.000000000e+00,0.000000000e+00,1.253349417e-08,0.000000000e+00,-1.253349476e-08,-5.903024986e-16,1.000000000e+00
3.390000000e-01,0.000000000e+00,0.000000000e+00,0.000000000e+00,0.000000000e+00,0.000000000e+00,9.166273471e-01,1.680413818e-03,0.000000000e+00,0.000000000e+00,-9.999985881e-01,0.000000000e+00,0.000000000e+00,-0.000000000e+00,0.000000000e+00,1.680411387e-08,0.000000000e+00,-1.680411446e-08,-5.889974657e-16,1.000000000e+00
3.400000000e-01,0.000000000e+00,0.000000000e+00,0.000000000e+00,0.000000000e+00,0.000000000e+00,1.041626421e+00,2.169976368e-03,0.000000000e+00,0.000000000e+00,-9.999976456e-01,0.000000000e+00,0.000000000e+00,-0.000000000e+00,0.000000000e+00,2.169971200e-08,0.000000000e+00,-2.169971259e-08,-5.870339970e-16,1.000000000e+00
3.410000000e-01,0.000000000e+00,0.000000000e+00,0.000000000e+00,0.000000000e+00,0.000000000e+00,1.166624925e+00,2.722037573e-03,0.000000000e+00,0.000000000e+00,-9.999962952e-01,0.000000000e+00,0.000000000e+00,-0.000000000e+00,0.000000000e+00,2.722027430e-08,0.000000000e+00,-2.722027489e-08,-5.842208980e-16,1.000000000e+00
3.420000000e-01,0.000000000e+00,0.000000000e+00,0.000000000e+00,0.000000000e+00,0.000000000e+00,1.291622631e+00,3.336596671e-03,0.000000000e+00,0.000000000e+00,-9.999944335e-01,0.000000000e+00,0.000000000e+00,-0.000000000e+00,0.000000000e+00,3.336578040e-08,0.000000000e+00,-3.336578098e-08,-5.803425195e-16,1.000000000e+00
3.430000000e-01,0.000000000e+00,0.000000000e+00,0.000000000e+00,0.000000000e+00,0.000000000e+00,1.416619254e+00,4.013652608e-03,0.000000000e+00,0.000000000e+00,-9.999919453e-01,0.000000000e+00,0.000000000e+00,-0.000000000e+00,0.000000000e+00,4.013620222e-08,0.000000000e+00,-4.013620279e-08,-5.751589094e-16,1.000000000e+00
3.440000000e-01,0.000000000e+00,0.000000000e+00,0.000000000e+00,0.000000000e+00,0.000000000e+00,1.541614450e+00,4.753203979e-03,0.000000000e+00,0.000000000e+00,-9.999887035e-01,0.000000000e+00,0.000000000e+00,-0.000000000e+00,0.000000000e+00,4.753150227e-08,0.000000000e+00,-4.753150284e-08,-5.684056018e-16,1.000000000e+00
3.450000000e-01,0.000000000e+00,0.000000000e+00,0.000000000e+00,0.000000000e+00,0.000000000e+00,1.666607809e+00,5.555248954e-03,0.000000000e+00,0.000000000e+00,-9.999845695e-01,0.000000000e+00,0.000000000e+00,-0.000000000e+00,0.000000000e+00,5.555163177e-08,0.000000000e+00,-5.555163233e-08,-5.597938840e-16,1.000000000e+00
3.460000000e-01,0.000000000e+00,0.000000000e+00,0.000000000e+00,0.000000000e+00,0.000000000e+00,1.791598846e+00,6.419785200e-03,0.000000000e+00,0.000000000e+00,-9.999793930e-01,0.000000000e+00,0.000000000e+00,-0.000000000e+00,0.000000000e+00,6.419652852e-08,0.000000000e+00,-6.419652907e-08,-5.490105458e-16,1.000000000e+00
3.470000000e-01,0.000000000e+00,0.000000000e+00,0.000000000e+00,0.000000000e+00,0.000000000e+00,1.916587001e+00,7.346809798e-03,0.000000000e+00,0.000000000e+00,-9.999730118e-01,0.000000000e+00,0.000000000e+00,-0.000000000e+00,0.000000000e+00,7.346611468e-08,0.000000000e+00,-7.346611521e-08,-5.357182562e-16,1.000000000e+00
3.480000000e-01,0.000000000e+00,0.000000000e+00,0.000000000e+00,0.000000000e+00,0.000000000e+00,2.041571629e+00,8.336319152e-03,0.000000000e+00,0.000000000e+00,-9.999652523e-01,0.000000000e+00,0.000000000e+00,-0.000000000e+00,0.000000000e+00,8.336029432e-08,0.000000000e+00,-8.336029484e-08,-5.195552926e-16,1.000000000e+00
3.490000000e-01,0.000000000e+00,0.000000000e+00,0.000000000e+00,0.000000000e+00,0.000000000e+00,2.166551994e+00,9.388308887e-03,0.000000000e+00,0.000000000e+00,-9.999559289e-01,0.000000000e+00,0.000000000e+00,-0.000000000e+00,0.000000000e+00,9.387895083e-08,0.000000000e+00,-9.387895133e-08,-5.001355800e-16,1.000000000e+00
3.500000000e-01,0.000000000e+00,0.000000000e+00,0.000000000e+00,0.000000000e+00,0.000000000e+00,2.291527265e+00,1.050277375e-02,0.000000000e+00,0.000000000e+00,-9.999448444e-01,0.000000000e+00,0.000000000e+00,-0.000000000e+00,0.000000000e+00,1.050219442e-07,0.000000000e+00,-1.050219446e-07,-4.770487838e-16,1.000000000e+00
3.510000000e-01,0.000000000e+00,0.000000000e+00,0.000000000e+00,0.000000000e+00,0.000000000e+00,2.416496511e+00,1.167970750e-02,0.000000000e+00,0.000000000e+00,-9.999317899e-01,0.000000000e+00,0.000000000e+00,-0.000000000e+00,0.000000000e+00,1.167891078e-07,0.000000000e+00,-1.167891082e-07,-4.498606144e-16,1.000000000e+00
3.520000000e-01,0.000000000e+00,0.000000000e+00,0.000000000e+00,0.000000000e+00,0.000000000e+00,2.541458693e+00,1.291910278e-02,0.000000000e+00,0.000000000e+00,-9.999165449e-01,0.000000000e+00,0.000000000e+00,-0.000000000e+00,0.000000000e+00,1.291802457e-07,0.000000000e+00,-1.291802461e-07,-4.181126152e-16,1.000000000e+00
3.530000000e-01,0.000000000e+00,0.000000000e+00,0.000000000e+00,0.000000000e+00,0.000000000e+00,2.666412656e+00,1.422095101e-02,0.000000000e+00,0.000000000e+00,-9.998988772e-01,0.000000000e+00,0.000000000e+00,-0.000000000e+00,0.000000000e+00,1.421951291e-07,0.000000000e+00,-1.421951294e-07,-3.813221362e-16,1.000000000e+00
3.540000000e-01,0.000000000e+00,0.000000000e+00,0.000000000e+00,0.000000000e+00,0.000000000e+00,2.791357131e+00,1.558524224e-02,0.000000000e+00,0.000000000e+00,-9.998785427e-01,0.000000000e+00,0.000000000e+00,-0.000000000e+00,0.000000000e+00,1.558334926e-07,0.000000000e+00,-1.558334929e-07,-3.389826914e-16,1.000000000e+00
3.550000000e-01,0.000000000e+00,0.000000000e+00,0.000000000e+00,0.000000000e+00,0.000000000e+00,2.916290719e+00,1.701196502e-02,0.000000000e+00,0.000000000e+00,-9.998552861e-01,0.000000000e+00,0.000000000e+00,-0.000000000e+00,0.000000000e+00,1.700950312e-07,0.000000000e+00,-1.700950315e-07,-2.905638794e-16,1.000000000e+00
3.560000000e-01,0.000000000e+00,0.000000000e+00,0.000000000e+00,0.000000000e+00,0.000000000e+00,3.041211896e+00,1.850110626e-02,0.000000000e+00,0.000000000e+00,-9.998288399e-01,0.000000000e+00,0.000000000e+00,-0.000000000e+00,0.000000000e+00,1.849793959e-07,0.000000000e+00,-1.849793961e-07,-2.355116612e-16,1.000000000e+00
3.570000000e-01,0.000000000e+00,0.000000000e+00,0.000000000e+00,0.000000000e+00,0.000000000e+00,3.166118996e+00,2.005265109e-02,0.000000000e+00,0.000000000e+00,-9.997989254e-01,0.000000000e+00,0.000000000e+00,-0.000000000e+00,0.000000000e+00,2.004861900e-07,0.000000000e+00,-2.004861901e-07,-1.732483074e-16,1.000000000e+00
3.580000000e-01,0.000000000e+00,0.000000000e+00,0.000000000e+00,0.000000000e+00,0.000000000e+00,3.291010215e+00,2.166658267e-02,0.000000000e+00,0.000000000e+00,-9.997652520e-01,0.000000000e+00,0.000000000e+00,-0.000000000e+00,0.000000000e+00,2.166149647e-07,0.000000000e+00,-2.166149648e-07,-1.031727158e-16,1.000000000e+00
3.590000000e-01,0.000000000e+00,0.000000000e+00,0.000000000e+00,0.000000000e+00,0.000000000e+00,3.415883599e+00,2.334288205e-02,0.000000000e+00,0.000000000e+00,-9.997275178e-01,0.000000000e+00,0.000000000e+00,-0.000000000e+00,0.000000000e+00,2.333652153e-07,0.000000000e+00,-2.333652153e-07,-2.466025253e-17,1.000000000e+00
3.600000000e-01,0.000000000e+00,0.000000000e+00,0.000000000e+00,0.000000000e+00,0.000000000e+00,3.540737042e+00,2.508152801e-02,0.000000000e+00,0.000000000e+00,-9.996854090e-01,0.000000000e+00,0.000000000e+00,-0.000000000e+00,0.000000000e+00,2.507363760e-07,0.000000000e+00,-2.507363759e-07,6.293666556e-17,1.000000000e+00
3.610000000e-01,0.000000000e+00,0.000000000e+00,0.000000000e+00,0.000000000e+00,0.000000000e+00,3.665568275e+00,2.688249687e-02,0.000000000e+00,0.000000000e+00,-9.996386004e-01,0.000000000e+00,0.000000000e+00,-0.000000000e+00,0.000000000e+00,2.687278156e-07,0.000000000e+00,-2.687278154e-07,1.602885445e-16,1.000000000e+00
3.620000000e-01,0.000000000e+00,0.000000000e+00,0.000000000e+00,0.000000000e+00,0.000000000e+00,3.790374869e+00,2.874576230e-02,0.000000000e+00,0.000000000e+00,-9.995867552e-01,0.000000000e+00,0.000000000e+00,-0.000000000e+00,0.000000000e+00,2.873388329e-07,0.000000000e+00,-2.873388326e-07,2.680888924e-16,1.000000000e+00
3.630000000e-01,0.000000000e+00,0.000000000e+00,0.000000000e+00,0.000000000e+00,0.000000000e+00,3.915154219e+00,3.067129515e-02,0.000000000e+00,0.000000000e+00,-9.995295252e-01,0.000000000e+00,0.000000000e+00,-0.000000000e+00,0.000000000e+00,3.065686512e-07,0.000000000e+00,-3.065686508e-07,3.870530817e-16,1.000000000e+00
3.640000000e-01,0.000000000e+00,0.000000000e+00,0.000000000e+00,0.000000000e+00,0.000000000e+00,4.039903548e+00,3.265906326e-02,0.000000000e+00,0.000000000e+00,-9.994665505e-01,0.000000000e+00,0.000000000e+00,-0.000000000e+00,0.000000000e+00,3.264164136e-07,0.000000000e+00,-3.264164130e-07,5.179191956e-16,1.000000000e+00
3.650000000e-01,0.000000000e+00,0.000000000e+00,0.000000000e+00,0.000000000e+00,0.000000000e+00,4.164619894e+00,3.470903124e-02,0.000000000e+00,0.000000000e+00,-9.993974600e-01,0.000000000e+00,0.000000000e+00,-0.000000000e+00,0.000000000e+00,3.468811772e-07,0.000000000e+00,-3.468811766e-07,6.614467050e-16,1.000000000e+00
3.660000000e-01,0.000000000e+00,0.000000000e+00,0.000000000e+00,0.000000000e+00,0.000000000e+00,4.289300108e+00,3.682116025e-02,0.000000000e+00,0.000000000e+00,-9.993218711e-01,0.000000000e+00,0.000000000e+00,-0.000000000e+00,0.000000000e+00,3.679619084e-07,0.000000000e+00,-3.679619075e-07,8.184170509e-16,1.000000000e+00
3.670000000e-01,0.000000000e+00,0.000000000e+00,0.000000000e+00,0.000000000e+00,0.000000000e+00,4.413940848e+00,3.899540783e-02,0.000000000e+00,0.000000000e+00,-9.992393898e-01,0.000000000e+00,0.000000000e+00,-0.000000000e+00,0.000000000e+00,3.896574762e-07,0.000000000e+00,-3.896574753e-07,9.896324262e-16,1.000000000e+00
3.680000000e-01,0.000000000e+00,0.000000000e+00,0.000000000e+00,0.000000000e+00,0.000000000e+00,4.538538573e+00,4.123172766e-02,0.000000000e+00,0.000000000e+00,-9.991496107e-01,0.000000000e+00,0.000000000e+00,-0.000000000e+00,0.000000000e+00,4.119666476e-07,0.000000000e+00,-4.119666464e-07,1.175915724e-15,1.000000000e+00
3.690000000e-01,0.000000000e+00,0.000000000e+00,0.000000000e+00,0.000000000e+00,0.000000000e+00,4.663089537e+00,4.353006933e-02,0.000000000e+00,0.000000000e+00,-9.990521173e-01,0.000000000e+00,0.000000000e+00,-0.000000000e+00,0.000000000e+00,4.348880807e-07,0.000000000e+00,-4.348880793e-07,1.378110694e-15,1.000000000e+00
3.700000000e-01,0.000000000e+00,0.000000000e+00,0.000000000e+00,0.000000000e+00,0.000000000e+00,4.787589786e+00,4.589037811e-02,0.000000000e+00,0.000000000e+00,-9.989464816e-01,0.000000000e+00,0.000000000e+00,-0.000000000e+00,0.000000000e+00,4.584203191e-07,0.000000000e+00,-4.584203175e-07,1.597079881e-15,1.000000000e+00
3.710000000e-01,0.000000000e+00,0.000000000e+00,0.000000000e+00,0.000000000e+00,0.000000000e+00,4.912035147e+00,4.831259471e-02,0.000000000e+00,0.000000000e+00,-9.988322648e-01,0.000000000e+00,0.000000000e+00,-0.000000000e+00,0.000000000e+00,4.825617858e-07,0.000000000e+00,-4.825617840e-07,1.833706370e-15,1.000000000e+00
3.720000000e-01,0.000000000e+00,0.000000000e+00,0.000000000e+00,0.000000000e+00,0.000000000e+00,5.036421231e+00,5.079665507e-02,0.000000000e+00,0.000000000e+00,-9.987090166e-01,0.000000000e+00,0.000000000e+00,-0.000000000e+00,0.000000000e+00,5.073107764e-07,0.000000000e+00,-5.073107743e-07,2.088890609e-15,1.000000000e+00
3.730000000e-01,0.000000000e+00,0.000000000e+00,0.000000000e+00,0.000000000e+00,0.000000000e+00,5.160743420e+00,5.334249005e-02,0.000000000e+00,0.000000000e+00,-9.985762759e-01,0.000000000e+00,0.000000000e+00,-0.000000000e+00,0.000000000e+00,5.326654530e-07,0.000000000e+00,-5.326654506e-07,2.363552583e-15,1.000000000e+00
3.740000000e-01,0.000000000e+00,0.000000000e+00,0.000000000e+00,0.000000000e+00,0.000000000e+00,5.284996866e+00,5.595002524e-02,0.000000000e+00,0.000000000e+00,-9.984335705e-01,0.000000000e+00,0.000000000e+00,-0.000000000e+00,0.000000000e+00,5.586238374e-07,0.000000000e+00,-5.586238347e-07,2.658627522e-15,1.000000000e+00
3.750000000e-01,0.000000000e+00,0.000000000e+00,0.000000000e+00,0.000000000e+00,0.000000000e+00,5.409176483e+00,5.861918067e-02,0.000000000e+00,0.000000000e+00,-9.982804173e-01,0.000000000e+00,0.000000000e+00,-0.000000000e+00,0.000000000e+00,5.851838044e-07,0.000000000e+00,-5.851838014e-07,2.975070349e-15,1.000000000e+00
3.760000000e-01,0.000000000e+00,0.000000000e+00,0.000000000e+00,0.000000000e+00,0.000000000e+00,5.533276945e+00,6.134987054e-02,0.000000000e+00,0.000000000e+00,-9.981163226e-01,0.000000000e+00,0.000000000e+00,-0.000000000e+00,0.000000000e+00,6.123430750e-07,0.000000000e+00,-6.123430717e-07,3.313849964e-15,1.000000000e+00
3.770000000e-01,0.000000000e+00,0.000000000e+00,0.000000000e+00,0.000000000e+00,0.000000000e+00,5.657292680e+00,6.414200296e-02,0.000000000e+00,0.000000000e+00,-9.979407815e-01,0.000000000e+00,0.000000000e+00,-0.000000000e+00,0.000000000e+00,6.400992094e-07,0.000000000e+00,-6.400992057e-07,3.675950620e-15,1.000000000e+00
3.780000000e-01,0.000000000e+00,0.000000000e+00,0.000000000e+00,0.000000000e+00,0.000000000e+00,5.781217863e+00,6.699547970e-02,0.000000000e+00,0.000000000e+00,-9.977532790e-01,0.000000000e+00,0.000000000e+00,-0.000000000e+00,0.000000000e+00,6.684495996e-07,0.000000000e+00,-6.684495955e-07,4.062371603e-15,1.000000000e+00
3.790000000e-01,0.000000000e+00,0.000000000e+00,0.000000000e+00,0.000000000e+00,0.000000000e+00,5.905046413e+00,6.991019587e-02,0.000000000e+00,0.000000000e+00,-9.975532891e-01,0.000000000e+00,0.000000000e+00,-0.000000000e+00,0.000000000e+00,6.973914627e-07,0.000000000e+00,-6.973914582e-07,4.474124589e-15,1.000000000e+00
3.800000000e-01,0.000000000e+00,0.000000000e+00,0.000000000e+00,0.000000000e+00,0.000000000e+00,6.028771987e+00,7.288603963e-02,0.000000000e+00,0.000000000e+00,-9.973402755e-01,0.000000000e+00,0.000000000e+00,-0.000000000e+00,0.000000000e+00,7.269218334e-07,0.000000000e+00,-7.269218285e-07,4.912234699e-15,1.000000000e+00
3.810000000e-01,0.000000000e+00,0.000000000e+00,0.000000000e+00,0.000000000e+00,0.000000000e+00,6.152387978e+00,7.592289198e-02,0.000000000e+00,0.000000000e+00,-9.971136918e-01,0.000000000e+00,0.000000000e+00,-0.000000000e+00,0.000000000e+00,7.570375566e-07,0.000000000e+00,-7.570375512e-07,5.377739020e-15,1.000000000e+00
3.820000000e-01,0.000000000e+00,0.000000000e+00,0.000000000e+00,0.000000000e+00,0.000000000e+00,6.275887506e+00,7.902062637e-02,0.000000000e+00,0.000000000e+00,-9.968729812e-01,0.000000000e+00,0.000000000e+00,-0.000000000e+00,0.000000000e+00,7.877352797e-07,0.000000000e+00,-7.877352738e-07,5.871683636e-15,1.000000000e+00
3.830000000e-01,0.000000000e+00,0.000000000e+00,0.000000000e+00,0.000000000e+00,0.000000000e+00,6.399263417e+00,8.217910845e-02,0.000000000e+00,0.000000000e+00,-9.966175767e-01,0.000000000e+00,0.000000000e+00,-0.000000000e+00,0.000000000e+00,8.190114456e-07,0.000000000e+00,-8.190114392e-07,6.395123210e-15,1.000000000e+00
3.840000000e-01,0.000000000e+00,0.000000000e+00,0.000000000e+00,0.000000000e+00,0.000000000e+00,6.522508278e+00,8.539819580e-02,0.000000000e+00,0.000000000e+00,-9.963469015e-01,0.000000000e+00,0.000000000e+00,-0.000000000e+00,0.000000000e+00,8.508622847e-07,0.000000000e+00,-8.508622778e-07,6.949122568e-15,1.000000000e+00
3.850000000e-01,0.000000000e+00,0.000000000e+00,0.000000000e+00,0.000000000e+00,0.000000000e+00,6.645614371e+00,8.867773754e-02,0.000000000e+00,0.000000000e+00,-9.960603691e-01,0.000000000e+00,0.000000000e+00,-0.000000000e+00,0.000000000e+00,8.832838073e-07,0.000000000e+00,-8.832837998e-07,7.534751513e-15,1.000000000e+00
3.860000000e-01,0.000000000e+00,0.000000000e+00,0.000000000e+00,0.000000000e+00,0.000000000e+00,6.768573690e+00,9.201757410e-02,0.000000000e+00,0.000000000e+00,-9.957573831e-01,0.000000000e+00,0.000000000e+00,-0.000000000e+00,0.000000000e+00,9.162717960e-07,0.000000000e+00,-9.162717879e-07,8.153085035e-15,1.000000000e+00
3.870000000e-01,0.000000000e+00,0.000000000e+00,0.000000000e+00,0.000000000e+00,0.000000000e+00,6.891377939e+00,9.541753690e-02,0.000000000e+00,0.000000000e+00,-9.954373379e-01,0.000000000e+00,0.000000000e+00,-0.000000000e+00,0.000000000e+00,9.498217980e-07,0.000000000e+00,-9.498217891e-07,8.805203207e-15,1.000000000e+00
3.880000000e-01,0.000000000e+00,0.000000000e+00,0.000000000e+00,0.000000000e+00,0.000000000e+00,7.014018523e+00,9.887744797e-02,0.000000000e+00,0.000000000e+00,-9.950996183e-01,0.000000000e+00,0.000000000e+00,-0.000000000e+00,0.000000000e+00,9.839291168e-07,0.000000000e+00,-9.839291073e-07,9.492187691e-15,1.000000000e+00
3.890000000e-01,0.000000000e+00,0.000000000e+00,0.000000000e+00,0.000000000e+00,0.000000000e+00,7.136486549e+00,1.023971197e-01,0.000000000e+00,0.000000000e+00,-9.947436001e-01,0.000000000e+00,0.000000000e+00,-0.000000000e+00,0.000000000e+00,1.018588805e-06,0.000000000e+00,-1.018588795e-06,1.021512142e-14,1.000000000e+00
3.900000000e-01,0.000000000e+00,0.000000000e+00,0.000000000e+00,0.000000000e+00,0.000000000e+00,7.258772822e+00,1.059763546e-01,0.000000000e+00,0.000000000e+00,-9.943686501e-01,0.000000000e+00,0.000000000e+00,-0.000000000e+00,0.000000000e+00,1.053795658e-06,0.000000000e+00,-1.053795647e-06,1.097508552e-14,1.000000000e+00
3.910000000e-01,0.000000000e+00,0.000000000e+00,0.000000000e+00,0.000000000e+00,0.000000000e+00,7.380867836e+00,1.096149447e-01,0.000000000e+00,0.000000000e+00,-9.939741264e-01,0.000000000e+00,0.000000000e+00,-0.000000000e+00,0.000000000e+00,1.089544200e-06,0.000000000e+00,-1.089544189e-06,1.177315890e-14,1.000000000e+00
3.920000000e-01,0.000000000e+00,0.000000000e+00,0.000000000e+00,0.000000000e+00,0.000000000e+00,7.502761780e+00,1.133126714e-01,0.000000000e+00,0.000000000e+00,-9.935593784e-01,0.000000000e+00,0.000000000e+00,-0.000000000e+00,0.000000000e+00,1.125828687e-06,0.000000000e+00,-1.125828674e-06,1.261041709e-14,1.000000000e+00
3.930000000e-01,0.000000000e+00,0.000000000e+00,0.000000000e+00,0.000000000e+00,0.000000000e+00,7.624444528e+00,1.170693055e-01,0.000000000e+00,0.000000000e+00,-9.931237474e-01,0.000000000e+00,0.000000000e+00,-0.000000000e+00,0.000000000e+00,1.162643087e-06,0.000000000e+00,-1.162643074e-06,1.348792988e-14,1.000000000e+00
3.940000000e-01,0.000000000e+00,0.000000000e+00,0.000000000e+00,0.000000000e+00,0.000000000e+00,7.745905636e+00,1.208846060e-01,0.000000000e+00,0.000000000e+00,-9.926665664e-01,0.000000000e+00,0.000000000e+00,-0.000000000e+00,0.000000000e+00,1.199981082e-06,0.000000000e+00,-1.199981068e-06,1.440675565e-14,1.000000000e+00
3.950000000e-01,0.000000000e+00,0.000000000e+00,0.000000000e+00,0.000000000e+00,0.000000000e+00,7.867134343e+00,1.247583208e-01,0.000000000e+00,0.000000000e+00,-9.921871605e-01,0.000000000e+00,0.000000000e+00,-0.000000000e+00,0.000000000e+00,1.237836056e-06,0.000000000e+00,-1.237836040e-06,1.536794788e-14,1.000000000e+00
3.960000000e-01,0.000000000e+00,0.000000000e+00,0.000000000e+00,0.000000000e+00,0.000000000e+00,7.988119568e+00,1.286901854e-01,0.000000000e+00,0.000000000e+00,-9.916848472e-01,0.000000000e+00,0.000000000e+00,-0.000000000e+00,0.000000000e+00,1.276201085e-06,0.000000000e+00,-1.276201068e-06,1.637254336e-14,1.000000000e+00
3.970000000e-01,0.000000000e+00,0.000000000e+00,0.000000000e+00,0.000000000e+00,0.000000000e+00,8.108849905e+00,1.326799234e-01,0.000000000e+00,0.000000000e+00,-9.911589368e-01,0.000000000e+00,0.000000000e+00,-0.000000000e+00,0.000000000e+00,1.315068936e-06,0.000000000e+00,-1.315068918e-06,1.742156529e-14,1.000000000e+00
3.980000000e-01,0.000000000e+00,0.000000000e+00,0.000000000e+00,0.000000000e+00,0.000000000e+00,8.229313622e+00,1.367272457e-01,0.000000000e+00,0.000000000e+00,-9.906087322e-01,0.000000000e+00,0.000000000e+00,-0.000000000e+00,0.000000000e+00,1.354432054e-06,0.000000000e+00,-1.354432035e-06,1.851602270e-14,1.000000000e+00
3.990000000e-01,0.000000000e+00,0.000000000e+00,0.000000000e+00,0.000000000e+00,0.000000000e+00,8.349498661e+00,1.408318503e-01,0.000000000e+00,0.000000000e+00,-9.900335297e-01,0.000000000e+00,0.000000000e+00,-0.000000000e+00,0.000000000e+00,1.394282558e-06,0.000000000e+00,-1.394282538e-06,1.965690345e-14,1.000000000e+00
4.000000000e-01,0.000000000e+00,0.000000000e+00,0.000000000e+00,0.000000000e+00,0.000000000e+00,8.469392633e+00,1.449934218e-01,0.000000000e+00,0.000000000e+00,-9.894326190e-01,0.000000000e+00,0.000000000e+00,-0.000000000e+00,0.000000000e+00,1.434612231e-06,0.000000000e+00,-1.434612211e-06,2.084517696e-14,1.000000000e+00
4.010000000e-01,0.000000000e+00,0.000000000e+00,0.000000000e+00,0.000000000e+00,0.000000000e+00,8.588982820e+00,1.492116314e-01,0.000000000e+00,0.000000000e+00,-9.888052837e-01,0.000000000e+00,0.000000000e+00,-0.000000000e+00,0.000000000e+00,1.475412518e-06,0.000000000e+00,-1.475412496e-06,2.208178513e-14,1.000000000e+00
4.020000000e-01,0.000000000e+00,0.000000000e+00,0.000000000e+00,0.000000000e+00,0.000000000e+00,8.708256172e+00,1.534861365e-01,0.000000000e+00,0.000000000e+00,-9.881508012e-01,0.000000000e+00,0.000000000e+00,-0.000000000e+00,0.000000000e+00,1.516674511e-06,0.000000000e+00,-1.516674488e-06,2.336764595e-14,1.000000000e+00
4.030000000e-01,0.000000000e+00,0.000000000e+00,0.000000000e+00,0.000000000e+00,0.000000000e+00,8.827199307e+00,1.578165801e-01,0.000000000e+00,0.000000000e+00,-9.874684436e-01,0.000000000e+00,0.000000000e+00,-0.000000000e+00,0.000000000e+00,1.558388952e-06,0.000000000e+00,-1.558388927e-06,2.470364941e-14,1.000000000e+00
4.040000000e-01,0.000000000e+00,0.000000000e+00,0.000000000e+00,0.000000000e+00,0.000000000e+00,8.945798508e+00,1.622025907e-01,0.000000000e+00,0.000000000e+00,-9.867574776e-01,0.000000000e+00,0.000000000e+00,-0.000000000e+00,0.000000000e+00,1.600546219e-06,0.000000000e+00,-1.600546193e-06,2.609065358e-14,1.000000000e+00
4.050000000e-01,0.000000000e+00,0.000000000e+00,0.000000000e+00,0.000000000e+00,0.000000000e+00,9.064039728e+00,1.666437821e-01,0.000000000e+00,0.000000000e+00,-9.860171651e-01,0.000000000e+00,0.000000000e+00,-0.000000000e+00,0.000000000e+00,1.643136324e-06,0.000000000e+00,-1.643136296e-06,2.752948156e-14,1.000000000e+00
4.060000000e-01,0.000000000e+00,0.000000000e+00,0.000000000e+00,0.000000000e+00,0.000000000e+00,9.181908584e+00,1.711397528e-01,0.000000000e+00,0.000000000e+00,-9.852467635e-01,0.000000000e+00,0.000000000e+00,-0.000000000e+00,0.000000000e+00,1.686148905e-06,0.000000000e+00,-1.686148876e-06,2.902091811e-14,1.000000000e+00
4.070000000e-01,0.000000000e+00,0.000000000e+00,0.000000000e+00,0.000000000e+00,0.000000000e+00,9.299390360e+00,1.756900860e-01,0.000000000e+00,0.000000000e+00,-9.844455260e-01,0.000000000e+00,0.000000000e+00,-0.000000000e+00,0.000000000e+00,1.729573221e-06,0.000000000e+00,-1.729573191e-06,3.056571563e-14,1.000000000e+00
4.080000000e-01,0.000000000e+00,0.000000000e+00,0.000000000e+00,0.000000000e+00,0.000000000e+00,9.416470009e+00,1.802943489e-01,0.000000000e+00,0.000000000e+00,-9.836127021e-01,0.000000000e+00,0.000000000e+00,-0.000000000e+00,0.000000000e+00,1.773398149e-06,0.000000000e+00,-1.773398117e-06,3.216457481e-14,1.000000000e+00
4.090000000e-01,0.000000000e+00,0.000000000e+00,0.000000000e+00,0.000000000e+00,0.000000000e+00,9.533132152e+00,1.849520929e-01,0.000000000e+00,0.000000000e+00,-9.827475380e-01,0.000000000e+00,0.000000000e+00,-0.000000000e+00,0.000000000e+00,1.817612173e-06,0.000000000e+00,-1.817612139e-06,3.381815803e-14,1.000000000e+00
4.100000000e-01,0.000000000e+00,0.000000000e+00,0.000000000e+00,0.000000000e+00,0.000000000e+00,9.649361080e+00,1.896628529e-01,0.000000000e+00,0.000000000e+00,-9.818492767e-01,0.000000000e+00,0.000000000e+00,-0.000000000e+00,0.000000000e+00,1.862203385e-06,0.000000000e+00,-1.862203349e-06,3.552707834e-14,1.000000000e+00
4.110000000e-01,0.000000000e+00,0.000000000e+00,0.000000000e+00,0.000000000e+00,0.000000000e+00,9.765140753e+00,1.944261473e-01,0.000000000e+00,0.000000000e+00,-9.809171592e-01,0.000000000e+00,0.000000000e+00,-0.000000000e+00,0.000000000e+00,1.907159478e-06,0.000000000e+00,-1.907159441e-06,3.729189415e-14,1.000000000e+00
4.120000000e-01,0.000000000e+00,0.000000000e+00,0.000000000e+00,0.000000000e+00,0.000000000e+00,9.880454807e+00,1.992414776e-01,0.000000000e+00,0.000000000e+00,-9.799504241e-01,0.000000000e+00,0.000000000e+00,-0.000000000e+00,0.000000000e+00,1.952467744e-06,0.000000000e+00,-1.952467705e-06,3.911311260e-14,1.000000000e+00
4.130000000e-01,0.000000000e+00,0.000000000e+00,0.000000000e+00,0.000000000e+00,0.000000000e+00,9.995286553e+00,2.041083280e-01,0.000000000e+00,0.000000000e+00,-9.789483084e-01,0.000000000e+00,0.000000000e+00,-0.000000000e+00,0.000000000e+00,1.998115065e-06,0.000000000e+00,-1.998115024e-06,4.099118328e-14,1.000000000e+00
4.140000000e-01,0.000000000e+00,0.000000000e+00,0.000000000e+00,0.000000000e+00,0.000000000e+00,1.010961898e+01,2.090261654e-01,0.000000000e+00,0.000000000e+00,-9.779100481e-01,0.000000000e+00,0.000000000e+00,-0.000000000e+00,0.000000000e+00,2.044087918e-06,0.000000000e+00,-2.044087875e-06,4.292649771e-14,1.000000000e+00
4.150000000e-01,0.000000000e+00,0.000000000e+00,0.000000000e+00,0.000000000e+00,0.000000000e+00,1.022343475e+01,2.139944390e-01,0.000000000e+00,0.000000000e+00,-9.768348786e-01,0.000000000e+00,0.000000000e+00,-0.000000000e+00,0.000000000e+00,2.090372363e-06,0.000000000e+00,-2.090372319e-06,4.491938285e-14,1.000000000e+00
4.160000000e-01,0.000000000e+00,0.000000000e+00,0.000000000e+00,0.000000000e+00,0.000000000e+00,1.033671623e+01,2.190125801e-01,0.000000000e+00,0.000000000e+00,-9.757220351e-01,0.000000000e+00,0.000000000e+00,-0.000000000e+00,0.000000000e+00,2.136954050e-06,0.000000000e+00,-2.136954003e-06,4.697010001e-14,1.000000000e+00
4.170000000e-01,0.000000000e+00,0.000000000e+00,0.000000000e+00,0.000000000e+00,0.000000000e+00,1.044944546e+01,2.240800017e-01,0.000000000e+00,0.000000000e+00,-9.745707531e-01,0.000000000e+00,0.000000000e+00,-0.000000000e+00,0.000000000e+00,2.183818209e-06,0.000000000e+00,-2.183818160e-06,4.907883809e-14,1.000000000e+00
4.180000000e-01,0.000000000e+00,0.000000000e+00,0.000000000e+00,0.000000000e+00,0.000000000e+00,1.056160417e+01,2.291960987e-01,0.000000000e+00,0.000000000e+00,-9.733802691e-01,0.000000000e+00,0.000000000e+00,-0.000000000e+00,0.000000000e+00,2.230949654e-06,0.000000000e+00,-2.230949602e-06,5.124571862e-14,1.000000000e+00
4.190000000e-01,0.000000000e+00,0.000000000e+00,0.000000000e+00,0.000000000e+00,0.000000000e+00,1.067317380e+01,2.343602473e-01,0.000000000e+00,0.000000000e+00,-9.721498210e-01,0.000000000e+00,0.000000000e+00,-0.000000000e+00,0.000000000e+00,2.278332778e-06,0.000000000e+00,-2.278332724e-06,5.347078947e-14,1.000000000e+00
4.200000000e-01,0.000000000e+00,0.000000000e+00,0.000000000e+00,0.000000000e+00,0.000000000e+00,1.078413547e+01,2.395718049e-01,0.000000000e+00,0.000000000e+00,-9.708786486e-01,0.000000000e+00,0.000000000e+00,-0.000000000e+00,0.000000000e+00,2.325951557e-06,0.000000000e+00,-2.325951502e-06,5.575401252e-14,1.000000000e+00
4.210000000e-01,0.000000000e+00,0.000000000e+00,0.000000000e+00,0.000000000e+00,0.000000000e+00,1.089447004e+01,2.448301100e-01,0.000000000e+00,0.000000000e+00,-9.695659943e-01,0.000000000e+00,0.000000000e+00,-0.000000000e+00,0.000000000e+00,2.373789548e-06,0.000000000e+00,-2.373789490e-06,5.809527765e-14,1.000000000e+00
4.220000000e-01,0.000000000e+00,0.000000000e+00,0.000000000e+00,0.000000000e+00,0.000000000e+00,1.100415805e+01,2.501344819e-01,0.000000000e+00,0.000000000e+00,-9.682111035e-01,0.000000000e+00,0.000000000e+00,-0.000000000e+00,0.000000000e+00,2.421829888e-06,0.000000000e+00,-2.421829828e-06,6.049438455e-14,1.000000000e+00
4.230000000e-01,0.000000000e+00,0.000000000e+00,0.000000000e+00,0.000000000e+00,0.000000000e+00,1.111317979e+01,2.554842209e-01,0.000000000e+00,0.000000000e+00,-9.668132254e-01,0.000000000e+00,0.000000000e+00,-0.000000000e+00,0.000000000e+00,2.470055300e-06,0.000000000e+00,-2.470055237e-06,6.295105030e-14,1.000000000e+00
4.240000000e-01,0.000000000e+00,0.000000000e+00,0.000000000e+00,0.000000000e+00,0.000000000e+00,1.122151525e+01,2.608786076e-01,0.000000000e+00,0.000000000e+00,-9.653716135e-01,0.000000000e+00,0.000000000e+00,-0.000000000e+00,0.000000000e+00,2.518448089e-06,0.000000000e+00,-2.518448023e-06,6.546490348e-14,1.000000000e+00
4.250000000e-01,0.000000000e+00,0.000000000e+00,0.000000000e+00,0.000000000e+00,0.000000000e+00,1.132914416e+01,2.663169031e-01,0.000000000e+00,0.000000000e+00,-9.638855259e-01,0.000000000e+00,0.000000000e+00,-0.000000000e+00,0.000000000e+00,2.566990150e-06,0.000000000e+00,-2.566990082e-06,6.803548034e-14,1.000000000e+00
4.260000000e-01,0.000000000e+00,0.000000000e+00,0.000000000e+00,0.000000000e+00,0.000000000e+00,1.143604602e+01,2.717983490e-01,0.000000000e+00,0.000000000e+00,-9.623542266e-01,0.000000000e+00,0.000000000e+00,-0.000000000e+00,0.000000000e+00,2.615662970e-06,0.000000000e+00,-2.615662899e-06,7.066222438e-14,1.000000000e+00
4.270000000e-01,0.000000000e+00,0.000000000e+00,0.000000000e+00,0.000000000e+00,0.000000000e+00,1.154220003e+01,2.773221670e-01,0.000000000e+00,0.000000000e+00,-9.607769854e-01,0.000000000e+00,0.000000000e+00,-0.000000000e+00,0.000000000e+00,2.664447629e-06,0.000000000e+00,-2.664447556e-06,7.334447745e-14,1.000000000e+00
4.280000000e-01,0.000000000e+00,0.000000000e+00,0.000000000e+00,0.000000000e+00,0.000000000e+00,1.164758518e+01,2.828875592e-01,0.000000000e+00,0.000000000e+00,-9.591530790e-01,0.000000000e+00,0.000000000e+00,-0.000000000e+00,0.000000000e+00,2.713324810e-06,0.000000000e+00,-2.713324734e-06,7.608148866e-14,1.000000000e+00
4.290000000e-01,0.000000000e+00,0.000000000e+00,0.000000000e+00,0.000000000e+00,0.000000000e+00,1.175218022e+01,2.884937076e-01,0.000000000e+00,0.000000000e+00,-9.574817913e-01,0.000000000e+00,0.000000000e+00,-0.000000000e+00,0.000000000e+00,2.762274798e-06,0.000000000e+00,-2.762274719e-06,7.887240547e-14,1.000000000e+00
4.300000000e-01,0.000000000e+00,0.000000000e+00,0.000000000e+00,0.000000000e+00,0.000000000e+00,1.185596367e+01,2.941397745e-01,0.000000000e+00,0.000000000e+00,-9.557624145e-01,0.000000000e+00,0.000000000e+00,-0.000000000e+00,0.000000000e+00,2.811277493e-06,0.000000000e+00,-2.811277411e-06,8.171626904e-14,1.000000000e+00
4.310000000e-01,0.000000000e+00,0.000000000e+00,0.000000000e+00,0.000000000e+00,0.000000000e+00,1.195891385e+01,2.998249022e-01,0.000000000e+00,0.000000000e+00,-9.539942495e-01,0.000000000e+00,0.000000000e+00,-0.000000000e+00,0.000000000e+00,2.860312410e-06,0.000000000e+00,-2.860312325e-06,8.461201464e-14,1.000000000e+00
4.320000000e-01,0.000000000e+00,0.000000000e+00,0.000000000e+00,0.000000000e+00,0.000000000e+00,1.206100886e+01,3.055482130e-01,0.000000000e+00,0.000000000e+00,-9.521766063e-01,0.000000000e+00,0.000000000e+00,-0.000000000e+00,0.000000000e+00,2.909358693e-06,0.000000000e+00,-2.909358605e-06,8.755848101e-14,1.000000000e+00
4.330000000e-01,0.000000000e+00,0.000000000e+00,0.000000000e+00,0.000000000e+00,0.000000000e+00,1.216222660e+01,3.113088095e-01,0.000000000e+00,0.000000000e+00,-9.503088051e-01,0.000000000e+00,0.000000000e+00,-0.000000000e+00,0.000000000e+00,2.958395118e-06,0.000000000e+00,-2.958395028e-06,9.055439377e-14,1.000000000e+00
4.340000000e-01,0.000000000e+00,0.000000000e+00,0.000000000e+00,0.000000000e+00,0.000000000e+00,1.226254482e+01,3.171057743e-01,0.000000000e+00,0.000000000e+00,-9.483901771e-01,0.000000000e+00,0.000000000e+00,-0.000000000e+00,0.000000000e+00,3.007400108e-06,0.000000000e+00,-3.007400014e-06,9.359836294e-14,1.000000000e+00
4.350000000e-01,0.000000000e+00,0.000000000e+00,0.000000000e+00,0.000000000e+00,0.000000000e+00,1.236194106e+01,3.229381702e-01,0.000000000e+00,0.000000000e+00,-9.464200644e-01,0.000000000e+00,0.000000000e+00,-0.000000000e+00,0.000000000e+00,3.056351735e-06,0.000000000e+00,-3.056351638e-06,9.668889775e-14,1.000000000e+00
4.360000000e-01,0.000000000e+00,0.000000000e+00,0.000000000e+00,0.000000000e+00,0.000000000e+00,1.246039273e+01,3.288050403e-01,0.000000000e+00,0.000000000e+00,-9.443978216e-01,0.000000000e+00,0.000000000e+00,-0.000000000e+00,0.000000000e+00,3.105227738e-06,0.000000000e+00,-3.105227638e-06,9.982439010e-14,1.000000000e+00
4.370000000e-01,0.000000000e+00,0.000000000e+00,0.000000000e+00,0.000000000e+00,0.000000000e+00,1.255787708e+01,3.347054084e-01,0.000000000e+00,0.000000000e+00,-9.423228160e-01,0.000000000e+00,0.000000000e+00,-0.000000000e+00,0.000000000e+00,3.154005533e-06,0.000000000e+00,-3.154005430e-06,1.030031222e-13,1.000000000e+00
4.380000000e-01,0.000000000e+00,0.000000000e+00,0.000000000e+00,0.000000000e+00,0.000000000e+00,1.265437122e+01,3.406382785e-01,0.000000000e+00,0.000000000e+00,-9.401944284e-01,0.000000000e+00,0.000000000e+00,-0.000000000e+00,0.000000000e+00,3.202662221e-06,0.000000000e+00,-3.202662115e-06,1.062232654e-13,1.000000000e+00
4.390000000e-01,0.000000000e+00,0.000000000e+00,0.000000000e+00,0.000000000e+00,0.000000000e+00,1.274985217e+01,3.466026353e-01,0.000000000e+00,0.000000000e+00,-9.380120539e-01,0.000000000e+00,0.000000000e+00,-0.000000000e+00,0.000000000e+00,3.251174608e-06,0.000000000e+00,-3.251174499e-06,1.094828781e-13,1.000000000e+00
4.400000000e-01,0.000000000e+00,0.000000000e+00,0.000000000e+00,0.000000000e+00,0.000000000e+00,1.284429681e+01,3.525974448e-01,0.000000000e+00,0.000000000e+00,-9.357751022e-01,0.000000000e+00,0.000000000e+00,-0.000000000e+00,0.000000000e+00,3.299519212e-06,0.000000000e+00,-3.299519099e-06,1.127799128e-13,1.000000000e+00
4.410000000e-01,0.000000000e+00,0.000000000e+00,0.000000000e+00,0.000000000e+00,0.000000000e+00,1.293768195e+01,3.586216535e-01,0.000000000e+00,0.000000000e+00,-9.334829991e-01,0.000000000e+00,0.000000000e+00,-0.000000000e+00,0.000000000e+00,3.347672283e-06,0.000000000e+00,-3.347672166e-06,1.161121954e-13,1.000000000e+00
4.420000000e-01,0.000000000e+00,0.000000000e+00,0.000000000e+00,0.000000000e+00,0.000000000e+00,1.302998430e+01,3.646741897e-01,0.000000000e+00,0.000000000e+00,-9.311351864e-01,0.000000000e+00,0.000000000e+00,-0.000000000e+00,0.000000000e+00,3.395609815e-06,0.000000000e+00,-3.395609696e-06,1.194774548e-13,1.000000000e+00
4.430000000e-01,0.000000000e+00,0.000000000e+00,0.000000000e+00,0.000000000e+00,0.000000000e+00,1.312118052e+01,3.707539630e-01,0.000000000e+00,0.000000000e+00,-9.287311230e-01,0.000000000e+00,0.000000000e+00,-0.000000000e+00,0.000000000e+00,3.443307567e-06,0.000000000e+00,-3.443307444e-06,1.228733005e-13,1.000000000e+00
4.440000000e-01,0.000000000e+00,0.000000000e+00,0.000000000e+00,0.000000000e+00,0.000000000e+00,1.321124724e+01,3.768598650e-01,0.000000000e+00,0.000000000e+00,-9.262702857e-01,0.000000000e+00,0.000000000e+00,-0.000000000e+00,0.000000000e+00,3.490741075e-06,0.000000000e+00,-3.490740949e-06,1.262972389e-13,1.000000000e+00
4.450000000e-01,0.000000000e+00,0.000000000e+00,0.000000000e+00,0.000000000e+00,0.000000000e+00,1.330016104e+01,3.829907695e-01,0.000000000e+00,0.000000000e+00,-9.237521694e-01,0.000000000e+00,0.000000000e+00,-0.000000000e+00,0.000000000e+00,3.537885672e-06,0.000000000e+00,-3.537885542e-06,1.297466650e-13,1.000000000e+00
4.460000000e-01,0.000000000e+00,0.000000000e+00,0.000000000e+00,0.000000000e+00,0.000000000e+00,1.338789847e+01,3.891455326e-01,0.000000000e+00,0.000000000e+00,-9.211762885e-01,0.000000000e+00,0.000000000e+00,-0.000000000e+00,0.000000000e+00,3.584716507e-06,0.000000000e+00,-3.584716374e-06,1.332188703e-13,1.000000000e+00
4.470000000e-01,0.000000000e+00,0.000000000e+00,0.000000000e+00,0.000000000e+00,0.000000000e+00,1.347443610e+01,3.953229934e-01,0.000000000e+00,0.000000000e+00,-9.185421770e-01,0.000000000e+00,0.000000000e+00,-0.000000000e+00,0.000000000e+00,3.631208566e-06,0.000000000e+00,-3.631208430e-06,1.367110440e-13,1.000000000e+00
4.480000000e-01,0.000000000e+00,0.000000000e+00,0.000000000e+00,0.000000000e+00,0.000000000e+00,1.355975053e+01,4.015219742e-01,0.000000000e+00,0.000000000e+00,-9.158493895e-01,0.000000000e+00,0.000000000e+00,-0.000000000e+00,0.000000000e+00,3.677336690e-06,0.000000000e+00,-3.677336550e-06,1.402202663e-13,1.000000000e+00
4.490000000e-01,0.000000000e+00,0.000000000e+00,0.000000000e+00,0.000000000e+00,0.000000000e+00,1.364381837e+01,4.077412810e-01,0.000000000e+00,0.000000000e+00,-9.130975018e-01,0.000000000e+00,0.000000000e+00,-0.000000000e+00,0.000000000e+00,3.723075594e-06,0.000000000e+00,-3.723075451e-06,1.437435287e-13,1.000000000e+00
4.500000000e-01,0.000000000e+00,0.000000000e+00,0.000000000e+00,0.000000000e+00,0.000000000e+00,1.372661629e+01,4.139797038e-01,0.000000000e+00,0.000000000e+00,-9.102861115e-01,0.000000000e+00,0.000000000e+00,-0.000000000e+00,0.000000000e+00,3.768399896e-06,0.000000000e+00,-3.768399748e-06,1.472777322e-13,1.000000000e+00
4.510000000e-01,0.000000000e+00,0.000000000e+00,0.000000000e+00,0.000000000e+00,0.000000000e+00,1.380812103e+01,4.202360172e-01,0.000000000e+00,0.000000000e+00,-9.074148389e-01,0.000000000e+00,0.000000000e+00,-0.000000000e+00,0.000000000e+00,3.813284129e-06,0.000000000e+00,-3.813283978e-06,1.508196656e-13,1.000000000e+00
4.520000000e-01,0.000000000e+00,0.000000000e+00,0.000000000e+00,0.000000000e+00,0.000000000e+00,1.388830943e+01,4.265089808e-01,0.000000000e+00,0.000000000e+00,-9.044833272e-01,0.000000000e+00,0.000000000e+00,-0.000000000e+00,0.000000000e+00,3.857702775e-06,0.000000000e+00,-3.857702621e-06,1.543660507e-13,1.000000000e+00
4.530000000e-01,0.000000000e+00,0.000000000e+00,0.000000000e+00,0.000000000e+00,0.000000000e+00,1.396715841e+01,4.327973399e-01,0.000000000e+00,0.000000000e+00,-9.014912438e-01,0.000000000e+00,0.000000000e+00,-0.000000000e+00,0.000000000e+00,3.901630280e-06,0.000000000e+00,-3.901630122e-06,1.579135119e-13,1.000000000e+00
4.540000000e-01,0.000000000e+00,0.000000000e+00,0.000000000e+00,0.000000000e+00,0.000000000e+00,1.404464503e+01,4.390998256e-01,0.000000000e+00,0.000000000e+00,-8.984382801e-01,0.000000000e+00,0.000000000e+00,-0.000000000e+00,0.000000000e+00,3.945041083e-06,0.000000000e+00,-3.945040921e-06,1.614585998e-13,1.000000000e+00
4.550000000e-01,0.000000000e+00,0.000000000e+00,0.000000000e+00,0.000000000e+00,0.000000000e+00,1.412074651e+01,4.454151561e-01,0.000000000e+00,0.000000000e+00,-8.953241529e-01,0.000000000e+00,0.000000000e+00,-0.000000000e+00,0.000000000e+00,3.987909638e-06,0.000000000e+00,-3.987909473e-06,1.649977889e-13,1.000000000e+00
4.560000000e-01,0.000000000e+00,0.000000000e+00,0.000000000e+00,0.000000000e+00,0.000000000e+00,1.419544019e+01,4.517420363e-01,0.000000000e+00,0.000000000e+00,-8.921486046e-01,0.000000000e+00,0.000000000e+00,-0.000000000e+00,0.000000000e+00,4.030210442e-06,0.000000000e+00,-4.030210273e-06,1.685274853e-13,1.000000000e+00
4.570000000e-01,0.000000000e+00,0.000000000e+00,0.000000000e+00,0.000000000e+00,0.000000000e+00,1.426870362e+01,4.580791596e-01,0.000000000e+00,0.000000000e+00,-8.889114037e-01,0.000000000e+00,0.000000000e+00,-0.000000000e+00,0.000000000e+00,4.071918059e-06,0.000000000e+00,-4.071917887e-06,1.720440273e-13,1.000000000e+00
4.580000000e-01,0.000000000e+00,0.000000000e+00,0.000000000e+00,0.000000000e+00,0.000000000e+00,1.434051454e+01,4.644252073e-01,0.000000000e+00,0.000000000e+00,-8.856123457e-01,0.000000000e+00,0.000000000e+00,-0.000000000e+00,0.000000000e+00,4.113007148e-06,0.000000000e+00,-4.113006972e-06,1.755436989e-13,1.000000000e+00
4.590000000e-01,0.000000000e+00,0.000000000e+00,0.000000000e+00,0.000000000e+00,0.000000000e+00,1.441085092e+01,4.707788504e-01,0.000000000e+00,0.000000000e+00,-8.822512533e-01,0.000000000e+00,0.000000000e+00,-0.000000000e+00,0.000000000e+00,4.153452487e-06,0.000000000e+00,-4.153452308e-06,1.790227292e-13,1.000000000e+00
4.600000000e-01,0.000000000e+00,0.000000000e+00,0.000000000e+00,0.000000000e+00,0.000000000e+00,1.447969096e+01,4.771387494e-01,0.000000000e+00,0.000000000e+00,-8.788279774e-01,0.000000000e+00,0.000000000e+00,-0.000000000e+00,0.000000000e+00,4.193229003e-06,0.000000000e+00,-4.193228821e-06,1.824772972e-13,1.000000000e+00
4.610000000e-01,0.000000000e+00,0.000000000e+00,0.000000000e+00,0.000000000e+00,0.000000000e+00,1.454701309e+01,4.835035557e-01,0.000000000e+00,0.000000000e+00,-8.753423968e-01,0.000000000e+00,0.000000000e+00,-0.000000000e+00,0.000000000e+00,4.232311799e-06,0.000000000e+00,-4.232311613e-06,1.859035471e-13,1.000000000e+00
4.620000000e-01,0.000000000e+00,0.000000000e+00,0.000000000e+00,0.000000000e+00,0.000000000e+00,1.461279607e+01,4.898719118e-01,0.000000000e+00,0.000000000e+00,-8.717944196e-01,0.000000000e+00,0.000000000e+00,-0.000000000e+00,0.000000000e+00,4.270676179e-06,0.000000000e+00,-4.270675990e-06,1.892975836e-13,1.000000000e+00
4.630000000e-01,0.000000000e+00,0.000000000e+00,0.000000000e+00,0.000000000e+00,0.000000000e+00,1.467701891e+01,4.962424523e-01,0.000000000e+00,0.000000000e+00,-8.681839831e-01,0.000000000e+00,0.000000000e+00,-0.000000000e+00,0.000000000e+00,4.308297681e-06,0.000000000e+00,-4.308297488e-06,1.926554958e-13,1.000000000e+00
4.640000000e-01,0.000000000e+00,0.000000000e+00,0.000000000e+00,0.000000000e+00,0.000000000e+00,1.473966095e+01,5.026138048e-01,0.000000000e+00,0.000000000e+00,-8.645110544e-01,0.000000000e+00,0.000000000e+00,-0.000000000e+00,0.000000000e+00,4.345152099e-06,0.000000000e+00,-4.345151903e-06,1.959733365e-13,1.000000000e+00
4.650000000e-01,0.000000000e+00,0.000000000e+00,0.000000000e+00,0.000000000e+00,0.000000000e+00,1.480070187e+01,5.089845904e-01,0.000000000e+00,0.000000000e+00,-8.607756309e-01,0.000000000e+00,0.000000000e+00,-0.000000000e+00,0.000000000e+00,4.381215518e-06,0.000000000e+00,-4.381215319e-06,1.992471672e-13,1.000000000e+00
4.660000000e-01,0.000000000e+00,0.000000000e+00,0.000000000e+00,0.000000000e+00,0.000000000e+00,1.486012170e+01,5.153534248e-01,0.000000000e+00,0.000000000e+00,-8.569777404e-01,0.000000000e+00,0.000000000e+00,-0.000000000e+00,0.000000000e+00,4.416464337e-06,0.000000000e+00,-4.416464135e-06,2.024730244e-13,1.000000000e+00
4.670000000e-01,0.000000000e+00,0.000000000e+00,0.000000000e+00,0.000000000e+00,0.000000000e+00,1.491790083e+01,5.217189190e-01,0.000000000e+00,0.000000000e+00,-8.531174418e-01,0.000000000e+00,0.000000000e+00,-0.000000000e+00,0.000000000e+00,4.450875301e-06,0.000000000e+00,-4.450875095e-06,2.056469593e-13,1.000000000e+00
4.680000000e-01,0.000000000e+00,0.000000000e+00,0.000000000e+00,0.000000000e+00,0.000000000e+00,1.497402005e+01,5.280796802e-01,0.000000000e+00,0.000000000e+00,-8.491948253e-01,0.000000000e+00,0.000000000e+00,-0.000000000e+00,0.000000000e+00,4.484425527e-06,0.000000000e+00,-4.484425318e-06,2.087650375e-13,1.000000000e+00
4.690000000e-01,0.000000000e+00,0.000000000e+00,0.000000000e+00,0.000000000e+00,0.000000000e+00,1.502846055e+01,5.344343125e-01,0.000000000e+00,0.000000000e+00,-8.452100127e-01,0.000000000e+00,0.000000000e+00,-0.000000000e+00,0.000000000e+00,4.517092533e-06,0.000000000e+00,-4.517092321e-06,2.118233381e-13,1.000000000e+00
4.700000000e-01,0.000000000e+00,0.000000000e+00,0.000000000e+00,0.000000000e+00,0.000000000e+00,1.508120398e+01,5.407814181e-01,0.000000000e+00,0.000000000e+00,-8.411631577e-01,0.000000000e+00,0.000000000e+00,-0.000000000e+00,0.000000000e+00,4.548854268e-06,0.000000000e+00,-4.548854053e-06,2.148179714e-13,1.000000000e+00
4.710000000e-01,0.000000000e+00,0.000000000e+00,0.000000000e+00,0.000000000e+00,0.000000000e+00,1.513223238e+01,5.471195980e-01,0.000000000e+00,0.000000000e+00,-8.370544459e-01,0.000000000e+00,0.000000000e+00,-0.000000000e+00,0.000000000e+00,4.579689138e-06,0.000000000e+00,-4.579688920e-06,2.177450750e-13,1.000000000e+00
4.720000000e-01,0.000000000e+00,0.000000000e+00,0.000000000e+00,0.000000000e+00,0.000000000e+00,1.518152831e+01,5.534474529e-01,0.000000000e+00,0.000000000e+00,-8.328840957e-01,0.000000000e+00,0.000000000e+00,-0.000000000e+00,0.000000000e+00,4.609576034e-06,0.000000000e+00,-4.609575813e-06,2.206008415e-13,1.000000000e+00
4.730000000e-01,0.000000000e+00,0.000000000e+00,0.000000000e+00,0.000000000e+00,0.000000000e+00,1.522907476e+01,5.597635843e-01,0.000000000e+00,0.000000000e+00,-8.286523576e-01,0.000000000e+00,0.000000000e+00,-0.000000000e+00,0.000000000e+00,4.638494361e-06,0.000000000e+00,-4.638494138e-06,2.233815134e-13,1.000000000e+00
4.740000000e-01,0.000000000e+00,0.000000000e+00,0.000000000e+00,0.000000000e+00,0.000000000e+00,1.527485526e+01,5.660665951e-01,0.000000000e+00,0.000000000e+00,-8.243595149e-01,0.000000000e+00,0.000000000e+00,-0.000000000e+00,0.000000000e+00,4.666424064e-06,0.000000000e+00,-4.666423838e-06,2.260833902e-13,1.000000000e+00
4.750000000e-01,0.000000000e+00,0.000000000e+00,0.000000000e+00,0.000000000e+00,0.000000000e+00,1.531885383e+01,5.723550911e-01,0.000000000e+00,0.000000000e+00,-8.200058840e-01,0.000000000e+00,0.000000000e+00,-0.000000000e+00,0.000000000e+00,4.693345653e-06,0.000000000e+00,-4.693345424e-06,2.287028412e-13,1.000000000e+00
4.760000000e-01,0.000000000e+00,0.000000000e+00,0.000000000e+00,0.000000000e+00,0.000000000e+00,1.536105503e+01,5.786276812e-01,0.000000000e+00,0.000000000e+00,-8.155918137e-01,0.000000000e+00,0.000000000e+00,-0.000000000e+00,0.000000000e+00,4.719240231e-06,0.000000000e+00,-4.719240000e-06,2.312363151e-13,1.000000000e+00
4.770000000e-01,0.000000000e+00,0.000000000e+00,0.000000000e+00,0.000000000e+00,0.000000000e+00,1.540144396e+01,5.848829793e-01,0.000000000e+00,0.000000000e+00,-8.111176860e-01,0.000000000e+00,0.000000000e+00,-0.000000000e+00,0.000000000e+00,4.744089521e-06,0.000000000e+00,-4.744089287e-06,2.336803499e-13,1.000000000e+00
4.780000000e-01,0.000000000e+00,0.000000000e+00,0.000000000e+00,0.000000000e+00,0.000000000e+00,1.544000630e+01,5.911196043e-01,0.000000000e+00,0.000000000e+00,-8.065839159e-01,0.000000000e+00,0.000000000e+00,-0.000000000e+00,0.000000000e+00,4.767875888e-06,0.000000000e+00,-4.767875652e-06,2.360315719e-13,1.000000000e+00
4.790000000e-01,0.000000000e+00,0.000000000e+00,0.000000000e+00,0.000000000e+00,0.000000000e+00,1.547672828e+01,5.973361818e-01,0.000000000e+00,0.000000000e+00,-8.019909513e-01,0.000000000e+00,0.000000000e+00,-0.000000000e+00,0.000000000e+00,4.790582365e-06,0.000000000e+00,-4.790582127e-06,2.382867082e-13,1.000000000e+00
4.800000000e-01,0.000000000e+00,0.000000000e+00,0.000000000e+00,0.000000000e+00,0.000000000e+00,1.551159675e+01,6.035313447e-01,0.000000000e+00,0.000000000e+00,-7.973392728e-01,0.000000000e+00,0.000000000e+00,-0.000000000e+00,0.000000000e+00,4.812192676e-06,0.000000000e+00,-4.812192435e-06,2.404425985e-13,1.000000000e+00
4.810000000e-01,0.000000000e+00,0.000000000e+00,0.000000000e+00,0.000000000e+00,0.000000000e+00,1.554459916e+01,6.097037344e-01,0.000000000e+00,0.000000000e+00,-7.926293940e-01,0.000000000e+00,0.000000000e+00,-0.000000000e+00,0.000000000e+00,4.832691258e-06,0.000000000e+00,-4.832691015e-06,2.424962010e-13,1.000000000e+00
4.820000000e-01,0.000000000e+00,0.000000000e+00,0.000000000e+00,0.000000000e+00,0.000000000e+00,1.557572356e+01,6.158520016e-01,0.000000000e+00,0.000000000e+00,-7.878618611e-01,0.000000000e+00,0.000000000e+00,-0.000000000e+00,0.000000000e+00,4.852063286e-06,0.000000000e+00,-4.852063041e-06,2.444445945e-13,1.000000000e+00
4.830000000e-01,0.000000000e+00,0.000000000e+00,0.000000000e+00,0.000000000e+00,0.000000000e+00,1.560495865e+01,6.219748073e-01,0.000000000e+00,0.000000000e+00,-7.830372527e-01,0.000000000e+00,0.000000000e+00,-0.000000000e+00,0.000000000e+00,4.870294690e-06,0.000000000e+00,-4.870294443e-06,2.462849904e-13,1.000000000e+00
4.840000000e-01,0.000000000e+00,0.000000000e+00,0.000000000e+00,0.000000000e+00,0.000000000e+00,1.563229378e+01,6.280708237e-01,0.000000000e+00,0.000000000e+00,-7.781561799e-01,0.000000000e+00,0.000000000e+00,-0.000000000e+00,0.000000000e+00,4.887372177e-06,0.000000000e+00,-4.887371929e-06,2.480147376e-13,1.000000000e+00
4.850000000e-01,0.000000000e+00,0.000000000e+00,0.000000000e+00,0.000000000e+00,0.000000000e+00,1.565771895e+01,6.341387357e-01,0.000000000e+00,0.000000000e+00,-7.732192858e-01,0.000000000e+00,0.000000000e+00,-0.000000000e+00,0.000000000e+00,4.903283253e-06,0.000000000e+00,-4.903283003e-06,2.496313364e-13,1.000000000e+00
4.860000000e-01,0.000000000e+00,0.000000000e+00,0.000000000e+00,0.000000000e+00,0.000000000e+00,1.568122481e+01,6.401772410e-01,0.000000000e+00,0.000000000e+00,-7.682272451e-01,0.000000000e+00,0.000000000e+00,-0.000000000e+00,0.000000000e+00,4.918016233e-06,0.000000000e+00,-4.918015982e-06,2.511324295e-13,1.000000000e+00
4.870000000e-01,0.000000000e+00,0.000000000e+00,0.000000000e+00,0.000000000e+00,0.000000000e+00,1.570280273e+01,6.461850518e-01,0.000000000e+00,0.000000000e+00,-7.631807642e-01,0.000000000e+00,0.000000000e+00,-0.000000000e+00,0.000000000e+00,4.931560269e-06,0.000000000e+00,-4.931560016e-06,2.525158198e-13,1.000000000e+00
4.880000000e-01,0.000000000e+00,0.000000000e+00,0.000000000e+00,0.000000000e+00,0.000000000e+00,1.572244471e+01,6.521608951e-01,0.000000000e+00,0.000000000e+00,-7.580805807e-01,0.000000000e+00,0.000000000e+00,-0.000000000e+00,0.000000000e+00,4.943905355e-06,0.000000000e+00,-4.943905101e-06,2.537794820e-13,1.000000000e+00
4.890000000e-01,0.000000000e+00,0.000000000e+00,0.000000000e+00,0.000000000e+00,0.000000000e+00,1.574014350e+01,6.581035144e-01,0.000000000e+00,0.000000000e+00,-7.529274628e-01,0.000000000e+00,0.000000000e+00,-0.000000000e+00,0.000000000e+00,4.955042349e-06,0.000000000e+00,-4.955042094e-06,2.549215476e-13,1.000000000e+00
4.900000000e-01,0.000000000e+00,0.000000000e+00,0.000000000e+00,0.000000000e+00,0.000000000e+00,1.575589252e+01,6.640116699e-01,0.000000000e+00,0.000000000e+00,-7.477222093e-01,0.000000000e+00,0.000000000e+00,-0.000000000e+00,0.000000000e+00,4.964962984e-06,0.000000000e+00,-4.964962728e-06,2.559403232e-13,1.000000000e+00
4.910000000e-01,0.000000000e+00,0.000000000e+00,0.000000000e+00,0.000000000e+00,0.000000000e+00,1.576968592e+01,6.698841398e-01,0.000000000e+00,0.000000000e+00,-7.424656486e-01,0.000000000e+00,0.000000000e+00,-0.000000000e+00,0.000000000e+00,4.973659880e-06,0.000000000e+00,-4.973659623e-06,2.568342962e-13,1.000000000e+00
4.920000000e-01,0.000000000e+00,0.000000000e+00,0.000000000e+00,0.000000000e+00,0.000000000e+00,1.578151855e+01,6.757197210e-01,0.000000000e+00,0.000000000e+00,-7.371586387e-01,0.000000000e+00,0.000000000e+00,-0.000000000e+00,0.000000000e+00,4.981126555e-06,0.000000000e+00,-4.981126297e-06,2.576021358e-13,1.000000000e+00
4.930000000e-01,0.000000000e+00,0.000000000e+00,0.000000000e+00,0.000000000e+00,0.000000000e+00,1.579138600e+01,6.815172302e-01,0.000000000e+00,0.000000000e+00,-7.318020668e-01,0.000000000e+00,0.000000000e+00,-0.000000000e+00,0.000000000e+00,4.987357434e-06,0.000000000e+00,-4.987357176e-06,2.582426926e-13,1.000000000e+00
4.940000000e-01,0.000000000e+00,0.000000000e+00,0.000000000e+00,0.000000000e+00,0.000000000e+00,1.579928457e+01,6.872755046e-01,0.000000000e+00,0.000000000e+00,-7.263968480e-01,0.000000000e+00,0.000000000e+00,-0.000000000e+00,0.000000000e+00,4.992347861e-06,0.000000000e+00,-4.992347602e-06,2.587550010e-13,1.000000000e+00
4.950000000e-01,0.000000000e+00,0.000000000e+00,0.000000000e+00,0.000000000e+00,0.000000000e+00,1.580521132e+01,6.929934027e-01,0.000000000e+00,0.000000000e+00,-7.209439256e-01,0.000000000e+00,0.000000000e+00,-0.000000000e+00,0.000000000e+00,4.996094100e-06,0.000000000e+00,-4.996093841e-06,2.591382961e-13,1.000000000e+00
4.960000000e-01,0.000000000e+00,0.000000000e+00,0.000000000e+00,0.000000000e+00,0.000000000e+00,1.580916403e+01,6.986698052e-01,0.000000000e+00,0.000000000e+00,-7.154442699e-01,0.000000000e+00,0.000000000e+00,-0.000000000e+00,0.000000000e+00,4.998593346e-06,0.000000000e+00,-4.998593087e-06,2.593919960e-13,1.000000000e+00
4.970000000e-01,0.000000000e+00,0.000000000e+00,0.000000000e+00,0.000000000e+00,0.000000000e+00,1.581114121e+01,7.043036158e-01,0.000000000e+00,0.000000000e+00,-7.098988779e-01,0.000000000e+00,0.000000000e+00,-0.000000000e+00,0.000000000e+00,4.999843725e-06,0.000000000e+00,-4.999843465e-06,2.595157154e-13,1.000000000e+00
4.980000000e-01,0.000000000e+00,0.000000000e+00,0.000000000e+00,0.000000000e+00,0.000000000e+00,1.581114211e+01,7.098937619e-01,0.000000000e+00,0.000000000e+00,-7.043087723e-01,0.000000000e+00,0.000000000e+00,-0.000000000e+00,0.000000000e+00,4.999844299e-06,0.000000000e+00,-4.999844039e-06,2.595092652e-13,1.000000000e+00
4.990000000e-01,0.000000000e+00,0.000000000e+00,0.000000000e+00,0.000000000e+00,0.000000000e+00,1.580916675e+01,7.154391955e-01,0.000000000e+00,0.000000000e+00,-6.986750014e-01,0.000000000e+00,0.000000000e+00,-0.000000000e+00,0.000000000e+00,4.998595068e-06,0.000000000e+00,-4.998594809e-06,2.593726515e-13,1.000000000e+00
5.000000000e-01,0.000000000e+00,0.000000000e+00,0.000000000e+00,0.000000000e+00,0.000000000e+00,1.580521586e+01,7.209388937e-01,0.000000000e+00,0.000000000e+00,-6.929986375e-01,0.000000000e+00,0.000000000e+00,-0.000000000e+00,0.000000000e+00,4.996096970e-06,0.000000000e+00,-4.996096710e-06,2.591060707e-13,1.000000000e+00
5.010000000e-01,0.000000000e+00,0.000000000e+00,0.000000000e+00,0.000000000e+00,0.000000000e+00,1.579929093e+01,7.263918595e-01,0.000000000e+00,0.000000000e+00,-6.872807770e-01,0.000000000e+00,0.000000000e+00,-0.000000000e+00,0.000000000e+00,4.992351875e-06,0.000000000e+00,-4.992351616e-06,2.587099151e-13,1.000000000e+00
5.020000000e-01,0.000000000e+00,0.000000000e+00,0.000000000e+00,0.000000000e+00,0.000000000e+00,1.579139416e+01,7.317971225e-01,0.000000000e+00,0.000000000e+00,-6.815225392e-01,0.000000000e+00,0.000000000e+00,-0.000000000e+00,0.000000000e+00,4.987362590e-06,0.000000000e+00,-4.987362331e-06,2.581847801e-13,1.000000000e+00
5.030000000e-01,0.000000000e+00,0.000000000e+00,0.000000000e+00,0.000000000e+00,0.000000000e+00,1.578152852e+01,7.371537396e-01,0.000000000e+00,0.000000000e+00,-6.757250655e-01,0.000000000e+00,0.000000000e+00,-0.000000000e+00,0.000000000e+00,4.981132848e-06,0.000000000e+00,-4.981132590e-06,2.575314424e-13,1.000000000e+00
5.040000000e-01,0.000000000e+00,0.000000000e+00,0.000000000e+00,0.000000000e+00,0.000000000e+00,1.576969769e+01,7.424607954e-01,0.000000000e+00,0.000000000e+00,-6.698895187e-01,0.000000000e+00,0.000000000e+00,-0.000000000e+00,0.000000000e+00,4.973667306e-06,0.000000000e+00,-4.973667049e-06,2.567508728e-13,1.000000000e+00
5.050000000e-01,0.000000000e+00,0.000000000e+00,0.000000000e+00,0.000000000e+00,0.000000000e+00,1.575590609e+01,7.477174029e-01,0.000000000e+00,0.000000000e+00,-6.640170822e-01,0.000000000e+00,0.000000000e+00,-0.000000000e+00,0.000000000e+00,4.964971537e-06,0.000000000e+00,-4.964971282e-06,2.558442324e-13,1.000000000e+00
5.060000000e-01,0.000000000e+00,0.000000000e+00,0.000000000e+00,0.000000000e+00,0.000000000e+00,1.574015887e+01,7.529227040e-01,0.000000000e+00,0.000000000e+00,-6.581089590e-01,0.000000000e+00,0.000000000e+00,-0.000000000e+00,0.000000000e+00,4.955052024e-06,0.000000000e+00,-4.955051769e-06,2.548128580e-13,1.000000000e+00
5.070000000e-01,0.000000000e+00,0.000000000e+00,0.000000000e+00,0.000000000e+00,0.000000000e+00,1.572246187e+01,7.580758701e-01,0.000000000e+00,0.000000000e+00,-6.521663708e-01,0.000000000e+00,0.000000000e+00,-0.000000000e+00,0.000000000e+00,4.943916143e-06,0.000000000e+00,-4.943915890e-06,2.536582750e-13,1.000000000e+00
5.080000000e-01,0.000000000e+00,0.000000000e+00,0.000000000e+00,0.000000000e+00,0.000000000e+00,1.570282166e+01,7.631761026e-01,0.000000000e+00,0.000000000e+00,-6.461905573e-01,0.000000000e+00,0.000000000e+00,-0.000000000e+00,0.000000000e+00,4.931572163e-06,0.000000000e+00,-4.931571911e-06,2.523821801e-13,1.000000000e+00
5.090000000e-01,0.000000000e+00,0.000000000e+00,0.000000000e+00,0.000000000e+00,0.000000000e+00,1.568124553e+01,7.682226331e-01,0.000000000e+00,0.000000000e+00,-6.401827754e-01,0.000000000e+00,0.000000000e+00,-0.000000000e+00,0.000000000e+00,4.918029225e-06,0.000000000e+00,-4.918028974e-06,2.509864510e-13,1.000000000e+00
5.100000000e-01,0.000000000e+00,0.000000000e+00,0.000000000e+00,0.000000000e+00,0.000000000e+00,1.565774143e+01,7.732147242e-01,0.000000000e+00,0.000000000e+00,-6.341442977e-01,0.000000000e+00,0.000000000e+00,-0.000000000e+00,0.000000000e+00,4.903297332e-06,0.000000000e+00,-4.903297082e-06,2.494731293e-13,1.000000000e+00
5.110000000e-01,0.000000000e+00,0.000000000e+00,0.000000000e+00,0.000000000e+00,0.000000000e+00,1.563231802e+01,7.781516693e-01,0.000000000e+00,0.000000000e+00,-6.280764122e-01,0.000000000e+00,0.000000000e+00,-0.000000000e+00,0.000000000e+00,4.887387334e-06,0.000000000e+00,-4.887387086e-06,2.478444153e-13,1.000000000e+00
5.120000000e-01,0.000000000e+00,0.000000000e+00,0.000000000e+00,0.000000000e+00,0.000000000e+00,1.560498464e+01,7.830327937e-01,0.000000000e+00,0.000000000e+00,-6.219804209e-01,0.000000000e+00,0.000000000e+00,-0.000000000e+00,0.000000000e+00,4.870310912e-06,0.000000000e+00,-4.870310666e-06,2.461026725e-13,1.000000000e+00
5.130000000e-01,0.000000000e+00,0.000000000e+00,0.000000000e+00,0.000000000e+00,0.000000000e+00,1.557575129e+01,7.878574542e-01,0.000000000e+00,0.000000000e+00,-6.158576392e-01,0.000000000e+00,0.000000000e+00,-0.000000000e+00,0.000000000e+00,4.852080562e-06,0.000000000e+00,-4.852080318e-06,2.442504071e-13,1.000000000e+00
5.140000000e-01,0.000000000e+00,0.000000000e+00,0.000000000e+00,0.000000000e+00,0.000000000e+00,1.554462862e+01,7.926250399e-01,0.000000000e+00,0.000000000e+00,-6.097093949e-01,0.000000000e+00,0.000000000e+00,-0.000000000e+00,0.000000000e+00,4.832709576e-06,0.000000000e+00,-4.832709334e-06,2.422902831e-13,1.000000000e+00
5.150000000e-01,0.000000000e+00,0.000000000e+00,0.000000000e+00,0.000000000e+00,0.000000000e+00,1.551162793e+01,7.973349719e-01,0.000000000e+00,0.000000000e+00,-6.035370267e-01,0.000000000e+00,0.000000000e+00,-0.000000000e+00,0.000000000e+00,4.812212022e-06,0.000000000e+00,-4.812211782e-06,2.402250965e-13,1.000000000e+00
5.160000000e-01,0.000000000e+00,0.000000000e+00,0.000000000e+00,0.000000000e+00,0.000000000e+00,1.547676117e+01,8.019867041e-01,0.000000000e+00,0.000000000e+00,-5.973418841e-01,0.000000000e+00,0.000000000e+00,-0.000000000e+00,0.000000000e+00,4.790602726e-06,0.000000000e+00,-4.790602488e-06,2.380577653e-13,1.000000000e+00
5.170000000e-01,0.000000000e+00,0.000000000e+00,0.000000000e+00,0.000000000e+00,0.000000000e+00,1.544004088e+01,8.065797229e-01,0.000000000e+00,0.000000000e+00,-5.911253256e-01,0.000000000e+00,0.000000000e+00,-0.000000000e+00,0.000000000e+00,4.767897249e-06,0.000000000e+00,-4.767897013e-06,2.357913432e-13,1.000000000e+00
5.180000000e-01,0.000000000e+00,0.000000000e+00,0.000000000e+00,0.000000000e+00,0.000000000e+00,1.540148023e+01,8.111135476e-01,0.000000000e+00,0.000000000e+00,-5.848887184e-01,0.000000000e+00,0.000000000e+00,-0.000000000e+00,0.000000000e+00,4.744111867e-06,0.000000000e+00,-4.744111633e-06,2.334290013e-13,1.000000000e+00
5.190000000e-01,0.000000000e+00,0.000000000e+00,0.000000000e+00,0.000000000e+00,0.000000000e+00,1.536109297e+01,8.155877302e-01,0.000000000e+00,0.000000000e+00,-5.786334369e-01,0.000000000e+00,0.000000000e+00,-0.000000000e+00,0.000000000e+00,4.719263545e-06,0.000000000e+00,-4.719263314e-06,2.309740135e-13,1.000000000e+00
5.200000000e-01,0.000000000e+00,0.000000000e+00,0.000000000e+00,0.000000000e+00,0.000000000e+00,1.531889343e+01,8.200018559e-01,0.000000000e+00,0.000000000e+00,-5.723608620e-01,0.000000000e+00,0.000000000e+00,-0.000000000e+00,0.000000000e+00,4.693369919e-06,0.000000000e+00,-4.693369691e-06,2.284297595e-13,1.000000000e+00
5.210000000e-01,0.000000000e+00,0.000000000e+00,0.000000000e+00,0.000000000e+00,0.000000000e+00,1.527489651e+01,8.243555426e-01,0.000000000e+00,0.000000000e+00,-5.660723800e-01,0.000000000e+00,0.000000000e+00,-0.000000000e+00,0.000000000e+00,4.666449265e-06,0.000000000e+00,-4.666449040e-06,2.257997112e-13,1.000000000e+00
5.220000000e-01,0.000000000e+00,0.000000000e+00,0.000000000e+00,0.000000000e+00,0.000000000e+00,1.522911764e+01,8.286484412e-01,0.000000000e+00,0.000000000e+00,-5.597693819e-01,0.000000000e+00,0.000000000e+00,-0.000000000e+00,0.000000000e+00,4.638520480e-06,0.000000000e+00,-4.638520257e-06,2.230874185e-13,1.000000000e+00
5.230000000e-01,0.000000000e+00,0.000000000e+00,0.000000000e+00,0.000000000e+00,0.000000000e+00,1.518157280e+01,8.328802356e-01,0.000000000e+00,0.000000000e+00,-5.534532619e-01,0.000000000e+00,0.000000000e+00,-0.000000000e+00,0.000000000e+00,4.609603052e-06,0.000000000e+00,-4.609602832e-06,2.202965178e-13,1.000000000e+00
5.240000000e-01,0.000000000e+00,0.000000000e+00,0.000000000e+00,0.000000000e+00,0.000000000e+00,1.513227847e+01,8.370506424e-01,0.000000000e+00,0.000000000e+00,-5.471254171e-01,0.000000000e+00,0.000000000e+00,-0.000000000e+00,0.000000000e+00,4.579717036e-06,0.000000000e+00,-4.579716819e-06,2.174307148e-13,1.000000000e+00
5.250000000e-01,0.000000000e+00,0.000000000e+00,0.000000000e+00,0.000000000e+00,0.000000000e+00,1.508125165e+01,8.411594109e-01,0.000000000e+00,0.000000000e+00,-5.407872461e-01,0.000000000e+00,0.000000000e+00,-0.000000000e+00,0.000000000e+00,4.548883028e-06,0.000000000e+00,-4.548882813e-06,2.144937712e-13,1.000000000e+00
5.260000000e-01,0.000000000e+00,0.000000000e+00,0.000000000e+00,0.000000000e+00,0.000000000e+00,1.502850980e+01,8.452063229e-01,0.000000000e+00,0.000000000e+00,-5.344401480e-01,0.000000000e+00,0.000000000e+00,-0.000000000e+00,0.000000000e+00,4.517122134e-06,0.000000000e+00,-4.517121923e-06,2.114894978e-13,1.000000000e+00
5.270000000e-01,0.000000000e+00,0.000000000e+00,0.000000000e+00,0.000000000e+00,0.000000000e+00,1.497407084e+01,8.491911925e-01,0.000000000e+00,0.000000000e+00,-5.280855220e-01,0.000000000e+00,0.000000000e+00,-0.000000000e+00,0.000000000e+00,4.484455950e-06,0.000000000e+00,-4.484455742e-06,2.084217596e-13,1.000000000e+00
5.280000000e-01,0.000000000e+00,0.000000000e+00,0.000000000e+00,0.000000000e+00,0.000000000e+00,1.491795315e+01,8.531138662e-01,0.000000000e+00,0.000000000e+00,-5.217247658e-01,0.000000000e+00,0.000000000e+00,-0.000000000e+00,0.000000000e+00,4.450906526e-06,0.000000000e+00,-4.450906321e-06,2.052944454e-13,1.000000000e+00
5.290000000e-01,0.000000000e+00,0.000000000e+00,0.000000000e+00,0.000000000e+00,0.000000000e+00,1.486017554e+01,8.569742221e-01,0.000000000e+00,0.000000000e+00,-5.153592753e-01,0.000000000e+00,0.000000000e+00,-0.000000000e+00,0.000000000e+00,4.416496343e-06,0.000000000e+00,-4.416496141e-06,2.021114751e-13,1.000000000e+00
5.300000000e-01,0.000000000e+00,0.000000000e+00,0.000000000e+00,0.000000000e+00,0.000000000e+00,1.480075721e+01,8.607721700e-01,0.000000000e+00,0.000000000e+00,-5.089904433e-01,0.000000000e+00,0.000000000e+00,-0.000000000e+00,0.000000000e+00,4.381248283e-06,0.000000000e+00,-4.381248084e-06,1.988767986e-13,1.000000000e+00
5.310000000e-01,0.000000000e+00,0.000000000e+00,0.000000000e+00,0.000000000e+00,0.000000000e+00,1.473971777e+01,8.645076510e-01,0.000000000e+00,0.000000000e+00,-5.026196588e-01,0.000000000e+00,0.000000000e+00,-0.000000000e+00,0.000000000e+00,4.345185601e-06,0.000000000e+00,-4.345185406e-06,1.955943596e-13,1.000000000e+00
5.320000000e-01,0.000000000e+00,0.000000000e+00,0.000000000e+00,0.000000000e+00,0.000000000e+00,1.467707719e+01,8.681806371e-01,0.000000000e+00,0.000000000e+00,-4.962483062e-01,0.000000000e+00,0.000000000e+00,-0.000000000e+00,0.000000000e+00,4.308331899e-06,0.000000000e+00,-4.308331706e-06,1.922681171e-13,1.000000000e+00
5.330000000e-01,0.000000000e+00,0.000000000e+00,0.000000000e+00,0.000000000e+00,0.000000000e+00,1.461285580e+01,8.717911309e-01,0.000000000e+00,0.000000000e+00,-4.898777644e-01,0.000000000e+00,0.000000000e+00,-0.000000000e+00,0.000000000e+00,4.270711091e-06,0.000000000e+00,-4.270710902e-06,1.889020200e-13,1.000000000e+00
5.340000000e-01,0.000000000e+00,0.000000000e+00,0.000000000e+00,0.000000000e+00,0.000000000e+00,1.454707425e+01,8.753391655e-01,0.000000000e+00,0.000000000e+00,-4.835094057e-01,0.000000000e+00,0.000000000e+00,-0.000000000e+00,0.000000000e+00,4.232347382e-06,0.000000000e+00,-4.232347197e-06,1.855000088e-13,1.000000000e+00
5.350000000e-01,0.000000000e+00,0.000000000e+00,0.000000000e+00,0.000000000e+00,0.000000000e+00,1.447975351e+01,8.788248034e-01,0.000000000e+00,0.000000000e+00,-4.771445955e-01,0.000000000e+00,0.000000000e+00,-0.000000000e+00,0.000000000e+00,4.193265235e-06,0.000000000e+00,-4.193265053e-06,1.820659966e-13,1.000000000e+00
5.360000000e-01,0.000000000e+00,0.000000000e+00,0.000000000e+00,0.000000000e+00,0.000000000e+00,1.441091486e+01,8.822481365e-01,0.000000000e+00,0.000000000e+00,-4.707846913e-01,0.000000000e+00,0.000000000e+00,-0.000000000e+00,0.000000000e+00,4.153489345e-06,0.000000000e+00,-4.153489166e-06,1.786038816e-13,1.000000000e+00
5.370000000e-01,0.000000000e+00,0.000000000e+00,0.000000000e+00,0.000000000e+00,0.000000000e+00,1.434057985e+01,8.856092859e-01,0.000000000e+00,0.000000000e+00,-4.644310419e-01,0.000000000e+00,0.000000000e+00,-0.000000000e+00,0.000000000e+00,4.113044609e-06,0.000000000e+00,-4.113044434e-06,1.751175160e-13,1.000000000e+00
5.380000000e-01,0.000000000e+00,0.000000000e+00,0.000000000e+00,0.000000000e+00,0.000000000e+00,1.426877027e+01,8.889084009e-01,0.000000000e+00,0.000000000e+00,-4.580849865e-01,0.000000000e+00,0.000000000e+00,-0.000000000e+00,0.000000000e+00,4.071956100e-06,0.000000000e+00,-4.071955928e-06,1.716107233e-13,1.000000000e+00
5.390000000e-01,0.000000000e+00,0.000000000e+00,0.000000000e+00,0.000000000e+00,0.000000000e+00,1.419550816e+01,8.921456585e-01,0.000000000e+00,0.000000000e+00,-4.517478545e-01,0.000000000e+00,0.000000000e+00,-0.000000000e+00,0.000000000e+00,4.030249039e-06,0.000000000e+00,-4.030248871e-06,1.680872679e-13,1.000000000e+00
5.400000000e-01,0.000000000e+00,0.000000000e+00,0.000000000e+00,0.000000000e+00,0.000000000e+00,1.412081579e+01,8.953212634e-01,0.000000000e+00,0.000000000e+00,-4.454209642e-01,0.000000000e+00,0.000000000e+00,-0.000000000e+00,0.000000000e+00,3.987948769e-06,0.000000000e+00,-3.987948604e-06,1.645508697e-13,1.000000000e+00
5.410000000e-01,0.000000000e+00,0.000000000e+00,0.000000000e+00,0.000000000e+00,0.000000000e+00,1.404471560e+01,8.984354469e-01,0.000000000e+00,0.000000000e+00,-4.391056226e-01,0.000000000e+00,0.000000000e+00,-0.000000000e+00,0.000000000e+00,3.945080724e-06,0.000000000e+00,-3.945080563e-06,1.610051873e-13,1.000000000e+00
5.420000000e-01,0.000000000e+00,0.000000000e+00,0.000000000e+00,0.000000000e+00,0.000000000e+00,1.396723023e+01,9.014884666e-01,0.000000000e+00,0.000000000e+00,-4.328031244e-01,0.000000000e+00,0.000000000e+00,-0.000000000e+00,0.000000000e+00,3.901670408e-06,0.000000000e+00,-3.901670250e-06,1.574538102e-13,1.000000000e+00
5.430000000e-01,0.000000000e+00,0.000000000e+00,0.000000000e+00,0.000000000e+00,0.000000000e+00,1.388838249e+01,9.044806059e-01,0.000000000e+00,0.000000000e+00,-4.265147518e-01,0.000000000e+00,0.000000000e+00,-0.000000000e+00,0.000000000e+00,3.857743366e-06,0.000000000e+00,-3.857743212e-06,1.539002656e-13,1.000000000e+00
5.440000000e-01,0.000000000e+00,0.000000000e+00,0.000000000e+00,0.000000000e+00,0.000000000e+00,1.380819532e+01,9.074121731e-01,0.000000000e+00,0.000000000e+00,-4.202417735e-01,0.000000000e+00,0.000000000e+00,-0.000000000e+00,0.000000000e+00,3.813325159e-06,0.000000000e+00,-3.813325009e-06,1.503480030e-13,1.000000000e+00
5.450000000e-01,0.000000000e+00,0.000000000e+00,0.000000000e+00,0.000000000e+00,0.000000000e+00,1.372669177e+01,9.102835009e-01,0.000000000e+00,0.000000000e+00,-4.139854442e-01,0.000000000e+00,0.000000000e+00,-0.000000000e+00,0.000000000e+00,3.768441341e-06,0.000000000e+00,-3.768441195e-06,1.468003863e-13,1.000000000e+00
5.460000000e-01,0.000000000e+00,0.000000000e+00,0.000000000e+00,0.000000000e+00,0.000000000e+00,1.364389503e+01,9.130949460e-01,0.000000000e+00,0.000000000e+00,-4.077470044e-01,0.000000000e+00,0.000000000e+00,-0.000000000e+00,0.000000000e+00,3.723117433e-06,0.000000000e+00,-3.723117290e-06,1.432607021e-13,1.000000000e+00
5.470000000e-01,0.000000000e+00,0.000000000e+00,0.000000000e+00,0.000000000e+00,0.000000000e+00,1.355982835e+01,9.158468882e-01,0.000000000e+00,0.000000000e+00,-4.015276795e-01,0.000000000e+00,0.000000000e+00,-0.000000000e+00,0.000000000e+00,3.677378898e-06,0.000000000e+00,-3.677378758e-06,1.397321467e-13,1.000000000e+00
5.480000000e-01,0.000000000e+00,0.000000000e+00,0.000000000e+00,0.000000000e+00,0.000000000e+00,1.347451506e+01,9.185397298e-01,0.000000000e+00,0.000000000e+00,-3.953286795e-01,0.000000000e+00,0.000000000e+00,-0.000000000e+00,0.000000000e+00,3.631251120e-06,0.000000000e+00,-3.631250984e-06,1.362178260e-13,1.000000000e+00
5.490000000e-01,0.000000000e+00,0.000000000e+00,0.000000000e+00,0.000000000e+00,0.000000000e+00,1.338797853e+01,9.211738950e-01,0.000000000e+00,0.000000000e+00,-3.891511983e-01,0.000000000e+00,0.000000000e+00,-0.000000000e+00,0.000000000e+00,3.584759384e-06,0.000000000e+00,-3.584759251e-06,1.327207467e-13,1.000000000e+00
5.500000000e-01,0.000000000e+00,0.000000000e+00,0.000000000e+00,0.000000000e+00,0.000000000e+00,1.330024219e+01,9.237498292e-01,0.000000000e+00,0.000000000e+00,-3.829964139e-01,0.000000000e+00,0.000000000e+00,-0.000000000e+00,0.000000000e+00,3.537928848e-06,0.000000000e+00,-3.537928719e-06,1.292438154e-13,1.000000000e+00
5.510000000e-01,0.000000000e+00,0.000000000e+00,0.000000000e+00,0.000000000e+00,0.000000000e+00,1.321132947e+01,9.262679983e-01,0.000000000e+00,0.000000000e+00,-3.768654869e-01,0.000000000e+00,0.000000000e+00,-0.000000000e+00,0.000000000e+00,3.490784528e-06,0.000000000e+00,-3.490784402e-06,1.257898471e-13,1.000000000e+00
5.520000000e-01,0.000000000e+00,0.000000000e+00,0.000000000e+00,0.000000000e+00,0.000000000e+00,1.312126380e+01,9.287288881e-01,0.000000000e+00,0.000000000e+00,-3.707595614e-01,0.000000000e+00,0.000000000e+00,-0.000000000e+00,0.000000000e+00,3.443351275e-06,0.000000000e+00,-3.443351152e-06,1.223615452e-13,1.000000000e+00
5.530000000e-01,0.000000000e+00,0.000000000e+00,0.000000000e+00,0.000000000e+00,0.000000000e+00,1.303006860e+01,9.311330034e-01,0.000000000e+00,0.000000000e+00,-3.646797636e-01,0.000000000e+00,0.000000000e+00,-0.000000000e+00,0.000000000e+00,3.395653754e-06,0.000000000e+00,-3.395653635e-06,1.189615097e-13,1.000000000e+00
5.540000000e-01,0.000000000e+00,0.000000000e+00,0.000000000e+00,0.000000000e+00,0.000000000e+00,1.293776725e+01,9.334808676e-01,0.000000000e+00,0.000000000e+00,-3.586272018e-01,0.000000000e+00,0.000000000e+00,-0.000000000e+00,0.000000000e+00,3.347716431e-06,0.000000000e+00,-3.347716315e-06,1.155922307e-13,1.000000000e+00
5.550000000e-01,0.000000000e+00,0.000000000e+00,0.000000000e+00,0.000000000e+00,0.000000000e+00,1.284438310e+01,9.357730216e-01,0.000000000e+00,0.000000000e+00,-3.526029666e-01,0.000000000e+00,0.000000000e+00,-0.000000000e+00,0.000000000e+00,3.299563547e-06,0.000000000e+00,-3.299563435e-06,1.122560936e-13,1.000000000e+00
5.560000000e-01,0.000000000e+00,0.000000000e+00,0.000000000e+00,0.000000000e+00,0.000000000e+00,1.274993943e+01,9.380100236e-01,0.000000000e+00,0.000000000e+00,-3.466081297e-01,0.000000000e+00,0.000000000e+00,-0.000000000e+00,0.000000000e+00,3.251219108e-06,0.000000000e+00,-3.251218999e-06,1.089553697e-13,1.000000000e+00
5.570000000e-01,0.000000000e+00,0.000000000e+00,0.000000000e+00,0.000000000e+00,0.000000000e+00,1.265445942e+01,9.401924481e-01,0.000000000e+00,0.000000000e+00,-3.406437443e-01,0.000000000e+00,0.000000000e+00,-0.000000000e+00,0.000000000e+00,3.202706865e-06,0.000000000e+00,-3.202706759e-06,1.056922197e-13,1.000000000e+00
5.580000000e-01,0.000000000e+00,0.000000000e+00,0.000000000e+00,0.000000000e+00,0.000000000e+00,1.255796619e+01,9.423208850e-01,0.000000000e+00,0.000000000e+00,-3.347108449e-01,0.000000000e+00,0.000000000e+00,-0.000000000e+00,0.000000000e+00,3.154050298e-06,0.000000000e+00,-3.154050196e-06,1.024686906e-13,1.000000000e+00
5.590000000e-01,0.000000000e+00,0.000000000e+00,0.000000000e+00,0.000000000e+00,0.000000000e+00,1.246048274e+01,9.443959394e-01,0.000000000e+00,0.000000000e+00,-3.288104465e-01,0.000000000e+00,0.000000000e+00,-0.000000000e+00,0.000000000e+00,3.105272604e-06,0.000000000e+00,-3.105272505e-06,9.928672578e-14,1.000000000e+00
5.600000000e-01,0.000000000e+00,0.000000000e+00,0.000000000e+00,0.000000000e+00,0.000000000e+00,1.236203195e+01,9.464182303e-01,0.000000000e+00,0.000000000e+00,-3.229435451e-01,0.000000000e+00,0.000000000e+00,-0.000000000e+00,0.000000000e+00,3.056396680e-06,0.000000000e+00,-3.056396584e-06,9.614814726e-14,1.000000000e+00
5.610000000e-01,0.000000000e+00,0.000000000e+00,0.000000000e+00,0.000000000e+00,0.000000000e+00,1.226263657e+01,9.483883906e-01,0.000000000e+00,0.000000000e+00,-3.171111171e-01,0.000000000e+00,0.000000000e+00,-0.000000000e+00,0.000000000e+00,3.007445113e-06,0.000000000e+00,-3.007445020e-06,9.305466901e-14,1.000000000e+00
5.620000000e-01,0.000000000e+00,0.000000000e+00,0.000000000e+00,0.000000000e+00,0.000000000e+00,1.216231919e+01,9.503070657e-01,0.000000000e+00,0.000000000e+00,-3.113141193e-01,0.000000000e+00,0.000000000e+00,-0.000000000e+00,0.000000000e+00,2.958440162e-06,0.000000000e+00,-2.958440072e-06,9.000789107e-14,1.000000000e+00
5.630000000e-01,0.000000000e+00,0.000000000e+00,0.000000000e+00,0.000000000e+00,0.000000000e+00,1.206110226e+01,9.521749132e-01,0.000000000e+00,0.000000000e+00,-3.055534890e-01,0.000000000e+00,0.000000000e+00,-0.000000000e+00,0.000000000e+00,2.909403756e-06,0.000000000e+00,-2.909403669e-06,8.700930423e-14,1.000000000e+00
5.640000000e-01,0.000000000e+00,0.000000000e+00,0.000000000e+00,0.000000000e+00,0.000000000e+00,1.195900805e+01,9.539926022e-01,0.000000000e+00,0.000000000e+00,-2.998301435e-01,0.000000000e+00,0.000000000e+00,-0.000000000e+00,0.000000000e+00,2.860357472e-06,0.000000000e+00,-2.860357388e-06,8.406028999e-14,1.000000000e+00
5.650000000e-01,0.000000000e+00,0.000000000e+00,0.000000000e+00,0.000000000e+00,0.000000000e+00,1.185605865e+01,9.557608124e-01,0.000000000e+00,0.000000000e+00,-2.941449803e-01,0.000000000e+00,0.000000000e+00,-0.000000000e+00,0.000000000e+00,2.811322535e-06,0.000000000e+00,-2.811322454e-06,8.116211806e-14,1.000000000e+00
5.660000000e-01,0.000000000e+00,0.000000000e+00,0.000000000e+00,0.000000000e+00,0.000000000e+00,1.175227595e+01,9.574802337e-01,0.000000000e+00,0.000000000e+00,-2.884988771e-01,0.000000000e+00,0.000000000e+00,-0.000000000e+00,0.000000000e+00,2.762319801e-06,0.000000000e+00,-2.762319723e-06,7.831595183e-14,1.000000000e+00
5.670000000e-01,0.000000000e+00,0.000000000e+00,0.000000000e+00,0.000000000e+00,0.000000000e+00,1.164768165e+01,9.591515652e-01,0.000000000e+00,0.000000000e+00,-2.828926916e-01,0.000000000e+00,0.000000000e+00,-0.000000000e+00,0.000000000e+00,2.713369755e-06,0.000000000e+00,-2.713369680e-06,7.552285010e-14,1.000000000e+00
5.680000000e-01,0.000000000e+00,0.000000000e+00,0.000000000e+00,0.000000000e+00,0.000000000e+00,1.154229721e+01,9.607755149e-01,0.000000000e+00,0.000000000e+00,-2.773272616e-01,0.000000000e+00,0.000000000e+00,-0.000000000e+00,0.000000000e+00,2.664492499e-06,0.000000000e+00,-2.664492426e-06,7.278376196e-14,1.000000000e+00
5.690000000e-01,0.000000000e+00,0.000000000e+00,0.000000000e+00,0.000000000e+00,0.000000000e+00,1.143614390e+01,9.623527986e-01,0.000000000e+00,0.000000000e+00,-2.718034050e-01,0.000000000e+00,0.000000000e+00,-0.000000000e+00,0.000000000e+00,2.615707745e-06,0.000000000e+00,-2.615707675e-06,7.009953785e-14,1.000000000e+00
5.700000000e-01,0.000000000e+00,0.000000000e+00,0.000000000e+00,0.000000000e+00,0.000000000e+00,1.132924272e+01,9.638841398e-01,0.000000000e+00,0.000000000e+00,-2.663219199e-01,0.000000000e+00,0.000000000e+00,-0.000000000e+00,0.000000000e+00,2.567034814e-06,0.000000000e+00,-2.567034746e-06,6.747093076e-14,1.000000000e+00
5.710000000e-01,0.000000000e+00,0.000000000e+00,0.000000000e+00,0.000000000e+00,0.000000000e+00,1.122161446e+01,9.653702686e-01,0.000000000e+00,0.000000000e+00,-2.608835844e-01,0.000000000e+00,0.000000000e+00,-0.000000000e+00,0.000000000e+00,2.518492624e-06,0.000000000e+00,-2.518492559e-06,6.489859123e-14,1.000000000e+00
5.720000000e-01,0.000000000e+00,0.000000000e+00,0.000000000e+00,0.000000000e+00,0.000000000e+00,1.111327965e+01,9.668119210e-01,0.000000000e+00,0.000000000e+00,-2.554891570e-01,0.000000000e+00,0.000000000e+00,-0.000000000e+00,0.000000000e+00,2.470099689e-06,0.000000000e+00,-2.470099627e-06,6.238306855e-14,1.000000000e+00
5.730000000e-01,0.000000000e+00,0.000000000e+00,0.000000000e+00,0.000000000e+00,0.000000000e+00,1.100425853e+01,9.682098389e-01,0.000000000e+00,0.000000000e+00,-2.501393767e-01,0.000000000e+00,0.000000000e+00,-0.000000000e+00,0.000000000e+00,2.421874116e-06,0.000000000e+00,-2.421874056e-06,5.992482350e-14,1.000000000e+00
5.740000000e-01,0.000000000e+00,0.000000000e+00,0.000000000e+00,0.000000000e+00,0.000000000e+00,1.089457112e+01,9.695647689e-01,0.000000000e+00,0.000000000e+00,-2.448349627e-01,0.000000000e+00,0.000000000e+00,-0.000000000e+00,0.000000000e+00,2.373833598e-06,0.000000000e+00,-2.373833540e-06,5.752422710e-14,1.000000000e+00
5.750000000e-01,0.000000000e+00,0.000000000e+00,0.000000000e+00,0.000000000e+00,0.000000000e+00,1.078423714e+01,9.708774617e-01,0.000000000e+00,0.000000000e+00,-2.395766150e-01,0.000000000e+00,0.000000000e+00,-0.000000000e+00,0.000000000e+00,2.325995413e-06,0.000000000e+00,-2.325995358e-06,5.518155970e-14,1.000000000e+00
5.760000000e-01,0.000000000e+00,0.000000000e+00,0.000000000e+00,0.000000000e+00,0.000000000e+00,1.067327603e+01,9.721486718e-01,0.000000000e+00,0.000000000e+00,-2.343650141e-01,0.000000000e+00,0.000000000e+00,-0.000000000e+00,0.000000000e+00,2.278376425e-06,0.000000000e+00,-2.278376372e-06,5.289701231e-14,1.000000000e+00
5.770000000e-01,0.000000000e+00,0.000000000e+00,0.000000000e+00,0.000000000e+00,0.000000000e+00,1.056170696e+01,9.733791570e-01,0.000000000e+00,0.000000000e+00,-2.292008217e-01,0.000000000e+00,0.000000000e+00,-0.000000000e+00,0.000000000e+00,2.230993077e-06,0.000000000e+00,-2.230993026e-06,5.067069675e-14,1.000000000e+00
5.780000000e-01,0.000000000e+00,0.000000000e+00,0.000000000e+00,0.000000000e+00,0.000000000e+00,1.044954878e+01,9.745696774e-01,0.000000000e+00,0.000000000e+00,-2.240846802e-01,0.000000000e+00,0.000000000e+00,-0.000000000e+00,0.000000000e+00,2.183861394e-06,0.000000000e+00,-2.183861345e-06,4.850264265e-14,1.000000000e+00
5.790000000e-01,0.000000000e+00,0.000000000e+00,0.000000000e+00,0.000000000e+00,0.000000000e+00,1.033682007e+01,9.757209950e-01,0.000000000e+00,0.000000000e+00,-2.190172136e-01,0.000000000e+00,0.000000000e+00,-0.000000000e+00,0.000000000e+00,2.136996982e-06,0.000000000e+00,-2.136996936e-06,4.639280090e-14,1.000000000e+00
5.800000000e-01,0.000000000e+00,0.000000000e+00,0.000000000e+00,0.000000000e+00,0.000000000e+00,1.022353909e+01,9.768338735e-01,0.000000000e+00,0.000000000e+00,-2.139990270e-01,0.000000000e+00,0.000000000e+00,-0.000000000e+00,0.000000000e+00,2.090415029e-06,0.000000000e+00,-2.090414985e-06,4.434104823e-14,1.000000000e+00
5.810000000e-01,0.000000000e+00,0.000000000e+00,0.000000000e+00,0.000000000e+00,0.000000000e+00,1.010972379e+01,9.779090773e-01,0.000000000e+00,0.000000000e+00,-2.090307073e-01,0.000000000e+00,0.000000000e+00,-0.000000000e+00,0.000000000e+00,2.044130304e-06,0.000000000e+00,-2.044130261e-06,4.234718900e-14,1.000000000e+00
5.820000000e-01,0.000000000e+00,0.000000000e+00,0.000000000e+00,0.000000000e+00,0.000000000e+00,9.995391834e+00,9.789473711e-01,0.000000000e+00,0.000000000e+00,-2.041128233e-01,0.000000000e+00,0.000000000e+00,-0.000000000e+00,0.000000000e+00,1.998157158e-06,0.000000000e+00,-1.998157118e-06,4.041096063e-14,1.000000000e+00
5.830000000e-01,0.000000000e+00,0.000000000e+00,0.000000000e+00,0.000000000e+00,0.000000000e+00,9.880560540e+00,9.799495196e-01,0.000000000e+00,0.000000000e+00,-1.992459258e-01,0.000000000e+00,0.000000000e+00,-0.000000000e+00,0.000000000e+00,1.952509532e-06,0.000000000e+00,-1.952509493e-06,3.853203318e-14,1.000000000e+00
5.840000000e-01,0.000000000e+00,0.000000000e+00,0.000000000e+00,0.000000000e+00,0.000000000e+00,9.765246921e+00,9.809162870e-01,0.000000000e+00,0.000000000e+00,-1.944305480e-01,0.000000000e+00,0.000000000e+00,-0.000000000e+00,0.000000000e+00,1.907200949e-06,0.000000000e+00,-1.907200912e-06,3.671001470e-14,1.000000000e+00
5.850000000e-01,0.000000000e+00,0.000000000e+00,0.000000000e+00,0.000000000e+00,0.000000000e+00,9.649467668e+00,9.818484359e-01,0.000000000e+00,0.000000000e+00,-1.896672055e-01,0.000000000e+00,0.000000000e+00,-0.000000000e+00,0.000000000e+00,1.862244525e-06,0.000000000e+00,-1.862244491e-06,3.494445118e-14,1.000000000e+00
5.860000000e-01,0.000000000e+00,0.000000000e+00,0.000000000e+00,0.000000000e+00,0.000000000e+00,9.533239146e+00,9.827467279e-01,0.000000000e+00,0.000000000e+00,-1.849563969e-01,0.000000000e+00,0.000000000e+00,-0.000000000e+00,0.000000000e+00,1.817652972e-06,0.000000000e+00,-1.817652939e-06,3.323483376e-14,1.000000000e+00
5.870000000e-01,0.000000000e+00,0.000000000e+00,0.000000000e+00,0.000000000e+00,0.000000000e+00,9.416577394e+00,9.836119221e-01,0.000000000e+00,0.000000000e+00,-1.802986040e-01,0.000000000e+00,0.000000000e+00,-0.000000000e+00,0.000000000e+00,1.773438596e-06,0.000000000e+00,-1.773438565e-06,3.158059789e-14,1.000000000e+00
5.880000000e-01,0.000000000e+00,0.000000000e+00,0.000000000e+00,0.000000000e+00,0.000000000e+00,9.299498121e+00,9.844447754e-01,0.000000000e+00,0.000000000e+00,-1.756942918e-01,0.000000000e+00,0.000000000e+00,-0.000000000e+00,0.000000000e+00,1.729613306e-06,0.000000000e+00,-1.729613276e-06,2.998112821e-14,1.000000000e+00
5.890000000e-01,0.000000000e+00,0.000000000e+00,0.000000000e+00,0.000000000e+00,0.000000000e+00,9.182016707e+00,9.852460416e-01,0.000000000e+00,0.000000000e+00,-1.711439089e-01,0.000000000e+00,0.000000000e+00,-0.000000000e+00,0.000000000e+00,1.686188616e-06,0.000000000e+00,-1.686188588e-06,2.843576425e-14,1.000000000e+00
5.900000000e-01,0.000000000e+00,0.000000000e+00,0.000000000e+00,0.000000000e+00,0.000000000e+00,9.064148200e+00,9.860164712e-01,0.000000000e+00,0.000000000e+00,-1.666478881e-01,0.000000000e+00,0.000000000e+00,-0.000000000e+00,0.000000000e+00,1.643175652e-06,0.000000000e+00,-1.643175625e-06,2.694379618e-14,1.000000000e+00
5.910000000e-01,0.000000000e+00,0.000000000e+00,0.000000000e+00,0.000000000e+00,0.000000000e+00,8.945907316e+00,9.867568109e-01,0.000000000e+00,0.000000000e+00,-1.622066462e-01,0.000000000e+00,0.000000000e+00,-0.000000000e+00,0.000000000e+00,1.600585154e-06,0.000000000e+00,-1.600585129e-06,2.550447608e-14,1.000000000e+00
5.920000000e-01,0.000000000e+00,0.000000000e+00,0.000000000e+00,0.000000000e+00,0.000000000e+00,8.827308437e+00,9.874678036e-01,0.000000000e+00,0.000000000e+00,-1.578205846e-01,0.000000000e+00,0.000000000e+00,-0.000000000e+00,0.000000000e+00,1.558427485e-06,0.000000000e+00,-1.558427461e-06,2.411701472e-14,1.000000000e+00
5.930000000e-01,0.000000000e+00,0.000000000e+00,0.000000000e+00,0.000000000e+00,0.000000000e+00,8.708365612e+00,9.881501871e-01,0.000000000e+00,0.000000000e+00,-1.534900898e-01,0.000000000e+00,0.000000000e+00,-0.000000000e+00,0.000000000e+00,1.516712633e-06,0.000000000e+00,-1.516712610e-06,2.278058583e-14,1.000000000e+00
5.940000000e-01,0.000000000e+00,0.000000000e+00,0.000000000e+00,0.000000000e+00,0.000000000e+00,8.589092557e+00,9.888046949e-01,0.000000000e+00,0.000000000e+00,-1.492155332e-01,0.000000000e+00,0.000000000e+00,-0.000000000e+00,0.000000000e+00,1.475450219e-06,0.000000000e+00,-1.475450198e-06,2.149433073e-14,1.000000000e+00
5.950000000e-01,0.000000000e+00,0.000000000e+00,0.000000000e+00,0.000000000e+00,0.000000000e+00,8.469502655e+00,9.894320549e-01,0.000000000e+00,0.000000000e+00,-1.449972716e-01,0.000000000e+00,0.000000000e+00,-0.000000000e+00,0.000000000e+00,1.434649505e-06,0.000000000e+00,-1.434649484e-06,2.025735600e-14,1.000000000e+00
5.960000000e-01,0.000000000e+00,0.000000000e+00,0.000000000e+00,0.000000000e+00,0.000000000e+00,8.349608956e+00,9.900329895e-01,0.000000000e+00,0.000000000e+00,-1.408356479e-01,0.000000000e+00,0.000000000e+00,-0.000000000e+00,0.000000000e+00,1.394319395e-06,0.000000000e+00,-1.394319375e-06,1.906874431e-14,1.000000000e+00
5.970000000e-01,0.000000000e+00,0.000000000e+00,0.000000000e+00,0.000000000e+00,0.000000000e+00,8.229424180e+00,9.906082153e-01,0.000000000e+00,0.000000000e+00,-1.367309909e-01,0.000000000e+00,0.000000000e+00,-0.000000000e+00,0.000000000e+00,1.354468447e-06,0.000000000e+00,-1.354468429e-06,1.792755037e-14,1.000000000e+00
5.980000000e-01,0.000000000e+00,0.000000000e+00,0.000000000e+00,0.000000000e+00,0.000000000e+00,8.108960713e+00,9.911584425e-01,0.000000000e+00,0.000000000e+00,-1.326836158e-01,0.000000000e+00,0.000000000e+00,-0.000000000e+00,0.000000000e+00,1.315104877e-06,0.000000000e+00,-1.315104860e-06,1.683280328e-14,1.000000000e+00
5.990000000e-01,0.000000000e+00,0.000000000e+00,0.000000000e+00,0.000000000e+00,0.000000000e+00,7.988230616e+00,9.916843749e-01,0.000000000e+00,0.000000000e+00,-1.286938248e-01,0.000000000e+00,0.000000000e+00,-0.000000000e+00,0.000000000e+00,1.276236567e-06,0.000000000e+00,-1.276236552e-06,1.578351199e-14,1.000000000e+00
6.000000000e-01,0.000000000e+00,0.000000000e+00,0.000000000e+00,0.000000000e+00,0.000000000e+00,7.867245619e+00,9.921867096e-01,0.000000000e+00,0.000000000e+00,-1.247619068e-01,0.000000000e+00,0.000000000e+00,-0.000000000e+00,0.000000000e+00,1.237871073e-06,0.000000000e+00,-1.237871058e-06,1.477867087e-14,1.000000000e+00
6.010000000e-01,0.000000000e+00,0.000000000e+00,0.000000000e+00,0.000000000e+00,0.000000000e+00,7.746017130e+00,9.926661362e-01,0.000000000e+00,0.000000000e+00,-1.208881385e-01,0.000000000e+00,0.000000000e+00,-0.000000000e+00,0.000000000e+00,1.200015628e-06,0.000000000e+00,-1.200015614e-06,1.381725100e-14,1.000000000e+00
6.020000000e-01,0.000000000e+00,0.000000000e+00,0.000000000e+00,0.000000000e+00,0.000000000e+00,7.624556231e+00,9.931233374e-01,0.000000000e+00,0.000000000e+00,-1.170727842e-01,0.000000000e+00,0.000000000e+00,-0.000000000e+00,0.000000000e+00,1.162677154e-06,0.000000000e+00,-1.162677141e-06,1.289821474e-14,1.000000000e+00
6.030000000e-01,0.000000000e+00,0.000000000e+00,0.000000000e+00,0.000000000e+00,0.000000000e+00,7.502873682e+00,9.935589879e-01,0.000000000e+00,0.000000000e+00,-1.133160961e-01,0.000000000e+00,0.000000000e+00,-0.000000000e+00,0.000000000e+00,1.125862270e-06,0.000000000e+00,-1.125862258e-06,1.202050968e-14,1.000000000e+00
6.040000000e-01,0.000000000e+00,0.000000000e+00,0.000000000e+00,0.000000000e+00,0.000000000e+00,7.380979928e+00,9.939737547e-01,0.000000000e+00,0.000000000e+00,-1.096183151e-01,0.000000000e+00,0.000000000e+00,-0.000000000e+00,0.000000000e+00,1.089577294e-06,0.000000000e+00,-1.089577283e-06,1.118307298e-14,1.000000000e+00
6.050000000e-01,0.000000000e+00,0.000000000e+00,0.000000000e+00,0.000000000e+00,0.000000000e+00,7.258885093e+00,9.943682967e-01,0.000000000e+00,0.000000000e+00,-1.059796706e-01,0.000000000e+00,0.000000000e+00,-0.000000000e+00,0.000000000e+00,1.053828256e-06,0.000000000e+00,-1.053828246e-06,1.038483612e-14,1.000000000e+00
6.060000000e-01,0.000000000e+00,0.000000000e+00,0.000000000e+00,0.000000000e+00,0.000000000e+00,7.136598992e+00,9.947432643e-01,0.000000000e+00,0.000000000e+00,-1.024003811e-01,0.000000000e+00,0.000000000e+00,-0.000000000e+00,0.000000000e+00,1.018620904e-06,0.000000000e+00,-1.018620894e-06,9.624722301e-15,1.000000000e+00
6.070000000e-01,0.000000000e+00,0.000000000e+00,0.000000000e+00,0.000000000e+00,0.000000000e+00,7.014131129e+00,9.950992996e-01,0.000000000e+00,0.000000000e+00,-9.888065455e-02,0.000000000e+00,0.000000000e+00,-0.000000000e+00,0.000000000e+00,9.839607098e-07,0.000000000e+00,-9.839607009e-07,8.901651778e-15,1.000000000e+00
6.080000000e-01,0.000000000e+00,0.000000000e+00,0.000000000e+00,0.000000000e+00,0.000000000e+00,6.891490699e+00,9.954370358e-01,0.000000000e+00,0.000000000e+00,-9.542068847e-02,0.000000000e+00,0.000000000e+00,-0.000000000e+00,0.000000000e+00,9.498528811e-07,0.000000000e+00,-9.498528729e-07,8.214540981e-15,1.000000000e+00
6.090000000e-01,0.000000000e+00,0.000000000e+00,0.000000000e+00,0.000000000e+00,0.000000000e+00,6.768686597e+00,9.957570970e-01,0.000000000e+00,0.000000000e+00,-9.202067052e-02,0.000000000e+00,0.000000000e+00,-0.000000000e+00,0.000000000e+00,9.163023649e-07,0.000000000e+00,-9.163023574e-07,7.562307083e-15,1.000000000e+00
6.100000000e-01,0.000000000e+00,0.000000000e+00,0.000000000e+00,0.000000000e+00,0.000000000e+00,6.645727416e+00,9.960600983e-01,0.000000000e+00,0.000000000e+00,-8.868077863e-02,0.000000000e+00,0.000000000e+00,-0.000000000e+00,0.000000000e+00,8.833138577e-07,0.000000000e+00,-8.833138508e-07,6.943867258e-15,1.000000000e+00
6.110000000e-01,0.000000000e+00,0.000000000e+00,0.000000000e+00,0.000000000e+00,0.000000000e+00,6.522621454e+00,9.963466456e-01,0.000000000e+00,0.000000000e+00,-8.540118141e-02,0.000000000e+00,0.000000000e+00,-0.000000000e+00,0.000000000e+00,8.508918127e-07,0.000000000e+00,-8.508918063e-07,6.358140481e-15,1.000000000e+00
6.120000000e-01,0.000000000e+00,0.000000000e+00,0.000000000e+00,0.000000000e+00,0.000000000e+00,6.399376717e+00,9.966173351e-01,0.000000000e+00,0.000000000e+00,-8.218203845e-02,0.000000000e+00,0.000000000e+00,-0.000000000e+00,0.000000000e+00,8.190404473e-07,0.000000000e+00,-8.190404415e-07,5.804052396e-15,1.000000000e+00
6.130000000e-01,0.000000000e+00,0.000000000e+00,0.000000000e+00,0.000000000e+00,0.000000000e+00,6.276000923e+00,9.968727533e-01,0.000000000e+00,0.000000000e+00,-7.902350062e-02,0.000000000e+00,0.000000000e+00,-0.000000000e+00,0.000000000e+00,7.877637517e-07,0.000000000e+00,-7.877637464e-07,5.280530660e-15,1.000000000e+00
6.140000000e-01,0.000000000e+00,0.000000000e+00,0.000000000e+00,0.000000000e+00,0.000000000e+00,6.152501505e+00,9.971134772e-01,0.000000000e+00,0.000000000e+00,-7.592571035e-02,0.000000000e+00,0.000000000e+00,-0.000000000e+00,0.000000000e+00,7.570654954e-07,0.000000000e+00,-7.570654906e-07,4.786511611e-15,1.000000000e+00
6.150000000e-01,0.000000000e+00,0.000000000e+00,0.000000000e+00,0.000000000e+00,0.000000000e+00,6.028885618e+00,9.973400737e-01,0.000000000e+00,0.000000000e+00,-7.288880201e-02,0.000000000e+00,0.000000000e+00,-0.000000000e+00,0.000000000e+00,7.269492359e-07,0.000000000e+00,-7.269492316e-07,4.320938787e-15,1.000000000e+00
6.160000000e-01,0.000000000e+00,0.000000000e+00,0.000000000e+00,0.000000000e+00,0.000000000e+00,5.905160141e+00,9.975530994e-01,0.000000000e+00,0.000000000e+00,-6.991290213e-02,0.000000000e+00,0.000000000e+00,-0.000000000e+00,0.000000000e+00,6.974183259e-07,0.000000000e+00,-6.974183220e-07,3.882765255e-15,1.000000000e+00
6.170000000e-01,0.000000000e+00,0.000000000e+00,0.000000000e+00,0.000000000e+00,0.000000000e+00,5.781331683e+00,9.977531010e-01,0.000000000e+00,0.000000000e+00,-6.699812975e-02,0.000000000e+00,0.000000000e+00,-0.000000000e+00,0.000000000e+00,6.684759206e-07,0.000000000e+00,-6.684759172e-07,3.470955306e-15,1.000000000e+00
6.180000000e-01,0.000000000e+00,0.000000000e+00,0.000000000e+00,0.000000000e+00,0.000000000e+00,5.657406586e+00,9.979406148e-01,0.000000000e+00,0.000000000e+00,-6.414459669e-02,0.000000000e+00,0.000000000e+00,-0.000000000e+00,0.000000000e+00,6.401249857e-07,0.000000000e+00,-6.401249826e-07,3.084482336e-15,1.000000000e+00
6.190000000e-01,0.000000000e+00,0.000000000e+00,0.000000000e+00,0.000000000e+00,0.000000000e+00,5.533390932e+00,9.981161666e-01,0.000000000e+00,0.000000000e+00,-6.135240785e-02,0.000000000e+00,0.000000000e+00,-0.000000000e+00,0.000000000e+00,6.123683041e-07,0.000000000e+00,-6.123683014e-07,2.722333929e-15,1.000000000e+00
6.200000000e-01,0.000000000e+00,0.000000000e+00,0.000000000e+00,0.000000000e+00,0.000000000e+00,5.409290545e+00,9.982802717e-01,0.000000000e+00,0.000000000e+00,-5.862166149e-02,0.000000000e+00,0.000000000e+00,-0.000000000e+00,0.000000000e+00,5.852084839e-07,0.000000000e+00,-5.852084816e-07,2.383511221e-15,1.000000000e+00
6.210000000e-01,0.000000000e+00,0.000000000e+00,0.000000000e+00,0.000000000e+00,0.000000000e+00,5.285110998e+00,9.984334346e-01,0.000000000e+00,0.000000000e+00,-5.595244948e-02,0.000000000e+00,0.000000000e+00,-0.000000000e+00,0.000000000e+00,5.586479652e-07,0.000000000e+00,-5.586479631e-07,2.067028371e-15,1.000000000e+00
6.220000000e-01,0.000000000e+00,0.000000000e+00,0.000000000e+00,0.000000000e+00,0.000000000e+00,5.160857618e+00,9.985761494e-01,0.000000000e+00,0.000000000e+00,-5.334485764e-02,0.000000000e+00,0.000000000e+00,-0.000000000e+00,0.000000000e+00,5.326890271e-07,0.000000000e+00,-5.326890253e-07,1.771917010e-15,1.000000000e+00
6.230000000e-01,0.000000000e+00,0.000000000e+00,0.000000000e+00,0.000000000e+00,0.000000000e+00,5.036535490e+00,9.987088991e-01,0.000000000e+00,0.000000000e+00,-5.079896593e-02,0.000000000e+00,0.000000000e+00,-0.000000000e+00,0.000000000e+00,5.073337948e-07,0.000000000e+00,-5.073337933e-07,1.497222320e-15,1.000000000e+00
6.240000000e-01,0.000000000e+00,0.000000000e+00,0.000000000e+00,0.000000000e+00,0.000000000e+00,4.912149463e+00,9.988321558e-01,0.000000000e+00,0.000000000e+00,-4.831484878e-02,0.000000000e+00,0.000000000e+00,-0.000000000e+00,0.000000000e+00,4.825842469e-07,0.000000000e+00,-4.825842456e-07,1.242007693e-15,1.000000000e+00
6.250000000e-01,0.000000000e+00,0.000000000e+00,0.000000000e+00,0.000000000e+00,0.000000000e+00,4.787704153e+00,9.989463807e-01,0.000000000e+00,0.000000000e+00,-4.589257532e-02,0.000000000e+00,0.000000000e+00,-0.000000000e+00,0.000000000e+00,4.584422212e-07,0.000000000e+00,-4.584422202e-07,1.005353940e-15,1.000000000e+00
6.260000000e-01,0.000000000e+00,0.000000000e+00,0.000000000e+00,0.000000000e+00,0.000000000e+00,4.663203954e+00,9.990520240e-01,0.000000000e+00,0.000000000e+00,-4.353220964e-02,0.000000000e+00,0.000000000e+00,-0.000000000e+00,0.000000000e+00,4.349094223e-07,0.000000000e+00,-4.349094215e-07,7.863592890e-16,1.000000000e+00
6.270000000e-01,0.000000000e+00,0.000000000e+00,0.000000000e+00,0.000000000e+00,0.000000000e+00,4.538653034e+00,9.991495248e-01,0.000000000e+00,0.000000000e+00,-4.123381101e-02,0.000000000e+00,0.000000000e+00,-0.000000000e+00,0.000000000e+00,4.119874273e-07,0.000000000e+00,-4.119874267e-07,5.841415019e-16,1.000000000e+00
6.280000000e-01,0.000000000e+00,0.000000000e+00,0.000000000e+00,0.000000000e+00,0.000000000e+00,4.414055350e+00,9.992393107e-01,0.000000000e+00,0.000000000e+00,-3.899743416e-02,0.000000000e+00,0.000000000e+00,-0.000000000e+00,0.000000000e+00,3.896776927e-07,0.000000000e+00,-3.896776923e-07,3.978368699e-16,1.000000000e+00
6.290000000e-01,0.000000000e+00,0.000000000e+00,0.000000000e+00,0.000000000e+00,0.000000000e+00,4.289414648e+00,9.993217986e-01,0.000000000e+00,0.000000000e+00,-3.682312952e-02,0.000000000e+00,0.000000000e+00,-0.000000000e+00,0.000000000e+00,3.679815605e-07,0.000000000e+00,-3.679815603e-07,2.266023304e-16,1.000000000e+00
6.300000000e-01,0.000000000e+00,0.000000000e+00,0.000000000e+00,0.000000000e+00,0.000000000e+00,4.164734469e+00,9.993973936e-01,0.000000000e+00,0.000000000e+00,-3.471094342e-02,0.000000000e+00,0.000000000e+00,-0.000000000e+00,0.000000000e+00,3.469002639e-07,0.000000000e+00,-3.469002638e-07,6.961451450e-17,1.000000000e+00
6.310000000e-01,0.000000000e+00,0.000000000e+00,0.000000000e+00,0.000000000e+00,0.000000000e+00,4.040018155e+00,9.994664899e-01,0.000000000e+00,0.000000000e+00,-3.266091832e-02,0.000000000e+00,0.000000000e+00,-0.000000000e+00,0.000000000e+00,3.264349338e-07,0.000000000e+00,-3.264349339e-07,-7.392930033e-17,1.000000000e+00
6.320000000e-01,0.000000000e+00,0.000000000e+00,0.000000000e+00,0.000000000e+00,0.000000000e+00,3.915268855e+00,9.995294700e-01,0.000000000e+00,0.000000000e+00,-3.067309304e-02,0.000000000e+00,0.000000000e+00,-0.000000000e+00,0.000000000e+00,3.065866041e-07,0.000000000e+00,-3.065866043e-07,-2.048098667e-16,1.000000000e+00
6.330000000e-01,0.000000000e+00,0.000000000e+00,0.000000000e+00,0.000000000e+00,0.000000000e+00,3.790489530e+00,9.995867051e-01,0.000000000e+00,0.000000000e+00,-2.874750299e-02,0.000000000e+00,0.000000000e+00,-0.000000000e+00,0.000000000e+00,2.873562176e-07,0.000000000e+00,-2.873562179e-07,-3.237874497e-16,1.000000000e+00
6.340000000e-01,0.000000000e+00,0.000000000e+00,0.000000000e+00,0.000000000e+00,0.000000000e+00,3.665682961e+00,9.996385551e-01,0.000000000e+00,0.000000000e+00,-2.688418033e-02,0.000000000e+00,0.000000000e+00,-0.000000000e+00,0.000000000e+00,2.687446314e-07,0.000000000e+00,-2.687446318e-07,-4.315998149e-16,1.000000000e+00
6.350000000e-01,0.000000000e+00,0.000000000e+00,0.000000000e+00,0.000000000e+00,0.000000000e+00,3.540851749e+00,9.996853682e-01,0.000000000e+00,0.000000000e+00,-2.508315422e-02,0.000000000e+00,0.000000000e+00,-0.000000000e+00,0.000000000e+00,2.507526221e-07,0.000000000e+00,-2.507526226e-07,-5.289628641e-16,1.000000000e+00
6.360000000e-01,0.000000000e+00,0.000000000e+00,0.000000000e+00,0.000000000e+00,0.000000000e+00,3.415998326e+00,9.997274812e-01,0.000000000e+00,0.000000000e+00,-2.334445099e-02,0.000000000e+00,0.000000000e+00,-0.000000000e+00,0.000000000e+00,2.333808912e-07,0.000000000e+00,-2.333808918e-07,-6.165699995e-16,1.000000000e+00
6.370000000e-01,0.000000000e+00,0.000000000e+00,0.000000000e+00,0.000000000e+00,0.000000000e+00,3.291124959e+00,9.997652193e-01,0.000000000e+00,0.000000000e+00,-2.166809431e-02,0.000000000e+00,0.000000000e+00,-0.000000000e+00,0.000000000e+00,2.166300699e-07,0.000000000e+00,-2.166300706e-07,-6.950915684e-16,1.000000000e+00
6.380000000e-01,0.000000000e+00,0.000000000e+00,0.000000000e+00,0.000000000e+00,0.000000000e+00,3.166233755e+00,9.997988962e-01,0.000000000e+00,0.000000000e+00,-2.005410542e-02,0.000000000e+00,0.000000000e+00,-0.000000000e+00,0.000000000e+00,2.005007239e-07,0.000000000e+00,-2.005007246e-07,-7.651754185e-16,1.000000000e+00
6.390000000e-01,0.000000000e+00,0.000000000e+00,0.000000000e+00,0.000000000e+00,0.000000000e+00,3.041326669e+00,9.998288140e-01,0.000000000e+00,0.000000000e+00,-1.850250326e-02,0.000000000e+00,0.000000000e+00,-0.000000000e+00,0.000000000e+00,1.849933581e-07,0.000000000e+00,-1.849933589e-07,-8.274463427e-16,1.000000000e+00
6.400000000e-01,0.000000000e+00,0.000000000e+00,0.000000000e+00,0.000000000e+00,0.000000000e+00,2.916405504e+00,9.998552633e-01,0.000000000e+00,0.000000000e+00,-1.701330467e-02,0.000000000e+00,0.000000000e+00,-0.000000000e+00,0.000000000e+00,1.701084213e-07,0.000000000e+00,-1.701084222e-07,-8.825053371e-16,1.000000000e+00
6.410000000e-01,0.000000000e+00,0.000000000e+00,0.000000000e+00,0.000000000e+00,0.000000000e+00,2.791471926e+00,9.998785227e-01,0.000000000e+00,0.000000000e+00,-1.558652453e-02,0.000000000e+00,0.000000000e+00,-0.000000000e+00,0.000000000e+00,1.558463103e-07,0.000000000e+00,-1.558463112e-07,-9.309303695e-16,1.000000000e+00
6.420000000e-01,0.000000000e+00,0.000000000e+00,0.000000000e+00,0.000000000e+00,0.000000000e+00,2.666527461e+00,9.998988597e-01,0.000000000e+00,0.000000000e+00,-1.422217593e-02,0.000000000e+00,0.000000000e+00,-0.000000000e+00,0.000000000e+00,1.422073740e-07,0.000000000e+00,-1.422073750e-07,-9.732754259e-16,1.000000000e+00
6.430000000e-01,0.000000000e+00,0.000000000e+00,0.000000000e+00,0.000000000e+00,0.000000000e+00,2.541573506e+00,9.999165298e-01,0.000000000e+00,0.000000000e+00,-1.292027033e-02,0.000000000e+00,0.000000000e+00,-0.000000000e+00,0.000000000e+00,1.291919177e-07,0.000000000e+00,-1.291919187e-07,-1.010070908e-15,1.000000000e+00
6.440000000e-01,0.000000000e+00,0.000000000e+00,0.000000000e+00,0.000000000e+00,0.000000000e+00,2.416611332e+00,9.999317769e-01,0.000000000e+00,0.000000000e+00,-1.168081766e-02,0.000000000e+00,0.000000000e+00,-0.000000000e+00,0.000000000e+00,1.168002066e-07,0.000000000e+00,-1.168002076e-07,-1.041823499e-15,1.000000000e+00
6.450000000e-01,0.000000000e+00,0.000000000e+00,0.000000000e+00,0.000000000e+00,0.000000000e+00,2.291642091e+00,9.999448333e-01,0.000000000e+00,0.000000000e+00,-1.050382652e-02,0.000000000e+00,0.000000000e+00,-0.000000000e+00,0.000000000e+00,1.050324695e-07,0.000000000e+00,-1.050324706e-07,-1.069015692e-15,1.000000000e+00
6.460000000e-01,0.000000000e+00,0.000000000e+00,0.000000000e+00,0.000000000e+00,0.000000000e+00,2.166666825e+00,9.999559195e-01,0.000000000e+00,0.000000000e+00,-9.389304255e-03,0.000000000e+00,0.000000000e+00,-0.000000000e+00,0.000000000e+00,9.388890261e-08,0.000000000e+00,-9.388890370e-08,-1.092106062e-15,1.000000000e+00
6.470000000e-01,0.000000000e+00,0.000000000e+00,0.000000000e+00,0.000000000e+00,0.000000000e+00,2.041686464e+00,9.999652445e-01,0.000000000e+00,0.000000000e+00,-8.337257115e-03,0.000000000e+00,0.000000000e+00,-0.000000000e+00,0.000000000e+00,8.336967238e-08,0.000000000e+00,-8.336967349e-08,-1.111529004e-15,1.000000000e+00
6.480000000e-01,0.000000000e+00,0.000000000e+00,0.000000000e+00,0.000000000e+00,0.000000000e+00,1.916701840e+00,9.999730054e-01,0.000000000e+00,0.000000000e+00,-7.347690351e-03,0.000000000e+00,0.000000000e+00,-0.000000000e+00,0.000000000e+00,7.347491890e-08,0.000000000e+00,-7.347492003e-08,-1.127694853e-15,1.000000000e+00
6.490000000e-01,0.000000000e+00,0.000000000e+00,0.000000000e+00,0.000000000e+00,0.000000000e+00,1.791713688e+00,9.999793877e-01,0.000000000e+00,0.000000000e+00,-6.420608340e-03,0.000000000e+00,0.000000000e+00,-0.000000000e+00,0.000000000e+00,6.420475882e-08,0.000000000e+00,-6.420475996e-08,-1.140989617e-15,1.000000000e+00
6.500000000e-01,0.000000000e+00,0.000000000e+00,0.000000000e+00,0.000000000e+00,0.000000000e+00,1.666722653e+00,9.999845652e-01,0.000000000e+00,0.000000000e+00,-5.556014677e-03,0.000000000e+00,0.000000000e+00,-0.000000000e+00,0.000000000e+00,5.555928806e-08,0.000000000e+00,-5.555928921e-08,-1.151775060e-15,1.000000000e+00
6.510000000e-01,0.000000000e+00,0.000000000e+00,0.000000000e+00,0.000000000e+00,0.000000000e+00,1.541729297e+00,9.999887001e-01,0.000000000e+00,0.000000000e+00,-4.753912283e-03,0.000000000e+00,0.000000000e+00,-0.000000000e+00,0.000000000e+00,4.753858449e-08,0.000000000e+00,-4.753858565e-08,-1.160388637e-15,1.000000000e+00
6.520000000e-01,0.000000000e+00,0.000000000e+00,0.000000000e+00,0.000000000e+00,0.000000000e+00,1.416734102e+00,9.999919427e-01,0.000000000e+00,0.000000000e+00,-4.014303492e-03,0.000000000e+00,0.000000000e+00,-0.000000000e+00,0.000000000e+00,4.014271030e-08,0.000000000e+00,-4.014271147e-08,-1.167143486e-15,1.000000000e+00
6.530000000e-01,0.000000000e+00,0.000000000e+00,0.000000000e+00,0.000000000e+00,0.000000000e+00,1.291737480e+00,9.999944316e-01,0.000000000e+00,0.000000000e+00,-3.337190132e-03,0.000000000e+00,0.000000000e+00,-0.000000000e+00,0.000000000e+00,3.337171432e-08,0.000000000e+00,-3.337171549e-08,-1.172328440e-15,1.000000000e+00
6.540000000e-01,0.000000000e+00,0.000000000e+00,0.000000000e+00,0.000000000e+00,0.000000000e+00,1.166739775e+00,9.999962938e-01,0.000000000e+00,0.000000000e+00,-2.722573611e-03,0.000000000e+00,0.000000000e+00,-0.000000000e+00,0.000000000e+00,2.722563403e-08,0.000000000e+00,-2.722563521e-08,-1.176207904e-15,1.000000000e+00
6.550000000e-01,0.000000000e+00,0.000000000e+00,0.000000000e+00,0.000000000e+00,0.000000000e+00,1.041741271e+00,9.999976446e-01,0.000000000e+00,0.000000000e+00,-2.170454981e-03,0.000000000e+00,0.000000000e+00,-0.000000000e+00,0.000000000e+00,2.170449751e-08,0.000000000e+00,-2.170449869e-08,-1.179021866e-15,1.000000000e+00
6.560000000e-01,0.000000000e+00,0.000000000e+00,0.000000000e+00,0.000000000e+00,0.000000000e+00,9.167421979e-01,9.999985874e-01,0.000000000e+00,0.000000000e+00,-1.680835007e-03,0.000000000e+00,0.000000000e+00,-0.000000000e+00,0.000000000e+00,1.680832515e-08,0.000000000e+00,-1.680832633e-08,-1.180986010e-15,1.000000000e+00
6.570000000e-01,0.000000000e+00,0.000000000e+00,0.000000000e+00,0.000000000e+00,0.000000000e+00,7.917427362e-01,9.999992141e-01,0.000000000e+00,0.000000000e+00,-1.253714224e-03,0.000000000e+00,0.000000000e+00,-0.000000000e+00,0.000000000e+00,1.253713120e-08,0.000000000e+00,-1.253713239e-08,-1.182291552e-15,1.000000000e+00
6.580000000e-01,0.000000000e+00,0.000000000e+00,0.000000000e+00,0.000000000e+00,0.000000000e+00,6.667430231e-01,9.999996048e-01,0.000000000e+00,0.000000000e+00,-8.890929875e-04,0.000000000e+00,0.000000000e+00,-0.000000000e+00,0.000000000e+00,8.890925177e-09,0.000000000e+00,-8.890926361e-09,-1.183105348e-15,1.000000000e+00
6.590000000e-01,0.000000000e+00,0.000000000e+00,0.000000000e+00,0.000000000e+00,0.000000000e+00,5.417431593e-01,9.999998277e-01,0.000000000e+00,0.000000000e+00,-5.869715207e-04,0.000000000e+00,0.000000000e+00,-0.000000000e+00,0.000000000e+00,5.869713012e-09,0.000000000e+00,-5.869714196e-09,-1.183569830e-15,1.000000000e+00
6.600000000e-01,0.000000000e+00,0.000000000e+00,0.000000000e+00,0.000000000e+00,0.000000000e+00,4.167432138e-01,9.999999397e-01,0.000000000e+00,0.000000000e+00,-3.473499519e-04,0.000000000e+00,0.000000000e+00,-0.000000000e+00,0.000000000e+00,3.473498125e-09,0.000000000e+00,-3.473499309e-09,-1.183802999e-15,1.000000000e+00
6.610000000e-01,0.000000000e+00,0.000000000e+00,0.000000000e+00,0.000000000e+00,0.000000000e+00,2.917432306e-01,9.999999855e-01,0.000000000e+00,0.000000000e+00,-1.702283460e-04,0.000000000e+00,0.000000000e+00,-0.000000000e+00,0.000000000e+00,1.702282251e-09,0.000000000e+00,-1.702283435e-09,-1.183898463e-15,1.000000000e+00
6.620000000e-01,0.000000000e+00,0.000000000e+00,0.000000000e+00,0.000000000e+00,0.000000000e+00,1.667432337e-01,9.999999985e-01,0.000000000e+00,0.000000000e+00,-5.560673047e-05,0.000000000e+00,0.000000000e+00,-0.000000000e+00,0.000000000e+00,5.560661199e-10,0.000000000e+00,-5.560673038e-10,-1.183925408e-15,1.000000000e+00
6.630000000e-01,0.000000000e+00,0.000000000e+00,0.000000000e+00,0.000000000e+00,0.000000000e+00,4.174323393e-02,1.000000000e+00,0.000000000e+00,0.000000000e+00,-3.485113552e-06,0.000000000e+00,0.000000000e+00,-0.000000000e+00,0.000000000e+00,3.484995159e-11,0.000000000e+00,-3.485113552e-11,-1.183928607e-15,1.000000000e+00
6.640000000e-01,0.000000000e+00,0.000000000e+00,0.000000000e+00,0.000000000e+00,0.000000000e+00,-8.325676606e-02,9.999999999e-01,0.000000000e+00,0.000000000e+00,-1.386349658e-05,0.000000000e+00,-0.000000000e+00,-0.000000000e+00,0.000000000e+00,1.386337819e-10,0.000000000e+00,-1.386349658e-10,-1.183928421e-15,1.000000000e+00
6.650000000e-01,0.000000000e+00,0.000000000e+00,0.000000000e+00,0.000000000e+00,0.000000000e+00,-2.082567654e-01,9.999999962e-01,0.000000000e+00,0.000000000e+00,-8.674187942e-05,0.000000000e+00,-0.000000000e+00,-0.000000000e+00,0.000000000e+00,8.674176070e-10,0.000000000e+00,-8.674187909e-10,-1.183920797e-15,1.000000000e+00
6.660000000e-01,0.000000000e+00,0.000000000e+00,0.000000000e+00,0.000000000e+00,0.000000000e+00,-3.332567595e-01,9.999999753e-01,0.000000000e+00,0.000000000e+00,-2.221202594e-04,0.000000000e+00,-0.000000000e+00,-0.000000000e+00,0.000000000e+00,2.221201355e-09,0.000000000e+00,-2.221202539e-09,-1.183877265e-15,1.000000000e+00
6.670000000e-01,0.000000000e+00,0.000000000e+00,0.000000000e+00,0.000000000e+00,0.000000000e+00,-4.582567337e-01,9.999999118e-01,0.000000000e+00,0.000000000e+00,-4.199986234e-04,0.000000000e+00,-0.000000000e+00,-0.000000000e+00,0.000000000e+00,4.199984680e-09,0.000000000e+00,-4.199985864e-09,-1.183744944e-15,1.000000000e+00
6.680000000e-01,0.000000000e+00,0.000000000e+00,0.000000000e+00,0.000000000e+00,0.000000000e+00,-5.832566581e-01,9.999997685e-01,0.000000000e+00,0.000000000e+00,-6.803769342e-04,0.000000000e+00,-0.000000000e+00,-0.000000000e+00,0.000000000e+00,6.803766584e-09,0.000000000e+00,-6.803767767e-09,-1.183446540e-15,1.000000000e+00
6.690000000e-01,0.000000000e+00,0.000000000e+00,0.000000000e+00,0.000000000e+00,0.000000000e+00,-7.082564809e-01,9.999994967e-01,0.000000000e+00,0.000000000e+00,-1.003255109e-03,0.000000000e+00,-0.000000000e+00,-0.000000000e+00,0.000000000e+00,1.003254486e-08,0.000000000e+00,-1.003254604e-08,-1.182880336e-15,1.000000000e+00
6.700000000e-01,0.000000000e+00,0.000000000e+00,0.000000000e+00,0.000000000e+00,0.000000000e+00,-8.332561234e-01,9.999990358e-01,0.000000000e+00,0.000000000e+00,-1.388632991e-03,0.000000000e+00,-0.000000000e+00,-0.000000000e+00,0.000000000e+00,1.388631534e-08,0.000000000e+00,-1.388631652e-08,-1.181920233e-15,1.000000000e+00
6.710000000e-01,0.000000000e+00,0.000000000e+00,0.000000000e+00,0.000000000e+00,0.000000000e+00,-9.582554733e-01,9.999983136e-01,0.000000000e+00,0.000000000e+00,-1.836510319e-03,0.000000000e+00,-0.000000000e+00,-0.000000000e+00,0.000000000e+00,1.836507104e-08,0.000000000e+00,-1.836507222e-08,-1.180415659e-15,1.000000000e+00
6.720000000e-01,0.000000000e+00,0.000000000e+00,0.000000000e+00,0.000000000e+00,0.000000000e+00,-1.083254379e+00,9.999972461e-01,0.000000000e+00,0.000000000e+00,-2.346886682e-03,0.000000000e+00,-0.000000000e+00,-0.000000000e+00,0.000000000e+00,2.346880101e-08,0.000000000e+00,-2.346880219e-08,-1.178191701e-15,1.000000000e+00
6.730000000e-01,0.000000000e+00,0.000000000e+00,0.000000000e+00,0.000000000e+00,0.000000000e+00,-1.208252646e+00,9.999957375e-01,0.000000000e+00,0.000000000e+00,-2.919761476e-03,0.000000000e+00,-0.000000000e+00,-0.000000000e+00,0.000000000e+00,2.919748913e-08,0.000000000e+00,-2.919749030e-08,-1.175049014e-15,1.000000000e+00
6.740000000e-01,0.000000000e+00,0.000000000e+00,0.000000000e+00,0.000000000e+00,0.000000000e+00,-1.333250026e+00,9.999936805e-01,0.000000000e+00,0.000000000e+00,-3.555133846e-03,0.000000000e+00,-0.000000000e+00,-0.000000000e+00,0.000000000e+00,3.555111262e-08,0.000000000e+00,-3.555111379e-08,-1.170763838e-15,1.000000000e+00
6.750000000e-01,0.000000000e+00,0.000000000e+00,0.000000000e+00,0.000000000e+00,0.000000000e+00,-1.458246215e+00,9.999909559e-01,0.000000000e+00,0.000000000e+00,-4.253002629e-03,0.000000000e+00,-0.000000000e+00,-0.000000000e+00,0.000000000e+00,4.252964048e-08,0.000000000e+00,-4.252964165e-08,-1.165088035e-15,1.000000000e+00
6.760000000e-01,0.000000000e+00,0.000000000e+00,0.000000000e+00,0.000000000e+00,0.000000000e+00,-1.583240849e+00,9.999874330e-01,0.000000000e+00,0.000000000e+00,-5.013366288e-03,0.000000000e+00,-0.000000000e+00,-0.000000000e+00,0.000000000e+00,5.013303170e-08,0.000000000e+00,-5.013303285e-08,-1.157749097e-15,1.000000000e+00
6.770000000e-01,0.000000000e+00,0.000000000e+00,0.000000000e+00,0.000000000e+00,0.000000000e+00,-1.708233492e+00,9.999829691e-01,0.000000000e+00,0.000000000e+00,-5.836222834e-03,0.000000000e+00,-0.000000000e+00,-0.000000000e+00,0.000000000e+00,5.836123323e-08,0.000000000e+00,-5.836123438e-08,-1.148450164e-15,1.000000000e+00
6.780000000e-01,0.000000000e+00,0.000000000e+00,0.000000000e+00,0.000000000e+00,0.000000000e+00,-1.833223635e+00,9.999774100e-01,0.000000000e+00,0.000000000e+00,-6.721569749e-03,0.000000000e+00,-0.000000000e+00,-0.000000000e+00,0.000000000e+00,6.721417795e-08,0.000000000e+00,-6.721417909e-08,-1.136870019e-15,1.000000000e+00
6.790000000e-01,0.000000000e+00,0.000000000e+00,0.000000000e+00,0.000000000e+00,0.000000000e+00,-1.958210692e+00,9.999705897e-01,0.000000000e+00,0.000000000e+00,-7.669403898e-03,0.000000000e+00,-0.000000000e+00,-0.000000000e+00,0.000000000e+00,7.669178226e-08,0.000000000e+00,-7.669178338e-08,-1.122663093e-15,1.000000000e+00
6.800000000e-01,0.000000000e+00,0.000000000e+00,0.000000000e+00,0.000000000e+00,0.000000000e+00,-2.083193986e+00,9.999623305e-01,0.000000000e+00,0.000000000e+00,-8.679721436e-03,0.000000000e+00,-0.000000000e+00,-0.000000000e+00,0.000000000e+00,8.679394365e-08,0.000000000e+00,-8.679394476e-08,-1.105459550e-15,1.000000000e+00
6.810000000e-01,0.000000000e+00,0.000000000e+00,0.000000000e+00,0.000000000e+00,0.000000000e+00,-2.208172752e+00,9.999524431e-01,0.000000000e+00,0.000000000e+00,-9.752517710e-03,0.000000000e+00,-0.000000000e+00,-0.000000000e+00,0.000000000e+00,9.752053802e-08,0.000000000e+00,-9.752053910e-08,-1.084865333e-15,1.000000000e+00
6.820000000e-01,0.000000000e+00,0.000000000e+00,0.000000000e+00,0.000000000e+00,0.000000000e+00,-2.333146125e+00,9.999407263e-01,0.000000000e+00,0.000000000e+00,-1.088778715e-02,0.000000000e+00,-0.000000000e+00,-0.000000000e+00,0.000000000e+00,1.088714168e-07,0.000000000e+00,-1.088714179e-07,-1.060462314e-15,1.000000000e+00
6.830000000e-01,0.000000000e+00,0.000000000e+00,0.000000000e+00,0.000000000e+00,0.000000000e+00,-2.458113139e+00,9.999269674e-01,0.000000000e+00,0.000000000e+00,-1.208552315e-02,0.000000000e+00,-0.000000000e+00,-0.000000000e+00,0.000000000e+00,1.208464041e-07,0.000000000e+00,-1.208464052e-07,-1.031807758e-15,1.000000000e+00
6.840000000e-01,0.000000000e+00,0.000000000e+00,0.000000000e+00,0.000000000e+00,0.000000000e+00,-2.583072718e+00,9.999109419e-01,0.000000000e+00,0.000000000e+00,-1.334571797e-02,0.000000000e+00,-0.000000000e+00,-0.000000000e+00,0.000000000e+00,1.334452933e-07,0.000000000e+00,-1.334452943e-07,-9.984353220e-16,1.000000000e+00
6.850000000e-01,0.000000000e+00,0.000000000e+00,0.000000000e+00,0.000000000e+00,0.000000000e+00,-2.708023668e+00,9.998924138e-01,0.000000000e+00,0.000000000e+00,-1.466836259e-02,0.000000000e+00,-0.000000000e+00,-0.000000000e+00,0.000000000e+00,1.466678438e-07,0.000000000e+00,-1.466678447e-07,-9.598542948e-16,1.000000000e+00
6.860000000e-01,0.000000000e+00,0.000000000e+00,0.000000000e+00,0.000000000e+00,0.000000000e+00,-2.832964679e+00,9.998711351e-01,0.000000000e+00,0.000000000e+00,-1.605344656e-02,0.000000000e+00,-0.000000000e+00,-0.000000000e+00,0.000000000e+00,1.605137774e-07,0.000000000e+00,-1.605137784e-07,-9.155505011e-16,1.000000000e+00
6.870000000e-01,0.000000000e+00,0.000000000e+00,0.000000000e+00,0.000000000e+00,0.000000000e+00,-2.957894310e+00,9.998468465e-01,0.000000000e+00,0.000000000e+00,-1.750095792e-02,0.000000000e+00,-0.000000000e+00,-0.000000000e+00,0.000000000e+00,1.749827750e-07,0.000000000e+00,-1.749827759e-07,-8.649855459e-16,1.000000000e+00
6.880000000e-01,0.000000000e+00,0.000000000e+00,0.000000000e+00,0.000000000e+00,0.000000000e+00,-3.082810991e+00,9.998192768e-01,0.000000000e+00,0.000000000e+00,-1.901088300e-02,0.000000000e+00,-0.000000000e+00,-0.000000000e+00,0.000000000e+00,1.900744721e-07,0.000000000e+00,-1.900744729e-07,-8.075972902e-16,1.000000000e+00
6.890000000e-01,0.000000000e+00,0.000000000e+00,0.000000000e+00,0.000000000e+00,0.000000000e+00,-3.207713010e+00,9.997881434e-01,0.000000000e+00,0.000000000e+00,-2.058320627e-02,0.000000000e+00,-0.000000000e+00,-0.000000000e+00,0.000000000e+00,2.057884551e-07,0.000000000e+00,-2.057884558e-07,-7.428001433e-16,1.000000000e+00
6.900000000e-01,0.000000000e+00,0.000000000e+00,0.000000000e+00,0.000000000e+00,0.000000000e+00,-3.332598514e+00,9.997531518e-01,0.000000000e+00,0.000000000e+00,-2.221791023e-02,0.000000000e+00,-0.000000000e+00,-0.000000000e+00,0.000000000e+00,2.221242571e-07,0.000000000e+00,-2.221242578e-07,-6.699852736e-16,1.000000000e+00
6.910000000e-01,0.000000000e+00,0.000000000e+00,0.000000000e+00,0.000000000e+00,0.000000000e+00,-3.457465499e+00,9.997139961e-01,0.000000000e+00,0.000000000e+00,-2.391497518e-02,0.000000000e+00,-0.000000000e+00,-0.000000000e+00,0.000000000e+00,2.390813535e-07,0.000000000e+00,-2.390813541e-07,-5.885203976e-16,1.000000000e+00
6.920000000e-01,0.000000000e+00,0.000000000e+00,0.000000000e+00,0.000000000e+00,0.000000000e+00,-3.582311804e+00,9.996703588e-01,0.000000000e+00,0.000000000e+00,-2.567437911e-02,0.000000000e+00,-0.000000000e+00,-0.000000000e+00,0.000000000e+00,2.566591573e-07,0.000000000e+00,-2.566591578e-07,-4.977503352e-16,1.000000000e+00
6.930000000e-01,0.000000000e+00,0.000000000e+00,0.000000000e+00,0.000000000e+00,0.000000000e+00,-3.707135111e+00,9.996219108e-01,0.000000000e+00,0.000000000e+00,-2.749609747e-02,0.000000000e+00,-0.000000000e+00,-0.000000000e+00,0.000000000e+00,2.748570146e-07,0.000000000e+00,-2.748570150e-07,-3.969969308e-16,1.000000000e+00
6.940000000e-01,0.000000000e+00,0.000000000e+00,0.000000000e+00,0.000000000e+00,0.000000000e+00,-3.831932929e+00,9.995683116e-01,0.000000000e+00,0.000000000e+00,-2.938010302e-02,0.000000000e+00,-0.000000000e+00,-0.000000000e+00,0.000000000e+00,2.936741994e-07,0.000000000e+00,-2.936741997e-07,-2.855594234e-16,1.000000000e+00
6.950000000e-01,0.000000000e+00,0.000000000e+00,0.000000000e+00,0.000000000e+00,0.000000000e+00,-3.956702599e+00,9.995092090e-01,0.000000000e+00,0.000000000e+00,-3.132636563e-02,0.000000000e+00,-0.000000000e+00,-0.000000000e+00,0.000000000e+00,3.131099092e-07,0.000000000e+00,-3.131099093e-07,-1.627147115e-16,1.000000000e+00
6.960000000e-01,0.000000000e+00,0.000000000e+00,0.000000000e+00,0.000000000e+00,0.000000000e+00,-4.081441282e+00,9.994442394e-01,0.000000000e+00,0.000000000e+00,-3.333485207e-02,0.000000000e+00,-0.000000000e+00,-0.000000000e+00,0.000000000e+00,3.331632587e-07,0.000000000e+00,-3.331632588e-07,-2.771730031e-17,1.000000000e+00
6.970000000e-01,0.000000000e+00,0.000000000e+00,0.000000000e+00,0.000000000e+00,0.000000000e+00,-4.206145954e+00,9.993730278e-01,0.000000000e+00,0.000000000e+00,-3.540552584e-02,0.000000000e+00,-0.000000000e+00,-0.000000000e+00,0.000000000e+00,3.538332757e-07,0.000000000e+00,-3.538332756e-07,1.201986868e-16,1.000000000e+00
6.980000000e-01,0.000000000e+00,0.000000000e+00,0.000000000e+00,0.000000000e+00,0.000000000e+00,-4.330813403e+00,9.992951879e-01,0.000000000e+00,0.000000000e+00,-3.753834692e-02,0.000000000e+00,-0.000000000e+00,-0.000000000e+00,0.000000000e+00,3.751188946e-07,0.000000000e+00,-3.751188944e-07,2.818228964e-16,1.000000000e+00
6.990000000e-01,0.000000000e+00,0.000000000e+00,0.000000000e+00,0.000000000e+00,0.000000000e+00,-4.455440221e+00,9.992103218e-01,0.000000000e+00,0.000000000e+00,-3.973327158e-02,0.000000000e+00,-0.000000000e+00,-0.000000000e+00,0.000000000e+00,3.970189513e-07,0.000000000e+00,-3.970189508e-07,4.579641389e-16,1.000000000e+00
7.000000000e-01,0.000000000e+00,0.000000000e+00,0.000000000e+00,0.000000000e+00,0.000000000e+00,-4.580022800e+00,9.991180204e-01,0.000000000e+00,0.000000000e+00,-4.199025217e-02,0.000000000e+00,-0.000000000e+00,-0.000000000e+00,0.000000000e+00,4.195321769e-07,0.000000000e+00,-4.195321763e-07,6.494519773e-16,1.000000000e+00
7.010000000e-01,0.000000000e+00,0.000000000e+00,0.000000000e+00,0.000000000e+00,0.000000000e+00,-4.704557324e+00,9.990178635e-01,0.000000000e+00,0.000000000e+00,-4.430923687e-02,0.000000000e+00,-0.000000000e+00,-0.000000000e+00,0.000000000e+00,4.426571923e-07,0.000000000e+00,-4.426571915e-07,8.571360916e-16,1.000000000e+00
7.020000000e-01,0.000000000e+00,0.000000000e+00,0.000000000e+00,0.000000000e+00,0.000000000e+00,-4.829039768e+00,9.989094194e-01,0.000000000e+00,0.000000000e+00,-4.669016944e-02,0.000000000e+00,-0.000000000e+00,-0.000000000e+00,0.000000000e+00,4.663925015e-07,0.000000000e+00,-4.663925005e-07,1.081886755e-15,1.000000000e+00
7.030000000e-01,0.000000000e+00,0.000000000e+00,0.000000000e+00,0.000000000e+00,0.000000000e+00,-4.953465887e+00,9.987922454e-01,0.000000000e+00,0.000000000e+00,-4.913298905e-02,0.000000000e+00,-0.000000000e+00,-0.000000000e+00,0.000000000e+00,4.907364859e-07,0.000000000e+00,-4.907364845e-07,1.324592452e-15,1.000000000e+00
7.040000000e-01,0.000000000e+00,0.000000000e+00,0.000000000e+00,0.000000000e+00,0.000000000e+00,-5.077831216e+00,9.986658877e-01,0.000000000e+00,0.000000000e+00,-5.163762996e-02,0.000000000e+00,-0.000000000e+00,-0.000000000e+00,0.000000000e+00,5.156873972e-07,0.000000000e+00,-5.156873956e-07,1.586160462e-15,1.000000000e+00
7.050000000e-01,0.000000000e+00,0.000000000e+00,0.000000000e+00,0.000000000e+00,0.000000000e+00,-5.202131061e+00,9.985298814e-01,0.000000000e+00,0.000000000e+00,-5.420402131e-02,0.000000000e+00,-0.000000000e+00,-0.000000000e+00,0.000000000e+00,5.412433516e-07,0.000000000e+00,-5.412433497e-07,1.867515372e-15,1.000000000e+00
7.060000000e-01,0.000000000e+00,0.000000000e+00,0.000000000e+00,0.000000000e+00,0.000000000e+00,-5.326360497e+00,9.983837508e-01,0.000000000e+00,0.000000000e+00,-5.683208688e-02,0.000000000e+00,-0.000000000e+00,-0.000000000e+00,0.000000000e+00,5.674023228e-07,0.000000000e+00,-5.674023206e-07,2.169600144e-15,1.000000000e+00
7.070000000e-01,0.000000000e+00,0.000000000e+00,0.000000000e+00,0.000000000e+00,0.000000000e+00,-5.450514357e+00,9.982270092e-01,0.000000000e+00,0.000000000e+00,-5.952174476e-02,0.000000000e+00,-0.000000000e+00,-0.000000000e+00,0.000000000e+00,5.941621350e-07,0.000000000e+00,-5.941621325e-07,2.493373406e-15,1.000000000e+00
7.080000000e-01,0.000000000e+00,0.000000000e+00,0.000000000e+00,0.000000000e+00,0.000000000e+00,-5.574587234e+00,9.980591591e-01,0.000000000e+00,0.000000000e+00,-6.227290718e-02,0.000000000e+00,-0.000000000e+00,-0.000000000e+00,0.000000000e+00,6.215204566e-07,0.000000000e+00,-6.215204537e-07,2.839809352e-15,1.000000000e+00
7.090000000e-01,0.000000000e+00,0.000000000e+00,0.000000000e+00,0.000000000e+00,0.000000000e+00,-5.698573472e+00,9.978796923e-01,0.000000000e+00,0.000000000e+00,-6.508548015e-02,0.000000000e+00,-0.000000000e+00,-0.000000000e+00,0.000000000e+00,6.494747923e-07,0.000000000e+00,-6.494747891e-07,3.209897634e-15,1.000000000e+00
7.100000000e-01,0.000000000e+00,0.000000000e+00,0.000000000e+00,0.000000000e+00,0.000000000e+00,-5.822467161e+00,9.976880900e-01,0.000000000e+00,0.000000000e+00,-6.795936326e-02,0.000000000e+00,-0.000000000e+00,-0.000000000e+00,0.000000000e+00,6.780224769e-07,0.000000000e+00,-6.780224733e-07,3.604642092e-15,1.000000000e+00
7.110000000e-01,0.000000000e+00,0.000000000e+00,0.000000000e+00,0.000000000e+00,0.000000000e+00,-5.946262135e+00,9.974838230e-01,0.000000000e+00,0.000000000e+00,-7.089444934e-02,0.000000000e+00,-0.000000000e+00,-0.000000000e+00,0.000000000e+00,7.071606676e-07,0.000000000e+00,-7.071606635e-07,4.025059167e-15,1.000000000e+00
7.120000000e-01,0.000000000e+00,0.000000000e+00,0.000000000e+00,0.000000000e+00,0.000000000e+00,-6.069951962e+00,9.972663514e-01,0.000000000e+00,0.000000000e+00,-7.389062420e-02,0.000000000e+00,-0.000000000e+00,-0.000000000e+00,0.000000000e+00,7.368863365e-07,0.000000000e+00,-7.368863320e-07,4.472176943e-15,1.000000000e+00
7.130000000e-01,0.000000000e+00,0.000000000e+00,0.000000000e+00,0.000000000e+00,0.000000000e+00,-6.193529945e+00,9.970351254e-01,0.000000000e+00,0.000000000e+00,-7.694776635e-02,0.000000000e+00,-0.000000000e+00,-0.000000000e+00,0.000000000e+00,7.671962636e-07,0.000000000e+00,-7.671962587e-07,4.947035154e-15,1.000000000e+00
7.140000000e-01,0.000000000e+00,0.000000000e+00,0.000000000e+00,0.000000000e+00,0.000000000e+00,-6.316989114e+00,9.967895847e-01,0.000000000e+00,0.000000000e+00,-8.006574668e-02,0.000000000e+00,-0.000000000e+00,-0.000000000e+00,0.000000000e+00,7.980870293e-07,0.000000000e+00,-7.980870238e-07,5.450684650e-15,1.000000000e+00
7.150000000e-01,0.000000000e+00,0.000000000e+00,0.000000000e+00,0.000000000e+00,0.000000000e+00,-6.440322221e+00,9.965291592e-01,0.000000000e+00,0.000000000e+00,-8.324442818e-02,0.000000000e+00,-0.000000000e+00,-0.000000000e+00,0.000000000e+00,8.295550062e-07,0.000000000e+00,-8.295550003e-07,5.984183270e-15,1.000000000e+00
7.160000000e-01,0.000000000e+00,0.000000000e+00,0.000000000e+00,0.000000000e+00,0.000000000e+00,-6.563521740e+00,9.962532688e-01,0.000000000e+00,0.000000000e+00,-8.648366565e-02,0.000000000e+00,-0.000000000e+00,-0.000000000e+00,0.000000000e+00,8.615963526e-07,0.000000000e+00,-8.615963460e-07,6.548597004e-15,1.000000000e+00
7.170000000e-01,0.000000000e+00,0.000000000e+00,0.000000000e+00,0.000000000e+00,0.000000000e+00,-6.686579857e+00,9.959613236e-01,0.000000000e+00,0.000000000e+00,-8.978330536e-02,0.000000000e+00,-0.000000000e+00,-0.000000000e+00,0.000000000e+00,8.942070036e-07,0.000000000e+00,-8.942069964e-07,7.144997666e-15,1.000000000e+00
7.180000000e-01,0.000000000e+00,0.000000000e+00,0.000000000e+00,0.000000000e+00,0.000000000e+00,-6.809488469e+00,9.956527242e-01,0.000000000e+00,0.000000000e+00,-9.314318477e-02,0.000000000e+00,-0.000000000e+00,-0.000000000e+00,0.000000000e+00,9.273826643e-07,0.000000000e+00,-9.273826565e-07,7.774462154e-15,1.000000000e+00
7.190000000e-01,0.000000000e+00,0.000000000e+00,0.000000000e+00,0.000000000e+00,0.000000000e+00,-6.932239182e+00,9.953268616e-01,0.000000000e+00,0.000000000e+00,-9.656313220e-02,0.000000000e+00,-0.000000000e+00,-0.000000000e+00,0.000000000e+00,9.611188016e-07,0.000000000e+00,-9.611187932e-07,8.438070858e-15,1.000000000e+00
7.200000000e-01,0.000000000e+00,0.000000000e+00,0.000000000e+00,0.000000000e+00,0.000000000e+00,-7.054823303e+00,9.949831179e-01,0.000000000e+00,0.000000000e+00,-1.000429665e-01,0.000000000e+00,-0.000000000e+00,-0.000000000e+00,0.000000000e+00,9.954106366e-07,0.000000000e+00,-9.954106275e-07,9.136906921e-15,1.000000000e+00
7.210000000e-01,0.000000000e+00,0.000000000e+00,0.000000000e+00,0.000000000e+00,0.000000000e+00,-7.177231836e+00,9.946208656e-01,0.000000000e+00,0.000000000e+00,-1.035824968e-01,0.000000000e+00,-0.000000000e+00,-0.000000000e+00,0.000000000e+00,1.030253137e-06,0.000000000e+00,-1.030253127e-06,9.872052321e-15,1.000000000e+00
7.220000000e-01,0.000000000e+00,0.000000000e+00,0.000000000e+00,0.000000000e+00,0.000000000e+00,-7.299455485e+00,9.942394688e-01,0.000000000e+00,0.000000000e+00,-1.071815222e-01,0.000000000e+00,-0.000000000e+00,-0.000000000e+00,0.000000000e+00,1.065641008e-06,0.000000000e+00,-1.065640997e-06,1.064458830e-14,1.000000000e+00
7.230000000e-01,0.000000000e+00,0.000000000e+00,0.000000000e+00,0.000000000e+00,0.000000000e+00,-7.421484643e+00,9.938382825e-01,0.000000000e+00,0.000000000e+00,-1.108398312e-01,0.000000000e+00,-0.000000000e+00,-0.000000000e+00,0.000000000e+00,1.101568686e-06,0.000000000e+00,-1.101568675e-06,1.145559227e-14,1.000000000e+00
7.240000000e-01,0.000000000e+00,0.000000000e+00,0.000000000e+00,0.000000000e+00,0.000000000e+00,-7.543309393e+00,9.934166535e-01,0.000000000e+00,0.000000000e+00,-1.145572017e-01,0.000000000e+00,-0.000000000e+00,-0.000000000e+00,0.000000000e+00,1.138030332e-06,0.000000000e+00,-1.138030320e-06,1.230613808e-14,1.000000000e+00
7.250000000e-01,0.000000000e+00,0.000000000e+00,0.000000000e+00,0.000000000e+00,0.000000000e+00,-7.664919504e+00,9.929739203e-01,0.000000000e+00,0.000000000e+00,-1.183334006e-01,0.000000000e+00,-0.000000000e+00,-0.000000000e+00,0.000000000e+00,1.175019820e-06,0.000000000e+00,-1.175019807e-06,1.319729255e-14,1.000000000e+00
7.260000000e-01,0.000000000e+00,0.000000000e+00,0.000000000e+00,0.000000000e+00,0.000000000e+00,-7.786304427e+00,9.925094131e-01,0.000000000e+00,0.000000000e+00,-1.221681833e-01,0.000000000e+00,-0.000000000e+00,-0.000000000e+00,0.000000000e+00,1.212530733e-06,0.000000000e+00,-1.212530719e-06,1.413011172e-14,1.000000000e+00
7.270000000e-01,0.000000000e+00,0.000000000e+00,0.000000000e+00,0.000000000e+00,0.000000000e+00,-7.907453295e+00,9.920224545e-01,0.000000000e+00,0.000000000e+00,-1.260612934e-01,0.000000000e+00,-0.000000000e+00,-0.000000000e+00,0.000000000e+00,1.250556352e-06,0.000000000e+00,-1.250556337e-06,1.510564296e-14,1.000000000e+00
7.280000000e-01,0.000000000e+00,0.000000000e+00,0.000000000e+00,0.000000000e+00,0.000000000e+00,-8.028354919e+00,9.915123597e-01,0.000000000e+00,0.000000000e+00,-1.300124628e-01,0.000000000e+00,-0.000000000e+00,-0.000000000e+00,0.000000000e+00,1.289089654e-06,0.000000000e+00,-1.289089638e-06,1.612492132e-14,1.000000000e+00
7.290000000e-01,0.000000000e+00,0.000000000e+00,0.000000000e+00,0.000000000e+00,0.000000000e+00,-8.148997783e+00,9.909784364e-01,0.000000000e+00,0.000000000e+00,-1.340214107e-01,0.000000000e+00,-0.000000000e+00,-0.000000000e+00,0.000000000e+00,1.328123297e-06,0.000000000e+00,-1.328123280e-06,1.718896348e-14,1.000000000e+00
7.300000000e-01,0.000000000e+00,0.000000000e+00,0.000000000e+00,0.000000000e+00,0.000000000e+00,-8.269370048e+00,9.904199854e-01,0.000000000e+00,0.000000000e+00,-1.380878437e-01,0.000000000e+00,-0.000000000e+00,-0.000000000e+00,0.000000000e+00,1.367649620e-06,0.000000000e+00,-1.367649602e-06,1.829877273e-14,1.000000000e+00
7.310000000e-01,0.000000000e+00,0.000000000e+00,0.000000000e+00,0.000000000e+00,0.000000000e+00,-8.389459546e+00,9.898363006e-01,0.000000000e+00,0.000000000e+00,-1.422114555e-01,0.000000000e+00,-0.000000000e+00,-0.000000000e+00,0.000000000e+00,1.407660629e-06,0.000000000e+00,-1.407660610e-06,1.945532994e-14,1.000000000e+00
7.320000000e-01,0.000000000e+00,0.000000000e+00,0.000000000e+00,0.000000000e+00,0.000000000e+00,-8.509253778e+00,9.892266696e-01,0.000000000e+00,0.000000000e+00,-1.463919262e-01,0.000000000e+00,-0.000000000e+00,-0.000000000e+00,0.000000000e+00,1.448147997e-06,0.000000000e+00,-1.448147977e-06,2.065959606e-14,1.000000000e+00
7.330000000e-01,0.000000000e+00,0.000000000e+00,0.000000000e+00,0.000000000e+00,0.000000000e+00,-8.628739916e+00,9.885903741e-01,0.000000000e+00,0.000000000e+00,-1.506289226e-01,0.000000000e+00,-0.000000000e+00,-0.000000000e+00,0.000000000e+00,1.489103051e-06,0.000000000e+00,-1.489103029e-06,2.191250602e-14,1.000000000e+00
7.340000000e-01,0.000000000e+00,0.000000000e+00,0.000000000e+00,0.000000000e+00,0.000000000e+00,-8.747904800e+00,9.879266895e-01,0.000000000e+00,0.000000000e+00,-1.549220970e-01,0.000000000e+00,-0.000000000e+00,-0.000000000e+00,0.000000000e+00,1.530516768e-06,0.000000000e+00,-1.530516744e-06,2.321496847e-14,1.000000000e+00
7.350000000e-01,0.000000000e+00,0.000000000e+00,0.000000000e+00,0.000000000e+00,0.000000000e+00,-8.866734935e+00,9.872348862e-01,0.000000000e+00,0.000000000e+00,-1.592710879e-01,0.000000000e+00,-0.000000000e+00,-0.000000000e+00,0.000000000e+00,1.572379768e-06,0.000000000e+00,-1.572379744e-06,2.456786283e-14,1.000000000e+00
7.360000000e-01,0.000000000e+00,0.000000000e+00,0.000000000e+00,0.000000000e+00,0.000000000e+00,-8.985216495e+00,9.865142293e-01,0.000000000e+00,0.000000000e+00,-1.636755189e-01,0.000000000e+00,-0.000000000e+00,-0.000000000e+00,0.000000000e+00,1.614682309e-06,0.000000000e+00,-1.614682283e-06,2.597203488e-14,1.000000000e+00
7.370000000e-01,0.000000000e+00,0.000000000e+00,0.000000000e+00,0.000000000e+00,0.000000000e+00,-9.103335322e+00,9.857639790e-01,0.000000000e+00,0.000000000e+00,-1.681349986e-01,0.000000000e+00,-0.000000000e+00,-0.000000000e+00,0.000000000e+00,1.657414280e-06,0.000000000e+00,-1.657414252e-06,2.742829733e-14,1.000000000e+00
7.380000000e-01,0.000000000e+00,0.000000000e+00,0.000000000e+00,0.000000000e+00,0.000000000e+00,-9.221076920e+00,9.849833913e-01,0.000000000e+00,0.000000000e+00,-1.726491205e-01,0.000000000e+00,-0.000000000e+00,-0.000000000e+00,0.000000000e+00,1.700565191e-06,0.000000000e+00,-1.700565162e-06,2.893742269e-14,1.000000000e+00
7.390000000e-01,0.000000000e+00,0.000000000e+00,0.000000000e+00,0.000000000e+00,0.000000000e+00,-9.338426465e+00,9.841717182e-01,0.000000000e+00,0.000000000e+00,-1.772174626e-01,0.000000000e+00,-0.000000000e+00,-0.000000000e+00,0.000000000e+00,1.744124177e-06,0.000000000e+00,-1.744124146e-06,3.050014829e-14,1.000000000e+00
7.400000000e-01,0.000000000e+00,0.000000000e+00,0.000000000e+00,0.000000000e+00,0.000000000e+00,-9.455368797e+00,9.833282080e-01,0.000000000e+00,0.000000000e+00,-1.818395867e-01,0.000000000e+00,-0.000000000e+00,-0.000000000e+00,0.000000000e+00,1.788079982e-06,0.000000000e+00,-1.788079950e-06,3.211716256e-14,1.000000000e+00
7.410000000e-01,0.000000000e+00,0.000000000e+00,0.000000000e+00,0.000000000e+00,0.000000000e+00,-9.571888429e+00,9.824521058e-01,0.000000000e+00,0.000000000e+00,-1.865150390e-01,0.000000000e+00,-0.000000000e+00,-0.000000000e+00,0.000000000e+00,1.832420962e-06,0.000000000e+00,-1.832420928e-06,3.378910755e-14,1.000000000e+00
7.420000000e-01,0.000000000e+00,0.000000000e+00,0.000000000e+00,0.000000000e+00,0.000000000e+00,-9.687969540e+00,9.815426540e-01,0.000000000e+00,0.000000000e+00,-1.912433487e-01,0.000000000e+00,-0.000000000e+00,-0.000000000e+00,0.000000000e+00,1.877135076e-06,0.000000000e+00,-1.877135041e-06,3.551658339e-14,1.000000000e+00
7.430000000e-01,0.000000000e+00,0.000000000e+00,0.000000000e+00,0.000000000e+00,0.000000000e+00,-9.803595983e+00,9.805990925e-01,0.000000000e+00,0.000000000e+00,-1.960240287e-01,0.000000000e+00,-0.000000000e+00,-0.000000000e+00,0.000000000e+00,1.922209884e-06,0.000000000e+00,-1.922209847e-06,3.730012879e-14,1.000000000e+00
7.440000000e-01,0.000000000e+00,0.000000000e+00,0.000000000e+00,0.000000000e+00,0.000000000e+00,-9.918751285e+00,9.796206594e-01,0.000000000e+00,0.000000000e+00,-2.008565747e-01,0.000000000e+00,-0.000000000e+00,-0.000000000e+00,0.000000000e+00,1.967632541e-06,0.000000000e+00,-1.967632502e-06,3.914023418e-14,1.000000000e+00
7.450000000e-01,0.000000000e+00,0.000000000e+00,0.000000000e+00,0.000000000e+00,0.000000000e+00,-1.003341865e+01,9.786065915e-01,0.000000000e+00,0.000000000e+00,-2.057404653e-01,0.000000000e+00,-0.000000000e+00,-0.000000000e+00,0.000000000e+00,2.013389795e-06,0.000000000e+00,-2.013389754e-06,4.103733048e-14,1.000000000e+00
7.460000000e-01,0.000000000e+00,0.000000000e+00,0.000000000e+00,0.000000000e+00,0.000000000e+00,-1.014758096e+01,9.775561244e-01,0.000000000e+00,0.000000000e+00,-2.106751613e-01,0.000000000e+00,-0.000000000e+00,-0.000000000e+00,0.000000000e+00,2.059467985e-06,0.000000000e+00,-2.059467942e-06,4.299178404e-14,1.000000000e+00
7.470000000e-01,0.000000000e+00,0.000000000e+00,0.000000000e+00,0.000000000e+00,0.000000000e+00,-1.026122077e+01,9.764684934e-01,0.000000000e+00,0.000000000e+00,-2.156601062e-01,0.000000000e+00,-0.000000000e+00,-0.000000000e+00,0.000000000e+00,2.105853035e-06,0.000000000e+00,-2.105852990e-06,4.500390234e-14,1.000000000e+00
7.480000000e-01,0.000000000e+00,0.000000000e+00,0.000000000e+00,0.000000000e+00,0.000000000e+00,-1.037432035e+01,9.753429337e-01,0.000000000e+00,0.000000000e+00,-2.206947251e-01,0.000000000e+00,-0.000000000e+00,-0.000000000e+00,0.000000000e+00,2.152530453e-06,0.000000000e+00,-2.152530406e-06,4.707392254e-14,1.000000000e+00
7.490000000e-01,0.000000000e+00,0.000000000e+00,0.000000000e+00,0.000000000e+00,0.000000000e+00,-1.048686162e+01,9.741786811e-01,0.000000000e+00,0.000000000e+00,-2.257784251e-01,0.000000000e+00,-0.000000000e+00,-0.000000000e+00,0.000000000e+00,2.199485333e-06,0.000000000e+00,-2.199485283e-06,4.920201404e-14,1.000000000e+00
7.500000000e-01,0.000000000e+00,0.000000000e+00,0.000000000e+00,0.000000000e+00,0.000000000e+00,-1.059882623e+01,9.729749726e-01,0.000000000e+00,0.000000000e+00,-2.309105947e-01,0.000000000e+00,-0.000000000e+00,-0.000000000e+00,0.000000000e+00,2.246702347e-06,0.000000000e+00,-2.246702296e-06,5.138827342e-14,1.000000000e+00
7.510000000e-01,0.000000000e+00,0.000000000e+00,0.000000000e+00,0.000000000e+00,0.000000000e+00,-1.071019550e+01,9.717310465e-01,0.000000000e+00,0.000000000e+00,-2.360906041e-01,0.000000000e+00,-0.000000000e+00,-0.000000000e+00,0.000000000e+00,2.294165751e-06,0.000000000e+00,-2.294165698e-06,5.363271760e-14,1.000000000e+00
7.520000000e-01,0.000000000e+00,0.000000000e+00,0.000000000e+00,0.000000000e+00,0.000000000e+00,-1.082095047e+01,9.704461435e-01,0.000000000e+00,0.000000000e+00,-2.413178043e-01,0.000000000e+00,-0.000000000e+00,-0.000000000e+00,0.000000000e+00,2.341859381e-06,0.000000000e+00,-2.341859325e-06,5.593528562e-14,1.000000000e+00
7.530000000e-01,0.000000000e+00,0.000000000e+00,0.000000000e+00,0.000000000e+00,0.000000000e+00,-1.093107189e+01,9.691195069e-01,0.000000000e+00,0.000000000e+00,-2.465915274e-01,0.000000000e+00,-0.000000000e+00,-0.000000000e+00,0.000000000e+00,2.389766653e-06,0.000000000e+00,-2.389766595e-06,5.829583938e-14,1.000000000e+00
7.540000000e-01,0.000000000e+00,0.000000000e+00,0.000000000e+00,0.000000000e+00,0.000000000e+00,-1.104054022e+01,9.677503834e-01,0.000000000e+00,0.000000000e+00,-2.519110865e-01,0.000000000e+00,-0.000000000e+00,-0.000000000e+00,0.000000000e+00,2.437870566e-06,0.000000000e+00,-2.437870506e-06,6.071415191e-14,1.000000000e+00
7.550000000e-01,0.000000000e+00,0.000000000e+00,0.000000000e+00,0.000000000e+00,0.000000000e+00,-1.114933564e+01,9.663380234e-01,0.000000000e+00,0.000000000e+00,-2.572757752e-01,0.000000000e+00,-0.000000000e+00,-0.000000000e+00,0.000000000e+00,2.486153704e-06,0.000000000e+00,-2.486153641e-06,6.318990851e-14,1.000000000e+00
7.560000000e-01,0.000000000e+00,0.000000000e+00,0.000000000e+00,0.000000000e+00,0.000000000e+00,-1.125743807e+01,9.648816820e-01,0.000000000e+00,0.000000000e+00,-2.626848677e-01,0.000000000e+00,-0.000000000e+00,-0.000000000e+00,0.000000000e+00,2.534598236e-06,0.000000000e+00,-2.534598170e-06,6.572270939e-14,1.000000000e+00
7.570000000e-01,0.000000000e+00,0.000000000e+00,0.000000000e+00,0.000000000e+00,0.000000000e+00,-1.136482714e+01,9.633806192e-01,0.000000000e+00,0.000000000e+00,-2.681376187e-01,0.000000000e+00,-0.000000000e+00,-0.000000000e+00,0.000000000e+00,2.583185920e-06,0.000000000e+00,-2.583185851e-06,6.831205650e-14,1.000000000e+00
7.580000000e-01,0.000000000e+00,0.000000000e+00,0.000000000e+00,0.000000000e+00,0.000000000e+00,-1.147148226e+01,9.618341007e-01,0.000000000e+00,0.000000000e+00,-2.736332631e-01,0.000000000e+00,-0.000000000e+00,-0.000000000e+00,0.000000000e+00,2.631898106e-06,0.000000000e+00,-2.631898035e-06,7.095736411e-14,1.000000000e+00
7.590000000e-01,0.000000000e+00,0.000000000e+00,0.000000000e+00,0.000000000e+00,0.000000000e+00,-1.157738257e+01,9.602413987e-01,0.000000000e+00,0.000000000e+00,-2.791710160e-01,0.000000000e+00,-0.000000000e+00,-0.000000000e+00,0.000000000e+00,2.680715743e-06,0.000000000e+00,-2.680715669e-06,7.365794062e-14,1.000000000e+00
7.600000000e-01,0.000000000e+00,0.000000000e+00,0.000000000e+00,0.000000000e+00,0.000000000e+00,-1.168250696e+01,9.586017922e-01,0.000000000e+00,0.000000000e+00,-2.847500730e-01,0.000000000e+00,-0.000000000e+00,-0.000000000e+00,0.000000000e+00,2.729619379e-06,0.000000000e+00,-2.729619303e-06,7.641300465e-14,1.000000000e+00
7.610000000e-01,0.000000000e+00,0.000000000e+00,0.000000000e+00,0.000000000e+00,0.000000000e+00,-1.178683412e+01,9.569145677e-01,0.000000000e+00,0.000000000e+00,-2.903696093e-01,0.000000000e+00,-0.000000000e+00,-0.000000000e+00,0.000000000e+00,2.778589171e-06,0.000000000e+00,-2.778589092e-06,7.922166637e-14,1.000000000e+00
7.620000000e-01,0.000000000e+00,0.000000000e+00,0.000000000e+00,0.000000000e+00,0.000000000e+00,-1.189034249e+01,9.551790204e-01,0.000000000e+00,0.000000000e+00,-2.960287808e-01,0.000000000e+00,-0.000000000e+00,-0.000000000e+00,0.000000000e+00,2.827604890e-06,0.000000000e+00,-2.827604808e-06,8.208293266e-14,1.000000000e+00
7.630000000e-01,0.000000000e+00,0.000000000e+00,0.000000000e+00,0.000000000e+00,0.000000000e+00,-1.199301031e+01,9.533944539e-01,0.000000000e+00,0.000000000e+00,-3.017267229e-01,0.000000000e+00,-0.000000000e+00,-0.000000000e+00,0.000000000e+00,2.876645927e-06,0.000000000e+00,-2.876645842e-06,8.499570659e-14,1.000000000e+00
7.640000000e-01,0.000000000e+00,0.000000000e+00,0.000000000e+00,0.000000000e+00,0.000000000e+00,-1.209481563e+01,9.515601817e-01,0.000000000e+00,0.000000000e+00,-3.074625516e-01,0.000000000e+00,-0.000000000e+00,-0.000000000e+00,0.000000000e+00,2.925691302e-06,0.000000000e+00,-2.925691214e-06,8.795878666e-14,1.000000000e+00
7.650000000e-01,0.000000000e+00,0.000000000e+00,0.000000000e+00,0.000000000e+00,0.000000000e+00,-1.219573629e+01,9.496755276e-01,0.000000000e+00,0.000000000e+00,-3.132353625e-01,0.000000000e+00,-0.000000000e+00,-0.000000000e+00,0.000000000e+00,2.974719672e-06,0.000000000e+00,-2.974719581e-06,9.097086123e-14,1.000000000e+00
7.660000000e-01,0.000000000e+00,0.000000000e+00,0.000000000e+00,0.000000000e+00,0.000000000e+00,-1.229574996e+01,9.477398262e-01,0.000000000e+00,0.000000000e+00,-3.190442318e-01,0.000000000e+00,-0.000000000e+00,-0.000000000e+00,0.000000000e+00,3.023709342e-06,0.000000000e+00,-3.023709248e-06,9.403050856e-14,1.000000000e+00
7.670000000e-01,0.000000000e+00,0.000000000e+00,0.000000000e+00,0.000000000e+00,0.000000000e+00,-1.239483415e+01,9.457524238e-01,0.000000000e+00,0.000000000e+00,-3.248882159e-01,0.000000000e+00,-0.000000000e+00,-0.000000000e+00,0.000000000e+00,3.072638273e-06,0.000000000e+00,-3.072638176e-06,9.713619806e-14,1.000000000e+00
7.680000000e-01,0.000000000e+00,0.000000000e+00,0.000000000e+00,0.000000000e+00,0.000000000e+00,-1.249296621e+01,9.437126792e-01,0.000000000e+00,0.000000000e+00,-3.307663512e-01,0.000000000e+00,-0.000000000e+00,-0.000000000e+00,0.000000000e+00,3.121484095e-06,0.000000000e+00,-3.121483994e-06,1.002862865e-13,1.000000000e+00
7.690000000e-01,0.000000000e+00,0.000000000e+00,0.000000000e+00,0.000000000e+00,0.000000000e+00,-1.259012334e+01,9.416199641e-01,0.000000000e+00,0.000000000e+00,-3.366776548e-01,0.000000000e+00,-0.000000000e+00,-0.000000000e+00,0.000000000e+00,3.170224116e-06,0.000000000e+00,-3.170224012e-06,1.034790175e-13,1.000000000e+00
7.700000000e-01,0.000000000e+00,0.000000000e+00,0.000000000e+00,0.000000000e+00,0.000000000e+00,-1.268628263e+01,9.394736638e-01,0.000000000e+00,0.000000000e+00,-3.426211245e-01,0.000000000e+00,-0.000000000e+00,-0.000000000e+00,0.000000000e+00,3.218835338e-06,0.000000000e+00,-3.218835232e-06,1.067125289e-13,1.000000000e+00
7.710000000e-01,0.000000000e+00,0.000000000e+00,0.000000000e+00,0.000000000e+00,0.000000000e+00,-1.278142103e+01,9.372731784e-01,0.000000000e+00,0.000000000e+00,-3.485957387e-01,0.000000000e+00,-0.000000000e+00,-0.000000000e+00,0.000000000e+00,3.267294470e-06,0.000000000e+00,-3.267294360e-06,1.099848383e-13,1.000000000e+00
7.720000000e-01,0.000000000e+00,0.000000000e+00,0.000000000e+00,0.000000000e+00,0.000000000e+00,-1.287551540e+01,9.350179228e-01,0.000000000e+00,0.000000000e+00,-3.546004568e-01,0.000000000e+00,-0.000000000e+00,-0.000000000e+00,0.000000000e+00,3.315577939e-06,0.000000000e+00,-3.315577826e-06,1.132938547e-13,1.000000000e+00
7.730000000e-01,0.000000000e+00,0.000000000e+00,0.000000000e+00,0.000000000e+00,0.000000000e+00,-1.296854253e+01,9.327073281e-01,0.000000000e+00,0.000000000e+00,-3.606342193e-01,0.000000000e+00,-0.000000000e+00,-0.000000000e+00,0.000000000e+00,3.363661908e-06,0.000000000e+00,-3.363661791e-06,1.166373766e-13,1.000000000e+00
7.740000000e-01,0.000000000e+00,0.000000000e+00,0.000000000e+00,0.000000000e+00,0.000000000e+00,-1.306047911e+01,9.303408416e-01,0.000000000e+00,0.000000000e+00,-3.666959482e-01,0.000000000e+00,-0.000000000e+00,-0.000000000e+00,0.000000000e+00,3.411522291e-06,0.000000000e+00,-3.411522171e-06,1.200130909e-13,1.000000000e+00
7.750000000e-01,0.000000000e+00,0.000000000e+00,0.000000000e+00,0.000000000e+00,0.000000000e+00,-1.315130178e+01,9.279179282e-01,0.000000000e+00,0.000000000e+00,-3.727845471e-01,0.000000000e+00,-0.000000000e+00,-0.000000000e+00,0.000000000e+00,3.459134769e-06,0.000000000e+00,-3.459134646e-06,1.234185754e-13,1.000000000e+00
7.760000000e-01,0.000000000e+00,0.000000000e+00,0.000000000e+00,0.000000000e+00,0.000000000e+00,-1.324098714e+01,9.254380705e-01,0.000000000e+00,0.000000000e+00,-3.788989016e-01,0.000000000e+00,-0.000000000e+00,-0.000000000e+00,0.000000000e+00,3.506474811e-06,0.000000000e+00,-3.506474684e-06,1.268512946e-13,1.000000000e+00
7.770000000e-01,0.000000000e+00,0.000000000e+00,0.000000000e+00,0.000000000e+00,0.000000000e+00,-1.332951178e+01,9.229007701e-01,0.000000000e+00,0.000000000e+00,-3.850378795e-01,0.000000000e+00,-0.000000000e+00,-0.000000000e+00,0.000000000e+00,3.553517685e-06,0.000000000e+00,-3.553517555e-06,1.303086125e-13,1.000000000e+00
7.780000000e-01,0.000000000e+00,0.000000000e+00,0.000000000e+00,0.000000000e+00,0.000000000e+00,-1.341685225e+01,9.203055475e-01,0.000000000e+00,0.000000000e+00,-3.912003313e-01,0.000000000e+00,-0.000000000e+00,-0.000000000e+00,0.000000000e+00,3.600238485e-06,0.000000000e+00,-3.600238351e-06,1.337877829e-13,1.000000000e+00
7.790000000e-01,0.000000000e+00,0.000000000e+00,0.000000000e+00,0.000000000e+00,0.000000000e+00,-1.350298512e+01,9.176519438e-01,0.000000000e+00,0.000000000e+00,-3.973850904e-01,0.000000000e+00,-0.000000000e+00,-0.000000000e+00,0.000000000e+00,3.646612144e-06,0.000000000e+00,-3.646612007e-06,1.372859642e-13,1.000000000e+00
7.800000000e-01,0.000000000e+00,0.000000000e+00,0.000000000e+00,0.000000000e+00,0.000000000e+00,-1.358788700e+01,9.149395203e-01,0.000000000e+00,0.000000000e+00,-4.035909738e-01,0.000000000e+00,-0.000000000e+00,-0.000000000e+00,0.000000000e+00,3.692613460e-06,0.000000000e+00,-3.692613320e-06,1.408002048e-13,1.000000000e+00
7.810000000e-01,0.000000000e+00,0.000000000e+00,0.000000000e+00,0.000000000e+00,0.000000000e+00,-1.367153450e+01,9.121678603e-01,0.000000000e+00,0.000000000e+00,-4.098167818e-01,0.000000000e+00,-0.000000000e+00,-0.000000000e+00,0.000000000e+00,3.738217114e-06,0.000000000e+00,-3.738216970e-06,1.443274592e-13,1.000000000e+00
7.820000000e-01,0.000000000e+00,0.000000000e+00,0.000000000e+00,0.000000000e+00,0.000000000e+00,-1.375390434e+01,9.093365686e-01,0.000000000e+00,0.000000000e+00,-4.160612995e-01,0.000000000e+00,-0.000000000e+00,-0.000000000e+00,0.000000000e+00,3.783397692e-06,0.000000000e+00,-3.783397545e-06,1.478645938e-13,1.000000000e+00
7.830000000e-01,0.000000000e+00,0.000000000e+00,0.000000000e+00,0.000000000e+00,0.000000000e+00,-1.383497327e+01,9.064452732e-01,0.000000000e+00,0.000000000e+00,-4.223232964e-01,0.000000000e+00,-0.000000000e+00,-0.000000000e+00,0.000000000e+00,3.828129709e-06,0.000000000e+00,-3.828129558e-06,1.514083768e-13,1.000000000e+00
7.840000000e-01,0.000000000e+00,0.000000000e+00,0.000000000e+00,0.000000000e+00,0.000000000e+00,-1.391471816e+01,9.034936253e-01,0.000000000e+00,0.000000000e+00,-4.286015272e-01,0.000000000e+00,-0.000000000e+00,-0.000000000e+00,0.000000000e+00,3.872387631e-06,0.000000000e+00,-3.872387476e-06,1.549554959e-13,1.000000000e+00
7.850000000e-01,0.000000000e+00,0.000000000e+00,0.000000000e+00,0.000000000e+00,0.000000000e+00,-1.399311598e+01,9.004813001e-01,0.000000000e+00,0.000000000e+00,-4.348947324e-01,0.000000000e+00,-0.000000000e+00,-0.000000000e+00,0.000000000e+00,3.916145898e-06,0.000000000e+00,-3.916145740e-06,1.585025497e-13,1.000000000e+00
7.860000000e-01,0.000000000e+00,0.000000000e+00,0.000000000e+00,0.000000000e+00,0.000000000e+00,-1.407014384e+01,8.974079975e-01,0.000000000e+00,0.000000000e+00,-4.412016388e-01,0.000000000e+00,-0.000000000e+00,-0.000000000e+00,0.000000000e+00,3.959378953e-06,0.000000000e+00,-3.959378791e-06,1.620460680e-13,1.000000000e+00
7.870000000e-01,0.000000000e+00,0.000000000e+00,0.000000000e+00,0.000000000e+00,0.000000000e+00,-1.414577898e+01,8.942734427e-01,0.000000000e+00,0.000000000e+00,-4.475209600e-01,0.000000000e+00,-0.000000000e+00,-0.000000000e+00,0.000000000e+00,4.002061262e-06,0.000000000e+00,-4.002061096e-06,1.655824974e-13,1.000000000e+00
7.880000000e-01,0.000000000e+00,0.000000000e+00,0.000000000e+00,0.000000000e+00,0.000000000e+00,-1.421999884e+01,8.910773868e-01,0.000000000e+00,0.000000000e+00,-4.538513972e-01,0.000000000e+00,-0.000000000e+00,-0.000000000e+00,0.000000000e+00,4.044167339e-06,0.000000000e+00,-4.044167170e-06,1.691082204e-13,1.000000000e+00
7.890000000e-01,0.000000000e+00,0.000000000e+00,0.000000000e+00,0.000000000e+00,0.000000000e+00,-1.429278101e+01,8.878196072e-01,0.000000000e+00,0.000000000e+00,-4.601916395e-01,0.000000000e+00,-0.000000000e+00,-0.000000000e+00,0.000000000e+00,4.085671779e-06,0.000000000e+00,-4.085671606e-06,1.726195591e-13,1.000000000e+00
7.900000000e-01,0.000000000e+00,0.000000000e+00,0.000000000e+00,0.000000000e+00,0.000000000e+00,-1.436410331e+01,8.844999084e-01,0.000000000e+00,0.000000000e+00,-4.665403648e-01,0.000000000e+00,-0.000000000e+00,-0.000000000e+00,0.000000000e+00,4.126549276e-06,0.000000000e+00,-4.126549100e-06,1.761127771e-13,1.000000000e+00
7.910000000e-01,0.000000000e+00,0.000000000e+00,0.000000000e+00,0.000000000e+00,0.000000000e+00,-1.443394377e+01,8.811181224e-01,0.000000000e+00,0.000000000e+00,-4.728962406e-01,0.000000000e+00,-0.000000000e+00,-0.000000000e+00,0.000000000e+00,4.166774655e-06,0.000000000e+00,-4.166774476e-06,1.795840833e-13,1.000000000e+00
7.920000000e-01,0.000000000e+00,0.000000000e+00,0.000000000e+00,0.000000000e+00,0.000000000e+00,-1.450228068e+01,8.776741093e-01,0.000000000e+00,0.000000000e+00,-4.792579241e-01,0.000000000e+00,-0.000000000e+00,-0.000000000e+00,0.000000000e+00,4.206322900e-06,0.000000000e+00,-4.206322717e-06,1.830296482e-13,1.000000000e+00
7.930000000e-01,0.000000000e+00,0.000000000e+00,0.000000000e+00,0.000000000e+00,0.000000000e+00,-1.456909259e+01,8.741677578e-01,0.000000000e+00,0.000000000e+00,-4.856240637e-01,0.000000000e+00,-0.000000000e+00,-0.000000000e+00,0.000000000e+00,4.245169175e-06,0.000000000e+00,-4.245168989e-06,1.864456067e-13,1.000000000e+00
7.940000000e-01,0.000000000e+00,0.000000000e+00,0.000000000e+00,0.000000000e+00,0.000000000e+00,-1.463435831e+01,8.705989855e-01,0.000000000e+00,0.000000000e+00,-4.919932992e-01,0.000000000e+00,-0.000000000e+00,-0.000000000e+00,0.000000000e+00,4.283288862e-06,0.000000000e+00,-4.283288672e-06,1.898280481e-13,1.000000000e+00
7.950000000e-01,0.000000000e+00,0.000000000e+00,0.000000000e+00,0.000000000e+00,0.000000000e+00,-1.469805698e+01,8.669677396e-01,0.000000000e+00,0.000000000e+00,-4.983642629e-01,0.000000000e+00,-0.000000000e+00,-0.000000000e+00,0.000000000e+00,4.320657578e-06,0.000000000e+00,-4.320657385e-06,1.931730549e-13,1.000000000e+00
7.960000000e-01,0.000000000e+00,0.000000000e+00,0.000000000e+00,0.000000000e+00,0.000000000e+00,-1.476016804e+01,8.632739972e-01,0.000000000e+00,0.000000000e+00,-5.047355800e-01,0.000000000e+00,-0.000000000e+00,-0.000000000e+00,0.000000000e+00,4.357251214e-06,0.000000000e+00,-4.357251017e-06,1.964766816e-13,1.000000000e+00
7.970000000e-01,0.000000000e+00,0.000000000e+00,0.000000000e+00,0.000000000e+00,0.000000000e+00,-1.482067130e+01,8.595177659e-01,0.000000000e+00,0.000000000e+00,-5.111058698e-01,0.000000000e+00,-0.000000000e+00,-0.000000000e+00,0.000000000e+00,4.393045953e-06,0.000000000e+00,-4.393045754e-06,1.997349709e-13,1.000000000e+00
7.980000000e-01,0.000000000e+00,0.000000000e+00,0.000000000e+00,0.000000000e+00,0.000000000e+00,-1.487954688e+01,8.556990837e-01,0.000000000e+00,0.000000000e+00,-5.174737464e-01,0.000000000e+00,-0.000000000e+00,-0.000000000e+00,0.000000000e+00,4.428018309e-06,0.000000000e+00,-4.428018106e-06,2.029439755e-13,1.000000000e+00
7.990000000e-01,0.000000000e+00,0.000000000e+00,0.000000000e+00,0.000000000e+00,0.000000000e+00,-1.493677533e+01,8.518180200e-01,0.000000000e+00,0.000000000e+00,-5.238378192e-01,0.000000000e+00,-0.000000000e+00,-0.000000000e+00,0.000000000e+00,4.462145146e-06,0.000000000e+00,-4.462144939e-06,2.060997484e-13,1.000000000e+00
8.000000000e-01,0.000000000e+00,0.000000000e+00,0.000000000e+00,0.000000000e+00,0.000000000e+00,-1.499233756e+01,8.478746754e-01,0.000000000e+00,0.000000000e+00,-5.301966944e-01,0.000000000e+00,-0.000000000e+00,-0.000000000e+00,0.000000000e+00,4.495403711e-06,0.000000000e+00,-4.495403502e-06,2.091983559e-13,1.000000000e+00
8.010000000e-01,0.000000000e+00,0.000000000e+00,0.000000000e+00,0.000000000e+00,0.000000000e+00,-1.504621491e+01,8.438691824e-01,0.000000000e+00,0.000000000e+00,-5.365489755e-01,0.000000000e+00,-0.000000000e+00,-0.000000000e+00,0.000000000e+00,4.527771664e-06,0.000000000e+00,-4.527771452e-06,2.122358821e-13,1.000000000e+00
8.020000000e-01,0.000000000e+00,0.000000000e+00,0.000000000e+00,0.000000000e+00,0.000000000e+00,-1.509838916e+01,8.398017051e-01,0.000000000e+00,0.000000000e+00,-5.428932640e-01,0.000000000e+00,-0.000000000e+00,-0.000000000e+00,0.000000000e+00,4.559227103e-06,0.000000000e+00,-4.559226888e-06,2.152084519e-13,1.000000000e+00
8.030000000e-01,0.000000000e+00,0.000000000e+00,0.000000000e+00,0.000000000e+00,0.000000000e+00,-1.514884252e+01,8.356724403e-01,0.000000000e+00,0.000000000e+00,-5.492281608e-01,0.000000000e+00,-0.000000000e+00,-0.000000000e+00,0.000000000e+00,4.589748592e-06,0.000000000e+00,-4.589748374e-06,2.181122206e-13,1.000000000e+00
8.040000000e-01,0.000000000e+00,0.000000000e+00,0.000000000e+00,0.000000000e+00,0.000000000e+00,-1.519755768e+01,8.314816167e-01,0.000000000e+00,0.000000000e+00,-5.555522667e-01,0.000000000e+00,-0.000000000e+00,-0.000000000e+00,0.000000000e+00,4.619315190e-06,0.000000000e+00,-4.619314969e-06,2.209433918e-13,1.000000000e+00
8.050000000e-01,0.000000000e+00,0.000000000e+00,0.000000000e+00,0.000000000e+00,0.000000000e+00,-1.524451783e+01,8.272294961e-01,0.000000000e+00,0.000000000e+00,-5.618641836e-01,0.000000000e+00,-0.000000000e+00,-0.000000000e+00,0.000000000e+00,4.647906478e-06,0.000000000e+00,-4.647906255e-06,2.236982292e-13,1.000000000e+00
8.060000000e-01,0.000000000e+00,0.000000000e+00,0.000000000e+00,0.000000000e+00,0.000000000e+00,-1.528970665e+01,8.229163726e-01,0.000000000e+00,0.000000000e+00,-5.681625153e-01,0.000000000e+00,-0.000000000e+00,-0.000000000e+00,0.000000000e+00,4.675502587e-06,0.000000000e+00,-4.675502361e-06,2.263730551e-13,1.000000000e+00
8.070000000e-01,0.000000000e+00,0.000000000e+00,0.000000000e+00,0.000000000e+00,0.000000000e+00,-1.533310833e+01,8.185425733e-01,0.000000000e+00,0.000000000e+00,-5.744458684e-01,0.000000000e+00,-0.000000000e+00,-0.000000000e+00,0.000000000e+00,4.702084222e-06,0.000000000e+00,-4.702083993e-06,2.289642644e-13,1.000000000e+00
8.080000000e-01,0.000000000e+00,0.000000000e+00,0.000000000e+00,0.000000000e+00,0.000000000e+00,-1.537470762e+01,8.141084582e-01,0.000000000e+00,0.000000000e+00,-5.807128536e-01,0.000000000e+00,-0.000000000e+00,-0.000000000e+00,0.000000000e+00,4.727632690e-06,0.000000000e+00,-4.727632459e-06,2.314683377e-13,1.000000000e+00
8.090000000e-01,0.000000000e+00,0.000000000e+00,0.000000000e+00,0.000000000e+00,0.000000000e+00,-1.541448981e+01,8.096144203e-01,0.000000000e+00,0.000000000e+00,-5.869620861e-01,0.000000000e+00,-0.000000000e+00,-0.000000000e+00,0.000000000e+00,4.752129924e-06,0.000000000e+00,-4.752129690e-06,2.338818345e-13,1.000000000e+00
8.100000000e-01,0.000000000e+00,0.000000000e+00,0.000000000e+00,0.000000000e+00,0.000000000e+00,-1.545244076e+01,8.050608854e-01,0.000000000e+00,0.000000000e+00,-5.931921870e-01,0.000000000e+00,-0.000000000e+00,-0.000000000e+00,0.000000000e+00,4.775558509e-06,0.000000000e+00,-4.775558273e-06,2.362014172e-13,1.000000000e+00
8.110000000e-01,0.000000000e+00,0.000000000e+00,0.000000000e+00,0.000000000e+00,0.000000000e+00,-1.548854691e+01,8.004483125e-01,0.000000000e+00,0.000000000e+00,-5.994017843e-01,0.000000000e+00,-0.000000000e+00,-0.000000000e+00,0.000000000e+00,4.797901706e-06,0.000000000e+00,-4.797901468e-06,2.384238445e-13,1.000000000e+00
8.120000000e-01,0.000000000e+00,0.000000000e+00,0.000000000e+00,0.000000000e+00,0.000000000e+00,-1.552279529e+01,7.957771931e-01,0.000000000e+00,0.000000000e+00,-6.055895136e-01,0.000000000e+00,-0.000000000e+00,-0.000000000e+00,0.000000000e+00,4.819143473e-06,0.000000000e+00,-4.819143233e-06,2.405460025e-13,1.000000000e+00
8.130000000e-01,0.000000000e+00,0.000000000e+00,0.000000000e+00,0.000000000e+00,0.000000000e+00,-1.555517356e+01,7.910480516e-01,0.000000000e+00,0.000000000e+00,-6.117540192e-01,0.000000000e+00,-0.000000000e+00,-0.000000000e+00,0.000000000e+00,4.839268492e-06,0.000000000e+00,-4.839268250e-06,2.425648861e-13,1.000000000e+00
8.140000000e-01,0.000000000e+00,0.000000000e+00,0.000000000e+00,0.000000000e+00,0.000000000e+00,-1.558567000e+01,7.862614452e-01,0.000000000e+00,0.000000000e+00,-6.178939552e-01,0.000000000e+00,-0.000000000e+00,-0.000000000e+00,0.000000000e+00,4.858262186e-06,0.000000000e+00,-4.858261942e-06,2.444776152e-13,1.000000000e+00
8.150000000e-01,0.000000000e+00,0.000000000e+00,0.000000000e+00,0.000000000e+00,0.000000000e+00,-1.561427351e+01,7.814179632e-01,0.000000000e+00,0.000000000e+00,-6.240079862e-01,0.000000000e+00,-0.000000000e+00,-0.000000000e+00,0.000000000e+00,4.876110742e-06,0.000000000e+00,-4.876110496e-06,2.462814507e-13,1.000000000e+00
8.160000000e-01,0.000000000e+00,0.000000000e+00,0.000000000e+00,0.000000000e+00,0.000000000e+00,-1.564097364e+01,7.765182274e-01,0.000000000e+00,0.000000000e+00,-6.300947885e-01,0.000000000e+00,-0.000000000e+00,-0.000000000e+00,0.000000000e+00,4.892801131e-06,0.000000000e+00,-4.892800883e-06,2.479737895e-13,1.000000000e+00
8.170000000e-01,0.000000000e+00,0.000000000e+00,0.000000000e+00,0.000000000e+00,0.000000000e+00,-1.566576063e+01,7.715628914e-01,0.000000000e+00,0.000000000e+00,-6.361530512e-01,0.000000000e+00,-0.000000000e+00,-0.000000000e+00,0.000000000e+00,4.908321125e-06,0.000000000e+00,-4.908320876e-06,2.495521727e-13,1.000000000e+00
8.180000000e-01,0.000000000e+00,0.000000000e+00,0.000000000e+00,0.000000000e+00,0.000000000e+00,-1.568862537e+01,7.665526407e-01,0.000000000e+00,0.000000000e+00,-6.421814767e-01,0.000000000e+00,-0.000000000e+00,-0.000000000e+00,0.000000000e+00,4.922659319e-06,0.000000000e+00,-4.922659068e-06,2.510143082e-13,1.000000000e+00
8.190000000e-01,0.000000000e+00,0.000000000e+00,0.000000000e+00,0.000000000e+00,0.000000000e+00,-1.570955942e+01,7.614881920e-01,0.000000000e+00,0.000000000e+00,-6.481787821e-01,0.000000000e+00,-0.000000000e+00,-0.000000000e+00,0.000000000e+00,4.935805140e-06,0.000000000e+00,-4.935804888e-06,2.523580447e-13,1.000000000e+00
8.200000000e-01,0.000000000e+00,0.000000000e+00,0.000000000e+00,0.000000000e+00,0.000000000e+00,-1.572855504e+01,7.563702930e-01,0.000000000e+00,0.000000000e+00,-6.541436997e-01,0.000000000e+00,-0.000000000e+00,-0.000000000e+00,0.000000000e+00,4.947748872e-06,0.000000000e+00,-4.947748618e-06,2.535814093e-13,1.000000000e+00
8.210000000e-01,0.000000000e+00,0.000000000e+00,0.000000000e+00,0.000000000e+00,0.000000000e+00,-1.574560520e+01,7.511997224e-01,0.000000000e+00,0.000000000e+00,-6.600749784e-01,0.000000000e+00,-0.000000000e+00,-0.000000000e+00,0.000000000e+00,4.958481660e-06,0.000000000e+00,-4.958481405e-06,2.546825996e-13,1.000000000e+00
8.220000000e-01,0.000000000e+00,0.000000000e+00,0.000000000e+00,0.000000000e+00,0.000000000e+00,-1.576070356e+01,7.459772887e-01,0.000000000e+00,0.000000000e+00,-6.659713844e-01,0.000000000e+00,-0.000000000e+00,-0.000000000e+00,0.000000000e+00,4.967995532e-06,0.000000000e+00,-4.967995276e-06,2.556599765e-13,1.000000000e+00
8.230000000e-01,0.000000000e+00,0.000000000e+00,0.000000000e+00,0.000000000e+00,0.000000000e+00,-1.577384450e+01,7.407038303e-01,0.000000000e+00,0.000000000e+00,-6.718317020e-01,0.000000000e+00,-0.000000000e+00,-0.000000000e+00,0.000000000e+00,4.976283406e-06,0.000000000e+00,-4.976283150e-06,2.565120849e-13,1.000000000e+00
8.240000000e-01,0.000000000e+00,0.000000000e+00,0.000000000e+00,0.000000000e+00,0.000000000e+00,-1.578502313e+01,7.353802150e-01,0.000000000e+00,0.000000000e+00,-6.776547346e-01,0.000000000e+00,-0.000000000e+00,-0.000000000e+00,0.000000000e+00,4.983339102e-06,0.000000000e+00,-4.983338845e-06,2.572376533e-13,1.000000000e+00
8.250000000e-01,0.000000000e+00,0.000000000e+00,0.000000000e+00,0.000000000e+00,0.000000000e+00,-1.579423526e+01,7.300073393e-01,0.000000000e+00,0.000000000e+00,-6.834393057e-01,0.000000000e+00,-0.000000000e+00,-0.000000000e+00,0.000000000e+00,4.989157349e-06,0.000000000e+00,-4.989157091e-06,2.578355984e-13,1.000000000e+00
8.260000000e-01,0.000000000e+00,0.000000000e+00,0.000000000e+00,0.000000000e+00,0.000000000e+00,-1.580147746e+01,7.245861278e-01,0.000000000e+00,0.000000000e+00,-6.891842594e-01,0.000000000e+00,-0.000000000e+00,-0.000000000e+00,0.000000000e+00,4.993733797e-06,0.000000000e+00,-4.993733539e-06,2.583050207e-13,1.000000000e+00
8.270000000e-01,0.000000000e+00,0.000000000e+00,0.000000000e+00,0.000000000e+00,0.000000000e+00,-1.580674701e+01,7.191175329e-01,0.000000000e+00,0.000000000e+00,-6.948884615e-01,0.000000000e+00,-0.000000000e+00,-0.000000000e+00,0.000000000e+00,4.997065019e-06,0.000000000e+00,-4.997064760e-06,2.586452111e-13,1.000000000e+00
8.280000000e-01,0.000000000e+00,0.000000000e+00,0.000000000e+00,0.000000000e+00,0.000000000e+00,-1.581004194e+01,7.136025337e-01,0.000000000e+00,0.000000000e+00,-7.005508003e-01,0.000000000e+00,-0.000000000e+00,-0.000000000e+00,0.000000000e+00,4.999148520e-06,0.000000000e+00,-4.999148261e-06,2.588556599e-13,1.000000000e+00
8.290000000e-01,0.000000000e+00,0.000000000e+00,0.000000000e+00,0.000000000e+00,0.000000000e+00,-1.581136101e+01,7.080421360e-01,0.000000000e+00,0.000000000e+00,-7.061701874e-01,0.000000000e+00,-0.000000000e+00,-0.000000000e+00,0.000000000e+00,4.999982738e-06,0.000000000e+00,-4.999982479e-06,2.589360390e-13,1.000000000e+00
8.300000000e-01,0.000000000e+00,0.000000000e+00,0.000000000e+00,0.000000000e+00,0.000000000e+00,-1.581070373e+01,7.024373711e-01,0.000000000e+00,0.000000000e+00,-7.117455582e-01,0.000000000e+00,-0.000000000e+00,-0.000000000e+00,0.000000000e+00,4.999567047e-06,0.000000000e+00,-4.999566788e-06,2.588862301e-13,1.000000000e+00
8.310000000e-01,0.000000000e+00,0.000000000e+00,0.000000000e+00,0.000000000e+00,0.000000000e+00,-1.580807034e+01,6.967892953e-01,0.000000000e+00,0.000000000e+00,-7.172758730e-01,0.000000000e+00,-0.000000000e+00,-0.000000000e+00,0.000000000e+00,4.997901759e-06,0.000000000e+00,-4.997901501e-06,2.587062966e-13,1.000000000e+00
8.320000000e-01,0.000000000e+00,0.000000000e+00,0.000000000e+00,0.000000000e+00,0.000000000e+00,-1.580346184e+01,6.910989890e-01,0.000000000e+00,0.000000000e+00,-7.227601175e-01,0.000000000e+00,-0.000000000e+00,-0.000000000e+00,0.000000000e+00,4.994988123e-06,0.000000000e+00,-4.994987865e-06,2.583965129e-13,1.000000000e+00
8.330000000e-01,0.000000000e+00,0.000000000e+00,0.000000000e+00,0.000000000e+00,0.000000000e+00,-1.579687995e+01,6.853675564e-01,0.000000000e+00,0.000000000e+00,-7.281973034e-01,0.000000000e+00,-0.000000000e+00,-0.000000000e+00,0.000000000e+00,4.990828322e-06,0.000000000e+00,-4.990828064e-06,2.579573281e-13,1.000000000e+00
8.340000000e-01,0.000000000e+00,0.000000000e+00,0.000000000e+00,0.000000000e+00,0.000000000e+00,-1.578832713e+01,6.795961241e-01,0.000000000e+00,0.000000000e+00,-7.335864694e-01,0.000000000e+00,-0.000000000e+00,-0.000000000e+00,0.000000000e+00,4.985425470e-06,0.000000000e+00,-4.985425213e-06,2.573894069e-13,1.000000000e+00
8.350000000e-01,0.000000000e+00,0.000000000e+00,0.000000000e+00,0.000000000e+00,0.000000000e+00,-1.577780658e+01,6.737858409e-01,0.000000000e+00,0.000000000e+00,-7.389266815e-01,0.000000000e+00,-0.000000000e+00,-0.000000000e+00,0.000000000e+00,4.978783611e-06,0.000000000e+00,-4.978783354e-06,2.566935828e-13,1.000000000e+00
8.360000000e-01,0.000000000e+00,0.000000000e+00,0.000000000e+00,0.000000000e+00,0.000000000e+00,-1.576532224e+01,6.679378764e-01,0.000000000e+00,0.000000000e+00,-7.442170337e-01,0.000000000e+00,-0.000000000e+00,-0.000000000e+00,0.000000000e+00,4.970907707e-06,0.000000000e+00,-4.970907451e-06,2.558708852e-13,1.000000000e+00
8.370000000e-01,0.000000000e+00,0.000000000e+00,0.000000000e+00,0.000000000e+00,0.000000000e+00,-1.575087876e+01,6.620534207e-01,0.000000000e+00,0.000000000e+00,-7.494566486e-01,0.000000000e+00,-0.000000000e+00,-0.000000000e+00,0.000000000e+00,4.961803634e-06,0.000000000e+00,-4.961803379e-06,2.549225462e-13,1.000000000e+00
8.380000000e-01,0.000000000e+00,0.000000000e+00,0.000000000e+00,0.000000000e+00,0.000000000e+00,-1.573448152e+01,6.561336831e-01,0.000000000e+00,0.000000000e+00,-7.546446779e-01,0.000000000e+00,-0.000000000e+00,-0.000000000e+00,0.000000000e+00,4.951478173e-06,0.000000000e+00,-4.951477919e-06,2.538499620e-13,1.000000000e+00
8.390000000e-01,0.000000000e+00,0.000000000e+00,0.000000000e+00,0.000000000e+00,0.000000000e+00,-1.571613661e+01,6.501798914e-01,0.000000000e+00,0.000000000e+00,-7.597803030e-01,0.000000000e+00,-0.000000000e+00,-0.000000000e+00,0.000000000e+00,4.939939002e-06,0.000000000e+00,-4.939938749e-06,2.526547129e-13,1.000000000e+00
8.400000000e-01,0.000000000e+00,0.000000000e+00,0.000000000e+00,0.000000000e+00,0.000000000e+00,-1.569585085e+01,6.441932913e-01,0.000000000e+00,0.000000000e+00,-7.648627351e-01,0.000000000e+00,-0.000000000e+00,-0.000000000e+00,0.000000000e+00,4.927194678e-06,0.000000000e+00,-4.927194427e-06,2.513385660e-13,1.000000000e+00
8.410000000e-01,0.000000000e+00,0.000000000e+00,0.000000000e+00,0.000000000e+00,0.000000000e+00,-1.567363173e+01,6.381751447e-01,0.000000000e+00,0.000000000e+00,-7.698912162e-01,0.000000000e+00,-0.000000000e+00,-0.000000000e+00,0.000000000e+00,4.913254632e-06,0.000000000e+00,-4.913254383e-06,2.499034389e-13,1.000000000e+00
8.420000000e-01,0.000000000e+00,0.000000000e+00,0.000000000e+00,0.000000000e+00,0.000000000e+00,-1.564948745e+01,6.321267296e-01,0.000000000e+00,0.000000000e+00,-7.748650190e-01,0.000000000e+00,-0.000000000e+00,-0.000000000e+00,0.000000000e+00,4.898129152e-06,0.000000000e+00,-4.898128904e-06,2.483514366e-13,1.000000000e+00
8.430000000e-01,0.000000000e+00,0.000000000e+00,0.000000000e+00,0.000000000e+00,0.000000000e+00,-1.562342691e+01,6.260493388e-01,0.000000000e+00,0.000000000e+00,-7.797834478e-01,0.000000000e+00,-0.000000000e+00,-0.000000000e+00,0.000000000e+00,4.881829365e-06,0.000000000e+00,-4.881829119e-06,2.466848145e-13,1.000000000e+00
8.440000000e-01,0.000000000e+00,0.000000000e+00,0.000000000e+00,0.000000000e+00,0.000000000e+00,-1.559545964e+01,6.199442789e-01,0.000000000e+00,0.000000000e+00,-7.846458380e-01,0.000000000e+00,-0.000000000e+00,-0.000000000e+00,0.000000000e+00,4.864367227e-06,0.000000000e+00,-4.864366982e-06,2.449059767e-13,1.000000000e+00
8.450000000e-01,0.000000000e+00,0.000000000e+00,0.000000000e+00,0.000000000e+00,0.000000000e+00,-1.556559588e+01,6.138128695e-01,0.000000000e+00,0.000000000e+00,-7.894515573e-01,0.000000000e+00,-0.000000000e+00,-0.000000000e+00,0.000000000e+00,4.845755500e-06,0.000000000e+00,-4.845755257e-06,2.430174922e-13,1.000000000e+00
8.460000000e-01,0.000000000e+00,0.000000000e+00,0.000000000e+00,0.000000000e+00,0.000000000e+00,-1.553384649e+01,6.076564420e-01,0.000000000e+00,0.000000000e+00,-7.942000054e-01,0.000000000e+00,-0.000000000e+00,-0.000000000e+00,0.000000000e+00,4.826007736e-06,0.000000000e+00,-4.826007495e-06,2.410220647e-13,1.000000000e+00
8.470000000e-01,0.000000000e+00,0.000000000e+00,0.000000000e+00,0.000000000e+00,0.000000000e+00,-1.550022300e+01,6.014763390e-01,0.000000000e+00,0.000000000e+00,-7.988906143e-01,0.000000000e+00,-0.000000000e+00,-0.000000000e+00,0.000000000e+00,4.805138258e-06,0.000000000e+00,-4.805138019e-06,2.389225318e-13,1.000000000e+00
8.480000000e-01,0.000000000e+00,0.000000000e+00,0.000000000e+00,0.000000000e+00,0.000000000e+00,-1.546473753e+01,5.952739130e-01,0.000000000e+00,0.000000000e+00,-8.035228488e-01,0.000000000e+00,-0.000000000e+00,-0.000000000e+00,0.000000000e+00,4.783162140e-06,0.000000000e+00,-4.783161904e-06,2.367218572e-13,1.000000000e+00
8.490000000e-01,0.000000000e+00,0.000000000e+00,0.000000000e+00,0.000000000e+00,0.000000000e+00,-1.542740287e+01,5.890505255e-01,0.000000000e+00,0.000000000e+00,-8.080962062e-01,0.000000000e+00,-0.000000000e+00,-0.000000000e+00,0.000000000e+00,4.760095183e-06,0.000000000e+00,-4.760094949e-06,2.344231393e-13,1.000000000e+00
8.500000000e-01,0.000000000e+00,0.000000000e+00,0.000000000e+00,0.000000000e+00,0.000000000e+00,-1.538823235e+01,5.828075463e-01,0.000000000e+00,0.000000000e+00,-8.126102165e-01,0.000000000e+00,-0.000000000e+00,-0.000000000e+00,0.000000000e+00,4.735953896e-06,0.000000000e+00,-4.735953664e-06,2.320295784e-13,1.000000000e+00
8.510000000e-01,0.000000000e+00,0.000000000e+00,0.000000000e+00,0.000000000e+00,0.000000000e+00,-1.534723993e+01,5.765463519e-01,0.000000000e+00,0.000000000e+00,-8.170644431e-01,0.000000000e+00,-0.000000000e+00,-0.000000000e+00,0.000000000e+00,4.710755469e-06,0.000000000e+00,-4.710755239e-06,2.295444845e-13,1.000000000e+00
8.520000000e-01,0.000000000e+00,0.000000000e+00,0.000000000e+00,0.000000000e+00,0.000000000e+00,-1.530444013e+01,5.702683253e-01,0.000000000e+00,0.000000000e+00,-8.214584817e-01,0.000000000e+00,-0.000000000e+00,-0.000000000e+00,0.000000000e+00,4.684517754e-06,0.000000000e+00,-4.684517527e-06,2.269712653e-13,1.000000000e+00
8.530000000e-01,0.000000000e+00,0.000000000e+00,0.000000000e+00,0.000000000e+00,0.000000000e+00,-1.525984803e+01,5.639748544e-01,0.000000000e+00,0.000000000e+00,-8.257919615e-01,0.000000000e+00,-0.000000000e+00,-0.000000000e+00,0.000000000e+00,4.657259237e-06,0.000000000e+00,-4.657259012e-06,2.243134267e-13,1.000000000e+00
8.540000000e-01,0.000000000e+00,0.000000000e+00,0.000000000e+00,0.000000000e+00,0.000000000e+00,-1.521347924e+01,5.576673313e-01,0.000000000e+00,0.000000000e+00,-8.300645442e-01,0.000000000e+00,-0.000000000e+00,-0.000000000e+00,0.000000000e+00,4.628999014e-06,0.000000000e+00,-4.628998792e-06,2.215745525e-13,1.000000000e+00
8.550000000e-01,0.000000000e+00,0.000000000e+00,0.000000000e+00,0.000000000e+00,0.000000000e+00,-1.516534992e+01,5.513471515e-01,0.000000000e+00,0.000000000e+00,-8.342759247e-01,0.000000000e+00,-0.000000000e+00,-0.000000000e+00,0.000000000e+00,4.599756765e-06,0.000000000e+00,-4.599756546e-06,2.187582933e-13,1.000000000e+00
8.560000000e-01,0.000000000e+00,0.000000000e+00,0.000000000e+00,0.000000000e+00,0.000000000e+00,-1.511547672e+01,5.450157124e-01,0.000000000e+00,0.000000000e+00,-8.384258305e-01,0.000000000e+00,-0.000000000e+00,-0.000000000e+00,0.000000000e+00,4.569552729e-06,0.000000000e+00,-4.569552513e-06,2.158683744e-13,1.000000000e+00
8.570000000e-01,0.000000000e+00,0.000000000e+00,0.000000000e+00,0.000000000e+00,0.000000000e+00,-1.506387678e+01,5.386744130e-01,0.000000000e+00,0.000000000e+00,-8.425140217e-01,0.000000000e+00,-0.000000000e+00,-0.000000000e+00,0.000000000e+00,4.538407674e-06,0.000000000e+00,-4.538407461e-06,2.129085812e-13,1.000000000e+00
8.580000000e-01,0.000000000e+00,0.000000000e+00,0.000000000e+00,0.000000000e+00,0.000000000e+00,-1.501056773e+01,5.323246526e-01,0.000000000e+00,0.000000000e+00,-8.465402910e-01,0.000000000e+00,-0.000000000e+00,-0.000000000e+00,0.000000000e+00,4.506342873e-06,0.000000000e+00,-4.506342663e-06,2.098827441e-13,1.000000000e+00
8.590000000e-01,0.000000000e+00,0.000000000e+00,0.000000000e+00,0.000000000e+00,0.000000000e+00,-1.495556765e+01,5.259678298e-01,0.000000000e+00,0.000000000e+00,-8.505044632e-01,0.000000000e+00,-0.000000000e+00,-0.000000000e+00,0.000000000e+00,4.473380075e-06,0.000000000e+00,-4.473379868e-06,2.067947305e-13,1.000000000e+00
8.600000000e-01,0.000000000e+00,0.000000000e+00,0.000000000e+00,0.000000000e+00,0.000000000e+00,-1.489889506e+01,5.196053421e-01,0.000000000e+00,0.000000000e+00,-8.544063954e-01,0.000000000e+00,-0.000000000e+00,-0.000000000e+00,0.000000000e+00,4.439541477e-06,0.000000000e+00,-4.439541274e-06,2.036484486e-13,1.000000000e+00
8.610000000e-01,0.000000000e+00,0.000000000e+00,0.000000000e+00,0.000000000e+00,0.000000000e+00,-1.484056889e+01,5.132385843e-01,0.000000000e+00,0.000000000e+00,-8.582459762e-01,0.000000000e+00,-0.000000000e+00,-0.000000000e+00,0.000000000e+00,4.404849698e-06,0.000000000e+00,-4.404849498e-06,2.004478254e-13,1.000000000e+00
8.620000000e-01,0.000000000e+00,0.000000000e+00,0.000000000e+00,0.000000000e+00,0.000000000e+00,-1.478060849e+01,5.068689480e-01,0.000000000e+00,0.000000000e+00,-8.620231259e-01,0.000000000e+00,-0.000000000e+00,-0.000000000e+00,0.000000000e+00,4.369327747e-06,0.000000000e+00,-4.369327550e-06,1.971968028e-13,1.000000000e+00
8.630000000e-01,0.000000000e+00,0.000000000e+00,0.000000000e+00,0.000000000e+00,0.000000000e+00,-1.471903359e+01,5.004978209e-01,0.000000000e+00,0.000000000e+00,-8.657377959e-01,0.000000000e+00,-0.000000000e+00,-0.000000000e+00,0.000000000e+00,4.332998997e-06,0.000000000e+00,-4.332998803e-06,1.938993408e-13,1.000000000e+00
8.640000000e-01,0.000000000e+00,0.000000000e+00,0.000000000e+00,0.000000000e+00,0.000000000e+00,-1.465586428e+01,4.941265854e-01,0.000000000e+00,0.000000000e+00,-8.693899686e-01,0.000000000e+00,-0.000000000e+00,-0.000000000e+00,0.000000000e+00,4.295887157e-06,0.000000000e+00,-4.295886966e-06,1.905593848e-13,1.000000000e+00
8.650000000e-01,0.000000000e+00,0.000000000e+00,0.000000000e+00,0.000000000e+00,0.000000000e+00,-1.459112100e+01,4.877566185e-01,0.000000000e+00,0.000000000e+00,-8.729796568e-01,0.000000000e+00,-0.000000000e+00,-0.000000000e+00,0.000000000e+00,4.258016241e-06,0.000000000e+00,-4.258016054e-06,1.871808931e-13,1.000000000e+00
8.660000000e-01,0.000000000e+00,0.000000000e+00,0.000000000e+00,0.000000000e+00,0.000000000e+00,-1.452482452e+01,4.813892903e-01,0.000000000e+00,0.000000000e+00,-8.765069031e-01,0.000000000e+00,-0.000000000e+00,-0.000000000e+00,0.000000000e+00,4.219410544e-06,0.000000000e+00,-4.219410360e-06,1.837677883e-13,1.000000000e+00
8.670000000e-01,0.000000000e+00,0.000000000e+00,0.000000000e+00,0.000000000e+00,0.000000000e+00,-1.445699590e+01,4.750259636e-01,0.000000000e+00,0.000000000e+00,-8.799717802e-01,0.000000000e+00,-0.000000000e+00,-0.000000000e+00,0.000000000e+00,4.180094609e-06,0.000000000e+00,-4.180094428e-06,1.803239903e-13,1.000000000e+00
8.680000000e-01,0.000000000e+00,0.000000000e+00,0.000000000e+00,0.000000000e+00,0.000000000e+00,-1.438765652e+01,4.686679931e-01,0.000000000e+00,0.000000000e+00,-8.833743896e-01,0.000000000e+00,-0.000000000e+00,-0.000000000e+00,0.000000000e+00,4.140093200e-06,0.000000000e+00,-4.140093023e-06,1.768533711e-13,1.000000000e+00
8.690000000e-01,0.000000000e+00,0.000000000e+00,0.000000000e+00,0.000000000e+00,0.000000000e+00,-1.431682800e+01,4.623167244e-01,0.000000000e+00,0.000000000e+00,-8.867148619e-01,0.000000000e+00,-0.000000000e+00,-0.000000000e+00,0.000000000e+00,4.099431278e-06,0.000000000e+00,-4.099431105e-06,1.733597820e-13,1.000000000e+00
8.700000000e-01,0.000000000e+00,0.000000000e+00,0.000000000e+00,0.000000000e+00,0.000000000e+00,-1.424453223e+01,4.559734937e-01,0.000000000e+00,0.000000000e+00,-8.899933556e-01,0.000000000e+00,-0.000000000e+00,-0.000000000e+00,0.000000000e+00,4.058133967e-06,0.000000000e+00,-4.058133797e-06,1.698470212e-13,1.000000000e+00
8.710000000e-01,0.000000000e+00,0.000000000e+00,0.000000000e+00,0.000000000e+00,0.000000000e+00,-1.417079132e+01,4.496396266e-01,0.000000000e+00,0.000000000e+00,-8.932100572e-01,0.000000000e+00,-0.000000000e+00,-0.000000000e+00,0.000000000e+00,4.016226532e-06,0.000000000e+00,-4.016226366e-06,1.663188460e-13,1.000000000e+00
8.720000000e-01,0.000000000e+00,0.000000000e+00,0.000000000e+00,0.000000000e+00,0.000000000e+00,-1.409562760e+01,4.433164378e-01,0.000000000e+00,0.000000000e+00,-8.963651801e-01,0.000000000e+00,-0.000000000e+00,-0.000000000e+00,0.000000000e+00,3.973734348e-06,0.000000000e+00,-3.973734185e-06,1.627789556e-13,1.000000000e+00
8.730000000e-01,0.000000000e+00,0.000000000e+00,0.000000000e+00,0.000000000e+00,0.000000000e+00,-1.401906359e+01,4.370052302e-01,0.000000000e+00,0.000000000e+00,-8.994589645e-01,0.000000000e+00,-0.000000000e+00,-0.000000000e+00,0.000000000e+00,3.930682877e-06,0.000000000e+00,-3.930682718e-06,1.592309836e-13,1.000000000e+00
8.740000000e-01,0.000000000e+00,0.000000000e+00,0.000000000e+00,0.000000000e+00,0.000000000e+00,-1.394112198e+01,4.307072945e-01,0.000000000e+00,0.000000000e+00,-9.024916767e-01,0.000000000e+00,-0.000000000e+00,-0.000000000e+00,0.000000000e+00,3.887097639e-06,0.000000000e+00,-3.887097483e-06,1.556784995e-13,1.000000000e+00
8.750000000e-01,0.000000000e+00,0.000000000e+00,0.000000000e+00,0.000000000e+00,0.000000000e+00,-1.386182561e+01,4.244239083e-01,0.000000000e+00,0.000000000e+00,-9.054636084e-01,0.000000000e+00,-0.000000000e+00,-0.000000000e+00,0.000000000e+00,3.843004187e-06,0.000000000e+00,-3.843004035e-06,1.521250031e-13,1.000000000e+00
8.760000000e-01,0.000000000e+00,0.000000000e+00,0.000000000e+00,0.000000000e+00,0.000000000e+00,-1.378119749e+01,4.181563359e-01,0.000000000e+00,0.000000000e+00,-9.083750760e-01,0.000000000e+00,-0.000000000e+00,-0.000000000e+00,0.000000000e+00,3.798428083e-06,0.000000000e+00,-3.798427934e-06,1.485739153e-13,1.000000000e+00
8.770000000e-01,0.000000000e+00,0.000000000e+00,0.000000000e+00,0.000000000e+00,0.000000000e+00,-1.369926069e+01,4.119058273e-01,0.000000000e+00,0.000000000e+00,-9.112264205e-01,0.000000000e+00,-0.000000000e+00,-0.000000000e+00,0.000000000e+00,3.753394871e-06,0.000000000e+00,-3.753394726e-06,1.450285819e-13,1.000000000e+00
8.780000000e-01,0.000000000e+00,0.000000000e+00,0.000000000e+00,0.000000000e+00,0.000000000e+00,-1.361603844e+01,4.056736179e-01,0.000000000e+00,0.000000000e+00,-9.140180062e-01,0.000000000e+00,-0.000000000e+00,-0.000000000e+00,0.000000000e+00,3.707930056e-06,0.000000000e+00,-3.707929914e-06,1.414922540e-13,1.000000000e+00
8.790000000e-01,0.000000000e+00,0.000000000e+00,0.000000000e+00,0.000000000e+00,0.000000000e+00,-1.353155401e+01,3.994609281e-01,0.000000000e+00,0.000000000e+00,-9.167502206e-01,0.000000000e+00,-0.000000000e+00,-0.000000000e+00,0.000000000e+00,3.662059078e-06,0.000000000e+00,-3.662058940e-06,1.379680981e-13,1.000000000e+00
8.800000000e-01,0.000000000e+00,0.000000000e+00,0.000000000e+00,0.000000000e+00,0.000000000e+00,-1.344583075e+01,3.932689627e-01,0.000000000e+00,0.000000000e+00,-9.194234732e-01,0.000000000e+00,-0.000000000e+00,-0.000000000e+00,0.000000000e+00,3.615807290e-06,0.000000000e+00,-3.615807155e-06,1.344591857e-13,1.000000000e+00
8.810000000e-01,0.000000000e+00,0.000000000e+00,0.000000000e+00,0.000000000e+00,0.000000000e+00,-1.335889205e+01,3.870989102e-01,0.000000000e+00,0.000000000e+00,-9.220381954e-01,0.000000000e+00,-0.000000000e+00,-0.000000000e+00,0.000000000e+00,3.569199937e-06,0.000000000e+00,-3.569199806e-06,1.309685032e-13,1.000000000e+00
8.820000000e-01,0.000000000e+00,0.000000000e+00,0.000000000e+00,0.000000000e+00,0.000000000e+00,-1.327076134e+01,3.809519428e-01,0.000000000e+00,0.000000000e+00,-9.245948395e-01,0.000000000e+00,-0.000000000e+00,-0.000000000e+00,0.000000000e+00,3.522262132e-06,0.000000000e+00,-3.522262004e-06,1.274989140e-13,1.000000000e+00
8.830000000e-01,0.000000000e+00,0.000000000e+00,0.000000000e+00,0.000000000e+00,0.000000000e+00,-1.318146205e+01,3.748292159e-01,0.000000000e+00,0.000000000e+00,-9.270938782e-01,0.000000000e+00,-0.000000000e+00,-0.000000000e+00,0.000000000e+00,3.475018838e-06,0.000000000e+00,-3.475018714e-06,1.240531996e-13,1.000000000e+00
8.840000000e-01,0.000000000e+00,0.000000000e+00,0.000000000e+00,0.000000000e+00,0.000000000e+00,-1.309101762e+01,3.687318673e-01,0.000000000e+00,0.000000000e+00,-9.295358035e-01,0.000000000e+00,-0.000000000e+00,-0.000000000e+00,0.000000000e+00,3.427494846e-06,0.000000000e+00,-3.427494726e-06,1.206340287e-13,1.000000000e+00
8.850000000e-01,0.000000000e+00,0.000000000e+00,0.000000000e+00,0.000000000e+00,0.000000000e+00,-1.299945145e+01,3.626610176e-01,0.000000000e+00,0.000000000e+00,-9.319211266e-01,0.000000000e+00,-0.000000000e+00,-0.000000000e+00,0.000000000e+00,3.379714759e-06,0.000000000e+00,-3.379714641e-06,1.172439619e-13,1.000000000e+00
8.860000000e-01,0.000000000e+00,0.000000000e+00,0.000000000e+00,0.000000000e+00,0.000000000e+00,-1.290678691e+01,3.566177692e-01,0.000000000e+00,0.000000000e+00,-9.342503769e-01,0.000000000e+00,-0.000000000e+00,-0.000000000e+00,0.000000000e+00,3.331702967e-06,0.000000000e+00,-3.331702853e-06,1.138854614e-13,1.000000000e+00
8.870000000e-01,0.000000000e+00,0.000000000e+00,0.000000000e+00,0.000000000e+00,0.000000000e+00,-1.281304733e+01,3.506032063e-01,0.000000000e+00,0.000000000e+00,-9.365241010e-01,0.000000000e+00,-0.000000000e+00,-0.000000000e+00,0.000000000e+00,3.283483636e-06,0.000000000e+00,-3.283483526e-06,1.105608694e-13,1.000000000e+00
8.880000000e-01,0.000000000e+00,0.000000000e+00,0.000000000e+00,0.000000000e+00,0.000000000e+00,-1.271825595e+01,3.446183945e-01,0.000000000e+00,0.000000000e+00,-9.387428626e-01,0.000000000e+00,-0.000000000e+00,-0.000000000e+00,0.000000000e+00,3.235080689e-06,0.000000000e+00,-3.235080582e-06,1.072724232e-13,1.000000000e+00
8.890000000e-01,0.000000000e+00,0.000000000e+00,0.000000000e+00,0.000000000e+00,0.000000000e+00,-1.262243595e+01,3.386643809e-01,0.000000000e+00,0.000000000e+00,-9.409072415e-01,0.000000000e+00,-0.000000000e+00,-0.000000000e+00,0.000000000e+00,3.186517788e-06,0.000000000e+00,-3.186517684e-06,1.040222477e-13,1.000000000e+00
8.900000000e-01,0.000000000e+00,0.000000000e+00,0.000000000e+00,0.000000000e+00,0.000000000e+00,-1.252561041e+01,3.327421934e-01,0.000000000e+00,0.000000000e+00,-9.430178327e-01,0.000000000e+00,-0.000000000e+00,-0.000000000e+00,0.000000000e+00,3.137818321e-06,0.000000000e+00,-3.137818221e-06,1.008123528e-13,1.000000000e+00
8.910000000e-01,0.000000000e+00,0.000000000e+00,0.000000000e+00,0.000000000e+00,0.000000000e+00,-1.242780227e+01,3.268528408e-01,0.000000000e+00,0.000000000e+00,-9.450752459e-01,0.000000000e+00,-0.000000000e+00,-0.000000000e+00,0.000000000e+00,3.089005386e-06,0.000000000e+00,-3.089005289e-06,9.764464018e-14,1.000000000e+00
8.920000000e-01,0.000000000e+00,0.000000000e+00,0.000000000e+00,0.000000000e+00,0.000000000e+00,-1.232903439e+01,3.209973124e-01,0.000000000e+00,0.000000000e+00,-9.470801051e-01,0.000000000e+00,-0.000000000e+00,-0.000000000e+00,0.000000000e+00,3.040101778e-06,0.000000000e+00,-3.040101684e-06,9.452089956e-14,1.000000000e+00
8.930000000e-01,0.000000000e+00,0.000000000e+00,0.000000000e+00,0.000000000e+00,0.000000000e+00,-1.222932945e+01,3.151765784e-01,0.000000000e+00,0.000000000e+00,-9.490330471e-01,0.000000000e+00,-0.000000000e+00,-0.000000000e+00,0.000000000e+00,2.991129977e-06,0.000000000e+00,-2.991129885e-06,9.144280131e-14,1.000000000e+00
8.940000000e-01,0.000000000e+00,0.000000000e+00,0.000000000e+00,0.000000000e+00,0.000000000e+00,-1.212871001e+01,3.093915889e-01,0.000000000e+00,0.000000000e+00,-9.509347216e-01,0.000000000e+00,-0.000000000e+00,-0.000000000e+00,0.000000000e+00,2.942112133e-06,0.000000000e+00,-2.942112044e-06,8.841191202e-14,1.000000000e+00
8.950000000e-01,0.000000000e+00,0.000000000e+00,0.000000000e+00,0.000000000e+00,0.000000000e+00,-1.202719846e+01,3.036432745e-01,0.000000000e+00,0.000000000e+00,-9.527857901e-01,0.000000000e+00,-0.000000000e+00,-0.000000000e+00,0.000000000e+00,2.893070057e-06,0.000000000e+00,-2.893069972e-06,8.542968731e-14,1.000000000e+00
8.960000000e-01,0.000000000e+00,0.000000000e+00,0.000000000e+00,0.000000000e+00,0.000000000e+00,-1.192481701e+01,2.979325460e-01,0.000000000e+00,0.000000000e+00,-9.545869253e-01,0.000000000e+00,-0.000000000e+00,-0.000000000e+00,0.000000000e+00,2.844025213e-06,0.000000000e+00,-2.844025131e-06,8.249746931e-14,1.000000000e+00
8.970000000e-01,0.000000000e+00,0.000000000e+00,0.000000000e+00,0.000000000e+00,0.000000000e+00,-1.182158767e+01,2.922602944e-01,0.000000000e+00,0.000000000e+00,-9.563388104e-01,0.000000000e+00,-0.000000000e+00,-0.000000000e+00,0.000000000e+00,2.794998702e-06,0.000000000e+00,-2.794998623e-06,7.961649215e-14,1.000000000e+00
8.980000000e-01,0.000000000e+00,0.000000000e+00,0.000000000e+00,0.000000000e+00,0.000000000e+00,-1.171753229e+01,2.866273906e-01,0.000000000e+00,0.000000000e+00,-9.580421384e-01,0.000000000e+00,-0.000000000e+00,-0.000000000e+00,0.000000000e+00,2.746011259e-06,0.000000000e+00,-2.746011182e-06,7.678788788e-14,1.000000000e+00
8.990000000e-01,0.000000000e+00,0.000000000e+00,0.000000000e+00,0.000000000e+00,0.000000000e+00,-1.161267248e+01,2.810346857e-01,0.000000000e+00,0.000000000e+00,-9.596976114e-01,0.000000000e+00,-0.000000000e+00,-0.000000000e+00,0.000000000e+00,2.697083240e-06,0.000000000e+00,-2.697083166e-06,7.401267294e-14,1.000000000e+00
9.000000000e-01,0.000000000e+00,0.000000000e+00,0.000000000e+00,0.000000000e+00,0.000000000e+00,-1.150702963e+01,2.754830109e-01,0.000000000e+00,0.000000000e+00,-9.613059402e-01,0.000000000e+00,-0.000000000e+00,-0.000000000e+00,0.000000000e+00,2.648234620e-06,0.000000000e+00,-2.648234548e-06,7.129176891e-14,1.000000000e+00
9.010000000e-01,0.000000000e+00,0.000000000e+00,0.000000000e+00,0.000000000e+00,0.000000000e+00,-1.140062494e+01,2.699731775e-01,0.000000000e+00,0.000000000e+00,-9.628678432e-01,0.000000000e+00,-0.000000000e+00,-0.000000000e+00,0.000000000e+00,2.599484980e-06,0.000000000e+00,-2.599484912e-06,6.862599232e-14,1.000000000e+00
9.020000000e-01,0.000000000e+00,0.000000000e+00,0.000000000e+00,0.000000000e+00,0.000000000e+00,-1.129347933e+01,2.645059769e-01,0.000000000e+00,0.000000000e+00,-9.643840460e-01,0.000000000e+00,-0.000000000e+00,-0.000000000e+00,0.000000000e+00,2.550853508e-06,0.000000000e+00,-2.550853442e-06,6.601605469e-14,1.000000000e+00
9.030000000e-01,0.000000000e+00,0.000000000e+00,0.000000000e+00,0.000000000e+00,0.000000000e+00,-1.118561350e+01,2.590821807e-01,0.000000000e+00,0.000000000e+00,-9.658552809e-01,0.000000000e+00,-0.000000000e+00,-0.000000000e+00,0.000000000e+00,2.502358988e-06,0.000000000e+00,-2.502358924e-06,6.346257985e-14,1.000000000e+00
9.040000000e-01,0.000000000e+00,0.000000000e+00,0.000000000e+00,0.000000000e+00,0.000000000e+00,-1.107704789e+01,2.537025410e-01,0.000000000e+00,0.000000000e+00,-9.672822859e-01,0.000000000e+00,-0.000000000e+00,-0.000000000e+00,0.000000000e+00,2.454019799e-06,0.000000000e+00,-2.454019738e-06,6.096608576e-14,1.000000000e+00
9.050000000e-01,0.000000000e+00,0.000000000e+00,0.000000000e+00,0.000000000e+00,0.000000000e+00,-1.096780267e+01,2.483677899e-01,0.000000000e+00,0.000000000e+00,-9.686658046e-01,0.000000000e+00,-0.000000000e+00,-0.000000000e+00,0.000000000e+00,2.405853909e-06,0.000000000e+00,-2.405853851e-06,5.852700484e-14,1.000000000e+00
9.060000000e-01,0.000000000e+00,0.000000000e+00,0.000000000e+00,0.000000000e+00,0.000000000e+00,-1.085789776e+01,2.430786405e-01,0.000000000e+00,0.000000000e+00,-9.700065848e-01,0.000000000e+00,-0.000000000e+00,-0.000000000e+00,0.000000000e+00,2.357878875e-06,0.000000000e+00,-2.357878819e-06,5.614567378e-14,1.000000000e+00
9.070000000e-01,0.000000000e+00,0.000000000e+00,0.000000000e+00,0.000000000e+00,0.000000000e+00,-1.074735278e+01,2.378357861e-01,0.000000000e+00,0.000000000e+00,-9.713053788e-01,0.000000000e+00,-0.000000000e+00,-0.000000000e+00,0.000000000e+00,2.310111837e-06,0.000000000e+00,-2.310111783e-06,5.382234541e-14,1.000000000e+00
9.080000000e-01,0.000000000e+00,0.000000000e+00,0.000000000e+00,0.000000000e+00,0.000000000e+00,-1.063618709e+01,2.326399010e-01,0.000000000e+00,0.000000000e+00,-9.725629422e-01,0.000000000e+00,-0.000000000e+00,-0.000000000e+00,0.000000000e+00,2.262569517e-06,0.000000000e+00,-2.262569466e-06,5.155718365e-14,1.000000000e+00
9.090000000e-01,0.000000000e+00,0.000000000e+00,0.000000000e+00,0.000000000e+00,0.000000000e+00,-1.052441975e+01,2.274916404e-01,0.000000000e+00,0.000000000e+00,-9.737800335e-01,0.000000000e+00,-0.000000000e+00,-0.000000000e+00,0.000000000e+00,2.215268221e-06,0.000000000e+00,-2.215268172e-06,4.935027107e-14,1.000000000e+00
9.100000000e-01,0.000000000e+00,0.000000000e+00,0.000000000e+00,0.000000000e+00,0.000000000e+00,-1.041206952e+01,2.223916406e-01,0.000000000e+00,0.000000000e+00,-9.749574135e-01,0.000000000e+00,-0.000000000e+00,-0.000000000e+00,0.000000000e+00,2.168223834e-06,0.000000000e+00,-2.168223787e-06,4.720161275e-14,1.000000000e+00
9.110000000e-01,0.000000000e+00,0.000000000e+00,0.000000000e+00,0.000000000e+00,0.000000000e+00,-1.029915488e+01,2.173405192e-01,0.000000000e+00,0.000000000e+00,-9.760958450e-01,0.000000000e+00,-0.000000000e+00,-0.000000000e+00,0.000000000e+00,2.121451823e-06,0.000000000e+00,-2.121451778e-06,4.511113290e-14,1.000000000e+00
9.120000000e-01,0.000000000e+00,0.000000000e+00,0.000000000e+00,0.000000000e+00,0.000000000e+00,-1.018569398e+01,2.123388754e-01,0.000000000e+00,0.000000000e+00,-9.771960919e-01,0.000000000e+00,-0.000000000e+00,-0.000000000e+00,0.000000000e+00,2.074967235e-06,0.000000000e+00,-2.074967192e-06,4.307868496e-14,1.000000000e+00
9.130000000e-01,0.000000000e+00,0.000000000e+00,0.000000000e+00,0.000000000e+00,0.000000000e+00,-1.007170467e+01,2.073872899e-01,0.000000000e+00,0.000000000e+00,-9.782589187e-01,0.000000000e+00,-0.000000000e+00,-0.000000000e+00,0.000000000e+00,2.028784701e-06,0.000000000e+00,-2.028784660e-06,4.110405126e-14,1.000000000e+00
9.140000000e-01,0.000000000e+00,0.000000000e+00,0.000000000e+00,0.000000000e+00,0.000000000e+00,-9.957204514e+00,2.024863255e-01,0.000000000e+00,0.000000000e+00,-9.792850903e-01,0.000000000e+00,-0.000000000e+00,-0.000000000e+00,0.000000000e+00,1.982918435e-06,0.000000000e+00,-1.982918395e-06,3.918694592e-14,1.000000000e+00
9.150000000e-01,0.000000000e+00,0.000000000e+00,0.000000000e+00,0.000000000e+00,0.000000000e+00,-9.842210719e+00,1.976365271e-01,0.000000000e+00,0.000000000e+00,-9.802753711e-01,0.000000000e+00,-0.000000000e+00,-0.000000000e+00,0.000000000e+00,1.937382237e-06,0.000000000e+00,-1.937382199e-06,3.732701785e-14,1.000000000e+00
9.160000000e-01,0.000000000e+00,0.000000000e+00,0.000000000e+00,0.000000000e+00,0.000000000e+00,-9.726740193e+00,1.928384220e-01,0.000000000e+00,0.000000000e+00,-9.812305249e-01,0.000000000e+00,-0.000000000e+00,-0.000000000e+00,0.000000000e+00,1.892189496e-06,0.000000000e+00,-1.892189460e-06,3.552385221e-14,1.000000000e+00
9.170000000e-01,0.000000000e+00,0.000000000e+00,0.000000000e+00,0.000000000e+00,0.000000000e+00,-9.610809520e+00,1.880925202e-01,0.000000000e+00,0.000000000e+00,-9.821513141e-01,0.000000000e+00,-0.000000000e+00,-0.000000000e+00,0.000000000e+00,1.847353193e-06,0.000000000e+00,-1.847353159e-06,3.377697974e-14,1.000000000e+00
9.180000000e-01,0.000000000e+00,0.000000000e+00,0.000000000e+00,0.000000000e+00,0.000000000e+00,-9.494434956e+00,1.833993146e-01,0.000000000e+00,0.000000000e+00,-9.830384994e-01,0.000000000e+00,-0.000000000e+00,-0.000000000e+00,0.000000000e+00,1.802885903e-06,0.000000000e+00,-1.802885871e-06,3.208587020e-14,1.000000000e+00
9.190000000e-01,0.000000000e+00,0.000000000e+00,0.000000000e+00,0.000000000e+00,0.000000000e+00,-9.377632430e+00,1.787592814e-01,0.000000000e+00,0.000000000e+00,-9.838928393e-01,0.000000000e+00,-0.000000000e+00,-0.000000000e+00,0.000000000e+00,1.758799800e-06,0.000000000e+00,-1.758799769e-06,3.044994232e-14,1.000000000e+00
9.200000000e-01,0.000000000e+00,0.000000000e+00,0.000000000e+00,0.000000000e+00,0.000000000e+00,-9.260417541e+00,1.741728800e-01,0.000000000e+00,0.000000000e+00,-9.847150897e-01,0.000000000e+00,-0.000000000e+00,-0.000000000e+00,0.000000000e+00,1.715106661e-06,0.000000000e+00,-1.715106632e-06,2.886856780e-14,1.000000000e+00
9.210000000e-01,0.000000000e+00,0.000000000e+00,0.000000000e+00,0.000000000e+00,0.000000000e+00,-9.142805560e+00,1.696405539e-01,0.000000000e+00,0.000000000e+00,-9.855060033e-01,0.000000000e+00,-0.000000000e+00,-0.000000000e+00,0.000000000e+00,1.671817870e-06,0.000000000e+00,-1.671817843e-06,2.734106649e-14,1.000000000e+00
9.220000000e-01,0.000000000e+00,0.000000000e+00,0.000000000e+00,0.000000000e+00,0.000000000e+00,-9.024811424e+00,1.651627304e-01,0.000000000e+00,0.000000000e+00,-9.862663294e-01,0.000000000e+00,-0.000000000e+00,-0.000000000e+00,0.000000000e+00,1.628944425e-06,0.000000000e+00,-1.628944399e-06,2.586671882e-14,1.000000000e+00
9.230000000e-01,0.000000000e+00,0.000000000e+00,0.000000000e+00,0.000000000e+00,0.000000000e+00,-8.906449737e+00,1.607398213e-01,0.000000000e+00,0.000000000e+00,-9.869968135e-01,0.000000000e+00,-0.000000000e+00,-0.000000000e+00,0.000000000e+00,1.586496938e-06,0.000000000e+00,-1.586496914e-06,2.444476015e-14,1.000000000e+00
9.240000000e-01,0.000000000e+00,0.000000000e+00,0.000000000e+00,0.000000000e+00,0.000000000e+00,-8.787734770e+00,1.563722228e-01,0.000000000e+00,0.000000000e+00,-9.876981968e-01,0.000000000e+00,-0.000000000e+00,-0.000000000e+00,0.000000000e+00,1.544485648e-06,0.000000000e+00,-1.544485625e-06,2.307438662e-14,1.000000000e+00
9.250000000e-01,0.000000000e+00,0.000000000e+00,0.000000000e+00,0.000000000e+00,0.000000000e+00,-8.668680463e+00,1.520603164e-01,0.000000000e+00,0.000000000e+00,-9.883712158e-01,0.000000000e+00,-0.000000000e+00,-0.000000000e+00,0.000000000e+00,1.502920419e-06,0.000000000e+00,-1.502920398e-06,2.175476350e-14,1.000000000e+00
9.260000000e-01,0.000000000e+00,0.000000000e+00,0.000000000e+00,0.000000000e+00,0.000000000e+00,-8.549300420e+00,1.478044686e-01,0.000000000e+00,0.000000000e+00,-9.890166020e-01,0.000000000e+00,-0.000000000e+00,-0.000000000e+00,0.000000000e+00,1.461810753e-06,0.000000000e+00,-1.461810733e-06,2.048502067e-14,1.000000000e+00
9.270000000e-01,0.000000000e+00,0.000000000e+00,0.000000000e+00,0.000000000e+00,0.000000000e+00,-8.429607912e+00,1.436050316e-01,0.000000000e+00,0.000000000e+00,-9.896350817e-01,0.000000000e+00,-0.000000000e+00,-0.000000000e+00,0.000000000e+00,1.421165791e-06,0.000000000e+00,-1.421165772e-06,1.926425645e-14,1.000000000e+00
9.280000000e-01,0.000000000e+00,0.000000000e+00,0.000000000e+00,0.000000000e+00,0.000000000e+00,-8.309615880e+00,1.394623435e-01,0.000000000e+00,0.000000000e+00,-9.902273753e-01,0.000000000e+00,-0.000000000e+00,-0.000000000e+00,0.000000000e+00,1.380994322e-06,0.000000000e+00,-1.380994303e-06,1.809154209e-14,1.000000000e+00
9.290000000e-01,0.000000000e+00,0.000000000e+00,0.000000000e+00,0.000000000e+00,0.000000000e+00,-8.189336933e+00,1.353767286e-01,0.000000000e+00,0.000000000e+00,-9.907941973e-01,0.000000000e+00,-0.000000000e+00,-0.000000000e+00,0.000000000e+00,1.341304788e-06,0.000000000e+00,-1.341304771e-06,1.696592361e-14,1.000000000e+00
9.300000000e-01,0.000000000e+00,0.000000000e+00,0.000000000e+00,0.000000000e+00,0.000000000e+00,-8.068783348e+00,1.313484976e-01,0.000000000e+00,0.000000000e+00,-9.913362559e-01,0.000000000e+00,-0.000000000e+00,-0.000000000e+00,0.000000000e+00,1.302105294e-06,0.000000000e+00,-1.302105278e-06,1.588642437e-14,1.000000000e+00
9.310000000e-01,0.000000000e+00,0.000000000e+00,0.000000000e+00,0.000000000e+00,0.000000000e+00,-7.947967075e+00,1.273779484e-01,0.000000000e+00,0.000000000e+00,-9.918542525e-01,0.000000000e+00,-0.000000000e+00,-0.000000000e+00,0.000000000e+00,1.263403613e-06,0.000000000e+00,-1.263403598e-06,1.485204955e-14,1.000000000e+00
9.320000000e-01,0.000000000e+00,0.000000000e+00,0.000000000e+00,0.000000000e+00,0.000000000e+00,-7.826899739e+00,1.234653657e-01,0.000000000e+00,0.000000000e+00,-9.923488819e-01,0.000000000e+00,-0.000000000e+00,-0.000000000e+00,0.000000000e+00,1.225207190e-06,0.000000000e+00,-1.225207176e-06,1.386178291e-14,1.000000000e+00
9.330000000e-01,0.000000000e+00,0.000000000e+00,0.000000000e+00,0.000000000e+00,0.000000000e+00,-7.705592636e+00,1.196110221e-01,0.000000000e+00,0.000000000e+00,-9.928208315e-01,0.000000000e+00,-0.000000000e+00,-0.000000000e+00,0.000000000e+00,1.187523157e-06,0.000000000e+00,-1.187523144e-06,1.291459509e-14,1.000000000e+00
9.340000000e-01,0.000000000e+00,0.000000000e+00,0.000000000e+00,0.000000000e+00,0.000000000e+00,-7.584056742e+00,1.158151778e-01,0.000000000e+00,0.000000000e+00,-9.932707811e-01,0.000000000e+00,-0.000000000e+00,-0.000000000e+00,0.000000000e+00,1.150358333e-06,0.000000000e+00,-1.150358321e-06,1.200943959e-14,1.000000000e+00
9.350000000e-01,0.000000000e+00,0.000000000e+00,0.000000000e+00,0.000000000e+00,0.000000000e+00,-7.462302712e+00,1.120780812e-01,0.000000000e+00,0.000000000e+00,-9.936994031e-01,0.000000000e+00,-0.000000000e+00,-0.000000000e+00,0.000000000e+00,1.113719235e-06,0.000000000e+00,-1.113719224e-06,1.114526291e-14,1.000000000e+00
9.360000000e-01,0.000000000e+00,0.000000000e+00,0.000000000e+00,0.000000000e+00,0.000000000e+00,-7.340340883e+00,1.083999693e-01,0.000000000e+00,0.000000000e+00,-9.941073617e-01,0.000000000e+00,-0.000000000e+00,-0.000000000e+00,0.000000000e+00,1.077612086e-06,0.000000000e+00,-1.077612075e-06,1.032099969e-14,1.000000000e+00
9.370000000e-01,0.000000000e+00,0.000000000e+00,0.000000000e+00,0.000000000e+00,0.000000000e+00,-7.218181277e+00,1.047810679e-01,0.000000000e+00,0.000000000e+00,-9.944953131e-01,0.000000000e+00,-0.000000000e+00,-0.000000000e+00,0.000000000e+00,1.042042819e-06,0.000000000e+00,-1.042042809e-06,9.535578436e-15,1.000000000e+00
9.380000000e-01,0.000000000e+00,0.000000000e+00,0.000000000e+00,0.000000000e+00,0.000000000e+00,-7.095833604e+00,1.012215919e-01,0.000000000e+00,0.000000000e+00,-9.948639049e-01,0.000000000e+00,-0.000000000e+00,-0.000000000e+00,0.000000000e+00,1.007017091e-06,0.000000000e+00,-1.007017082e-06,8.787920876e-15,1.000000000e+00
9.390000000e-01,0.000000000e+00,0.000000000e+00,0.000000000e+00,0.000000000e+00,0.000000000e+00,-6.973307265e+00,9.772174575e-02,0.000000000e+00,0.000000000e+00,-9.952137762e-01,0.000000000e+00,-0.000000000e+00,-0.000000000e+00,0.000000000e+00,9.725402842e-07,0.000000000e+00,-9.725402761e-07,8.076945984e-15,1.000000000e+00
9.400000000e-01,0.000000000e+00,0.000000000e+00,0.000000000e+00,0.000000000e+00,0.000000000e+00,-6.850611355e+00,9.428172367e-02,0.000000000e+00,0.000000000e+00,-9.955455573e-01,0.000000000e+00,-0.000000000e+00,-0.000000000e+00,0.000000000e+00,9.386175187e-07,0.000000000e+00,-9.386175113e-07,7.401569981e-15,1.000000000e+00
9.410000000e-01,0.000000000e+00,0.000000000e+00,0.000000000e+00,0.000000000e+00,0.000000000e+00,-6.727754668e+00,9.090171003e-02,0.000000000e+00,0.000000000e+00,-9.958598692e-01,0.000000000e+00,-0.000000000e+00,-0.000000000e+00,0.000000000e+00,9.052536573e-07,0.000000000e+00,-9.052536506e-07,6.760710041e-15,1.000000000e+00
9.420000000e-01,0.000000000e+00,0.000000000e+00,0.000000000e+00,0.000000000e+00,0.000000000e+00,-6.604745698e+00,8.758187962e-02,0.000000000e+00,0.000000000e+00,-9.961573241e-01,0.000000000e+00,-0.000000000e+00,-0.000000000e+00,0.000000000e+00,8.724533146e-07,0.000000000e+00,-8.724533084e-07,6.153283657e-15,1.000000000e+00
9.430000000e-01,0.000000000e+00,0.000000000e+00,0.000000000e+00,0.000000000e+00,0.000000000e+00,-6.481592645e+00,8.432239803e-02,0.000000000e+00,0.000000000e+00,-9.964385245e-01,0.000000000e+00,-0.000000000e+00,-0.000000000e+00,0.000000000e+00,8.402208643e-07,0.000000000e+00,-8.402208587e-07,5.578212978e-15,1.000000000e+00
9.440000000e-01,0.000000000e+00,0.000000000e+00,0.000000000e+00,0.000000000e+00,0.000000000e+00,-6.358303419e+00,8.112342188e-02,0.000000000e+00,0.000000000e+00,-9.967040636e-01,0.000000000e+00,-0.000000000e+00,-0.000000000e+00,0.000000000e+00,8.085604475e-07,0.000000000e+00,-8.085604424e-07,5.034423331e-15,1.000000000e+00
9.450000000e-01,0.000000000e+00,0.000000000e+00,0.000000000e+00,0.000000000e+00,0.000000000e+00,-6.234885643e+00,7.798509921e-02,0.000000000e+00,0.000000000e+00,-9.969545247e-01,0.000000000e+00,-0.000000000e+00,-0.000000000e+00,0.000000000e+00,7.774759797e-07,0.000000000e+00,-7.774759752e-07,4.520845021e-15,1.000000000e+00
9.460000000e-01,0.000000000e+00,0.000000000e+00,0.000000000e+00,0.000000000e+00,0.000000000e+00,-6.111346657e+00,7.490756975e-02,0.000000000e+00,0.000000000e+00,-9.971904813e-01,0.000000000e+00,-0.000000000e+00,-0.000000000e+00,0.000000000e+00,7.469711593e-07,0.000000000e+00,-7.469711553e-07,4.036416290e-15,1.000000000e+00
9.470000000e-01,0.000000000e+00,0.000000000e+00,0.000000000e+00,0.000000000e+00,0.000000000e+00,-5.987693524e+00,7.189096520e-02,0.000000000e+00,0.000000000e+00,-9.974124970e-01,0.000000000e+00,-0.000000000e+00,-0.000000000e+00,0.000000000e+00,7.170494746e-07,0.000000000e+00,-7.170494711e-07,3.580084596e-15,1.000000000e+00
9.480000000e-01,0.000000000e+00,0.000000000e+00,0.000000000e+00,0.000000000e+00,0.000000000e+00,-5.863933031e+00,6.893540957e-02,0.000000000e+00,0.000000000e+00,-9.976211251e-01,0.000000000e+00,-0.000000000e+00,-0.000000000e+00,0.000000000e+00,6.877142117e-07,0.000000000e+00,-6.877142086e-07,3.150805545e-15,1.000000000e+00
9.490000000e-01,0.000000000e+00,0.000000000e+00,0.000000000e+00,0.000000000e+00,0.000000000e+00,-5.740071698e+00,6.604101947e-02,0.000000000e+00,0.000000000e+00,-9.978169089e-01,0.000000000e+00,-0.000000000e+00,-0.000000000e+00,0.000000000e+00,6.589684619e-07,0.000000000e+00,-6.589684591e-07,2.747546394e-15,1.000000000e+00
9.500000000e-01,0.000000000e+00,0.000000000e+00,0.000000000e+00,0.000000000e+00,0.000000000e+00,-5.616115780e+00,6.320790439e-02,0.000000000e+00,0.000000000e+00,-9.980003812e-01,0.000000000e+00,-0.000000000e+00,-0.000000000e+00,0.000000000e+00,6.308151291e-07,0.000000000e+00,-6.308151267e-07,2.369285620e-15,1.000000000e+00
9.510000000e-01,0.000000000e+00,0.000000000e+00,0.000000000e+00,0.000000000e+00,0.000000000e+00,-5.492071273e+00,6.043616697e-02,0.000000000e+00,0.000000000e+00,-9.981720642e-01,0.000000000e+00,-0.000000000e+00,-0.000000000e+00,0.000000000e+00,6.032569373e-07,0.000000000e+00,-6.032569353e-07,2.015015360e-15,1.000000000e+00
9.520000000e-01,0.000000000e+00,0.000000000e+00,0.000000000e+00,0.000000000e+00,0.000000000e+00,-5.367943917e+00,5.772590331e-02,0.000000000e+00,0.000000000e+00,-9.983324697e-01,0.000000000e+00,-0.000000000e+00,-0.000000000e+00,0.000000000e+00,5.762964379e-07,0.000000000e+00,-5.762964362e-07,1.683740563e-15,1.000000000e+00
9.530000000e-01,0.000000000e+00,0.000000000e+00,0.000000000e+00,0.000000000e+00,0.000000000e+00,-5.243739202e+00,5.507720325e-02,0.000000000e+00,0.000000000e+00,-9.984820988e-01,0.000000000e+00,-0.000000000e+00,-0.000000000e+00,0.000000000e+00,5.499360163e-07,0.000000000e+00,-5.499360150e-07,1.374482058e-15,1.000000000e+00
9.540000000e-01,0.000000000e+00,0.000000000e+00,0.000000000e+00,0.000000000e+00,0.000000000e+00,-5.119462374e+00,5.249015062e-02,0.000000000e+00,0.000000000e+00,-9.986214418e-01,0.000000000e+00,-0.000000000e+00,-0.000000000e+00,0.000000000e+00,5.241779000e-07,0.000000000e+00,-5.241778989e-07,1.086274862e-15,1.000000000e+00
9.550000000e-01,0.000000000e+00,0.000000000e+00,0.000000000e+00,0.000000000e+00,0.000000000e+00,-4.995118439e+00,4.996482351e-02,0.000000000e+00,0.000000000e+00,-9.987509782e-01,0.000000000e+00,-0.000000000e+00,-0.000000000e+00,0.000000000e+00,4.990241644e-07,0.000000000e+00,-4.990241636e-07,8.181706172e-16,1.000000000e+00
9.560000000e-01,0.000000000e+00,0.000000000e+00,0.000000000e+00,0.000000000e+00,0.000000000e+00,-4.870712168e+00,4.750129456e-02,0.000000000e+00,0.000000000e+00,-9.988711764e-01,0.000000000e+00,-0.000000000e+00,-0.000000000e+00,0.000000000e+00,4.744767404e-07,0.000000000e+00,-4.744767398e-07,5.692387513e-16,1.000000000e+00
9.570000000e-01,0.000000000e+00,0.000000000e+00,0.000000000e+00,0.000000000e+00,0.000000000e+00,-4.746248102e+00,4.509963120e-02,0.000000000e+00,0.000000000e+00,-9.989824940e-01,0.000000000e+00,-0.000000000e+00,-0.000000000e+00,0.000000000e+00,4.505374208e-07,0.000000000e+00,-4.505374205e-07,3.385652100e-16,1.000000000e+00
9.580000000e-01,0.000000000e+00,0.000000000e+00,0.000000000e+00,0.000000000e+00,0.000000000e+00,-4.621730558e+00,4.275989586e-02,0.000000000e+00,0.000000000e+00,-9.990853774e-01,0.000000000e+00,-0.000000000e+00,-0.000000000e+00,0.000000000e+00,4.272078671e-07,0.000000000e+00,-4.272078669e-07,1.252552088e-16,1.000000000e+00
9.590000000e-01,0.000000000e+00,0.000000000e+00,0.000000000e+00,0.000000000e+00,0.000000000e+00,-4.497163636e+00,4.048214630e-02,0.000000000e+00,0.000000000e+00,-9.991802619e-01,0.000000000e+00,-0.000000000e+00,-0.000000000e+00,0.000000000e+00,4.044896154e-07,0.000000000e+00,-4.044896155e-07,-7.156787836e-17,1.000000000e+00
9.600000000e-01,0.000000000e+00,0.000000000e+00,0.000000000e+00,0.000000000e+00,0.000000000e+00,-4.372551220e+00,3.826643579e-02,0.000000000e+00,0.000000000e+00,-9.992675717e-01,0.000000000e+00,-0.000000000e+00,-0.000000000e+00,0.000000000e+00,3.823840835e-07,0.000000000e+00,-3.823840837e-07,-2.527610371e-16,1.000000000e+00
9.610000000e-01,0.000000000e+00,0.000000000e+00,0.000000000e+00,0.000000000e+00,0.000000000e+00,-4.247896988e+00,3.611281336e-02,0.000000000e+00,0.000000000e+00,-9.993477196e-01,0.000000000e+00,-0.000000000e+00,-0.000000000e+00,0.000000000e+00,3.608925764e-07,0.000000000e+00,-3.608925768e-07,-4.191603949e-16,1.000000000e+00
9.620000000e-01,0.000000000e+00,0.000000000e+00,0.000000000e+00,0.000000000e+00,0.000000000e+00,-4.123204413e+00,3.402132402e-02,0.000000000e+00,0.000000000e+00,-9.994211072e-01,0.000000000e+00,-0.000000000e+00,-0.000000000e+00,0.000000000e+00,3.400162926e-07,0.000000000e+00,-3.400162932e-07,-5.715829150e-16,1.000000000e+00
9.630000000e-01,0.000000000e+00,0.000000000e+00,0.000000000e+00,0.000000000e+00,0.000000000e+00,-3.998476773e+00,3.199200900e-02,0.000000000e+00,0.000000000e+00,-9.994881247e-01,0.000000000e+00,-0.000000000e+00,-0.000000000e+00,0.000000000e+00,3.197563301e-07,0.000000000e+00,-3.197563308e-07,-7.108240142e-16,1.000000000e+00
9.640000000e-01,0.000000000e+00,0.000000000e+00,0.000000000e+00,0.000000000e+00,0.000000000e+00,-3.873717154e+00,3.002490597e-02,0.000000000e+00,0.000000000e+00,-9.995491509e-01,0.000000000e+00,-0.000000000e+00,-0.000000000e+00,0.000000000e+00,3.001136919e-07,0.000000000e+00,-3.001136927e-07,-8.376574043e-16,1.000000000e+00
9.650000000e-01,0.000000000e+00,0.000000000e+00,0.000000000e+00,0.000000000e+00,0.000000000e+00,-3.748928457e+00,2.812004923e-02,0.000000000e+00,0.000000000e+00,-9.996045532e-01,0.000000000e+00,-0.000000000e+00,-0.000000000e+00,0.000000000e+00,2.810892915e-07,0.000000000e+00,-2.810892925e-07,-9.528358856e-16,1.000000000e+00
9.660000000e-01,0.000000000e+00,0.000000000e+00,0.000000000e+00,0.000000000e+00,0.000000000e+00,-3.624113400e+00,2.627746991e-02,0.000000000e+00,0.000000000e+00,-9.996546877e-01,0.000000000e+00,-0.000000000e+00,-0.000000000e+00,0.000000000e+00,2.626839587e-07,0.000000000e+00,-2.626839598e-07,-1.057090024e-15,1.000000000e+00
9.670000000e-01,0.000000000e+00,0.000000000e+00,0.000000000e+00,0.000000000e+00,0.000000000e+00,-3.499274529e+00,2.449719622e-02,0.000000000e+00,0.000000000e+00,-9.996998987e-01,0.000000000e+00,-0.000000000e+00,-0.000000000e+00,0.000000000e+00,2.448984447e-07,0.000000000e+00,-2.448984458e-07,-1.151128204e-15,1.000000000e+00
9.680000000e-01,0.000000000e+00,0.000000000e+00,0.000000000e+00,0.000000000e+00,0.000000000e+00,-3.374414221e+00,2.277925357e-02,0.000000000e+00,0.000000000e+00,-9.997405191e-01,0.000000000e+00,-0.000000000e+00,-0.000000000e+00,0.000000000e+00,2.277334267e-07,0.000000000e+00,-2.277334279e-07,-1.235636337e-15,1.000000000e+00
9.690000000e-01,0.000000000e+00,0.000000000e+00,0.000000000e+00,0.000000000e+00,0.000000000e+00,-3.249534688e+00,2.112366482e-02,0.000000000e+00,0.000000000e+00,-9.997768705e-01,0.000000000e+00,-0.000000000e+00,-0.000000000e+00,0.000000000e+00,2.111895137e-07,0.000000000e+00,-2.111895150e-07,-1.311277253e-15,1.000000000e+00
9.700000000e-01,0.000000000e+00,0.000000000e+00,0.000000000e+00,0.000000000e+00,0.000000000e+00,-3.124637985e+00,1.953045040e-02,0.000000000e+00,0.000000000e+00,-9.998092626e-01,0.000000000e+00,-0.000000000e+00,-0.000000000e+00,0.000000000e+00,1.952672508e-07,0.000000000e+00,-1.952672521e-07,-1.378691097e-15,1.000000000e+00
9.710000000e-01,0.000000000e+00,0.000000000e+00,0.000000000e+00,0.000000000e+00,0.000000000e+00,-2.999726017e+00,1.799962855e-02,0.000000000e+00,0.000000000e+00,-9.998379936e-01,0.000000000e+00,-0.000000000e+00,-0.000000000e+00,0.000000000e+00,1.799671235e-07,0.000000000e+00,-1.799671250e-07,-1.438494640e-15,1.000000000e+00
9.720000000e-01,0.000000000e+00,0.000000000e+00,0.000000000e+00,0.000000000e+00,0.000000000e+00,-2.874800541e+00,1.653121543e-02,0.000000000e+00,0.000000000e+00,-9.998633501e-01,0.000000000e+00,-0.000000000e+00,-0.000000000e+00,0.000000000e+00,1.652895630e-07,0.000000000e+00,-1.652895644e-07,-1.491281257e-15,1.000000000e+00
9.730000000e-01,0.000000000e+00,0.000000000e+00,0.000000000e+00,0.000000000e+00,0.000000000e+00,-2.749863174e+00,1.512522532e-02,0.000000000e+00,0.000000000e+00,-9.998856072e-01,0.000000000e+00,-0.000000000e+00,-0.000000000e+00,0.000000000e+00,1.512349495e-07,0.000000000e+00,-1.512349510e-07,-1.537621080e-15,1.000000000e+00
9.740000000e-01,0.000000000e+00,0.000000000e+00,0.000000000e+00,0.000000000e+00,0.000000000e+00,-2.624915399e+00,1.378167073e-02,0.000000000e+00,0.000000000e+00,-9.999050283e-01,0.000000000e+00,-0.000000000e+00,-0.000000000e+00,0.000000000e+00,1.378036171e-07,0.000000000e+00,-1.378036186e-07,-1.578060338e-15,1.000000000e+00
9.750000000e-01,0.000000000e+00,0.000000000e+00,0.000000000e+00,0.000000000e+00,0.000000000e+00,-2.499958571e+00,1.250056261e-02,0.000000000e+00,0.000000000e+00,-9.999218649e-01,0.000000000e+00,-0.000000000e+00,-0.000000000e+00,0.000000000e+00,1.249958572e-07,0.000000000e+00,-1.249958588e-07,-1.613121520e-15,1.000000000e+00
9.760000000e-01,0.000000000e+00,0.000000000e+00,0.000000000e+00,0.000000000e+00,0.000000000e+00,-2.374993922e+00,1.128191043e-02,0.000000000e+00,0.000000000e+00,-9.999363572e-01,0.000000000e+00,-0.000000000e+00,-0.000000000e+00,0.000000000e+00,1.128119226e-07,0.000000000e+00,-1.128119242e-07,-1.643303011e-15,1.000000000e+00
9.770000000e-01,0.000000000e+00,0.000000000e+00,0.000000000e+00,0.000000000e+00,0.000000000e+00,-2.250022565e+00,1.012572236e-02,0.000000000e+00,0.000000000e+00,-9.999487336e-01,0.000000000e+00,-0.000000000e+00,-0.000000000e+00,0.000000000e+00,1.012520308e-07,0.000000000e+00,-1.012520325e-07,-1.669079468e-15,1.000000000e+00
9.780000000e-01,0.000000000e+00,0.000000000e+00,0.000000000e+00,0.000000000e+00,0.000000000e+00,-2.125045503e+00,9.032005362e-03,0.000000000e+00,0.000000000e+00,-9.999592106e-01,0.000000000e+00,-0.000000000e+00,-0.000000000e+00,0.000000000e+00,9.031636783e-08,0.000000000e+00,-9.031636952e-08,-1.690901432e-15,1.000000000e+00
9.790000000e-01,0.000000000e+00,0.000000000e+00,0.000000000e+00,0.000000000e+00,0.000000000e+00,-2.000063636e+00,8.000765341e-03,0.000000000e+00,0.000000000e+00,-9.999679934e-01,0.000000000e+00,-0.000000000e+00,-0.000000000e+00,0.000000000e+00,8.000509093e-08,0.000000000e+00,-8.000509264e-08,-1.709195398e-15,1.000000000e+00
9.800000000e-01,0.000000000e+00,0.000000000e+00,0.000000000e+00,0.000000000e+00,0.000000000e+00,-1.875077760e+00,7.032007247e-03,0.000000000e+00,0.000000000e+00,-9.999752751e-01,0.000000000e+00,-0.000000000e+00,-0.000000000e+00,0.000000000e+00,7.031833209e-08,0.000000000e+00,-7.031833382e-08,-1.724363469e-15,1.000000000e+00
9.810000000e-01,0.000000000e+00,0.000000000e+00,0.000000000e+00,0.000000000e+00,0.000000000e+00,-1.750088580e+00,6.125735183e-03,0.000000000e+00,0.000000000e+00,-9.999812375e-01,0.000000000e+00,-0.000000000e+00,-0.000000000e+00,0.000000000e+00,6.125620076e-08,0.000000000e+00,-6.125620249e-08,-1.736783632e-15,1.000000000e+00
9.820000000e-01,0.000000000e+00,0.000000000e+00,0.000000000e+00,0.000000000e+00,0.000000000e+00,-1.625096713e+00,5.281952512e-03,0.000000000e+00,0.000000000e+00,-9.999860504e-01,0.000000000e+00,-0.000000000e+00,-0.000000000e+00,0.000000000e+00,5.281878656e-08,0.000000000e+00,-5.281878831e-08,-1.746809491e-15,1.000000000e+00
9.830000000e-01,0.000000000e+00,0.000000000e+00,0.000000000e+00,0.000000000e+00,0.000000000e+00,-1.500102695e+00,4.500661947e-03,0.000000000e+00,0.000000000e+00,-9.999898720e-01,0.000000000e+00,-0.000000000e+00,-0.000000000e+00,0.000000000e+00,4.500616189e-08,0.000000000e+00,-4.500616364e-08,-1.754770522e-15,1.000000000e+00
9.840000000e-01,0.000000000e+00,0.000000000e+00,0.000000000e+00,0.000000000e+00,0.000000000e+00,-1.375106982e+00,3.781865646e-03,0.000000000e+00,0.000000000e+00,-9.999928487e-01,0.000000000e+00,-0.000000000e+00,-0.000000000e+00,0.000000000e+00,3.781838425e-08,0.000000000e+00,-3.781838601e-08,-1.760971677e-15,1.000000000e+00
9.850000000e-01,0.000000000e+00,0.000000000e+00,0.000000000e+00,0.000000000e+00,0.000000000e+00,-1.250109964e+00,3.125565289e-03,0.000000000e+00,0.000000000e+00,-9.999951154e-01,0.000000000e+00,-0.000000000e+00,-0.000000000e+00,0.000000000e+00,3.125549845e-08,0.000000000e+00,-3.125550022e-08,-1.765693687e-15,1.000000000e+00
9.860000000e-01,0.000000000e+00,0.000000000e+00,0.000000000e+00,0.000000000e+00,0.000000000e+00,-1.125111965e+00,2.531762156e-03,0.000000000e+00,0.000000000e+00,-9.999967951e-01,0.000000000e+00,-0.000000000e+00,-0.000000000e+00,0.000000000e+00,2.531753865e-08,0.000000000e+00,-2.531754042e-08,-1.769192860e-15,1.000000000e+00
9.870000000e-01,0.000000000e+00,0.000000000e+00,0.000000000e+00,0.000000000e+00,0.000000000e+00,-1.000113248e+00,2.000457199e-03,0.000000000e+00,0.000000000e+00,-9.999979991e-01,0.000000000e+00,-0.000000000e+00,-0.000000000e+00,0.000000000e+00,2.000453019e-08,0.000000000e+00,-2.000453196e-08,-1.771701080e-15,1.000000000e+00
9.880000000e-01,0.000000000e+00,0.000000000e+00,0.000000000e+00,0.000000000e+00,0.000000000e+00,-8.751140280e-01,1.531651098e-03,0.000000000e+00,0.000000000e+00,-9.999988270e-01,0.000000000e+00,-0.000000000e+00,-0.000000000e+00,0.000000000e+00,1.531649124e-08,0.000000000e+00,-1.531649301e-08,-1.773425867e-15,1.000000000e+00
9.890000000e-01,0.000000000e+00,0.000000000e+00,0.000000000e+00,0.000000000e+00,0.000000000e+00,-7.501144692e-01,1.125344324e-03,0.000000000e+00,0.000000000e+00,-9.999993668e-01,0.000000000e+00,-0.000000000e+00,-0.000000000e+00,0.000000000e+00,1.125343434e-08,0.000000000e+00,-1.125343611e-08,-1.774550328e-15,1.000000000e+00
9.900000000e-01,0.000000000e+00,0.000000000e+00,0.000000000e+00,0.000000000e+00,0.000000000e+00,-6.251146965e-01,7.815371837e-04,0.000000000e+00,0.000000000e+00,-9.999996946e-01,0.000000000e+00,-0.000000000e+00,-0.000000000e+00,0.000000000e+00,7.815367675e-09,0.000000000e+00,-7.815369451e-09,-1.775233192e-15,1.000000000e+00
9.910000000e-01,0.000000000e+00,0.000000000e+00,0.000000000e+00,0.000000000e+00,0.000000000e+00,-5.001147992e-01,5.002298648e-04,0.000000000e+00,0.000000000e+00,-9.999998749e-01,0.000000000e+00,-0.000000000e+00,-0.000000000e+00,0.000000000e+00,5.002296247e-09,0.000000000e+00,-5.002298022e-09,-1.775608743e-15,1.000000000e+00
9.920000000e-01,0.000000000e+00,0.000000000e+00,0.000000000e+00,0.000000000e+00,0.000000000e+00,-3.751148373e-01,2.814224711e-04,0.000000000e+00,0.000000000e+00,-9.999999604e-01,0.000000000e+00,-0.000000000e+00,-0.000000000e+00,0.000000000e+00,2.814222824e-09,0.000000000e+00,-2.814224600e-09,-1.775786865e-15,1.000000000e+00
9.930000000e-01,0.000000000e+00,0.000000000e+00,0.000000000e+00,0.000000000e+00,0.000000000e+00,-2.501148477e-01,1.251150526e-04,0.000000000e+00,0.000000000e+00,-9.999999922e-01,0.000000000e+00,-0.000000000e+00,-0.000000000e+00,0.000000000e+00,1.251148740e-09,0.000000000e+00,-1.251150516e-09,-1.775853033e-15,1.000000000e+00
9.940000000e-01,0.000000000e+00,0.000000000e+00,0.000000000e+00,0.000000000e+00,0.000000000e+00,-1.251148492e-01,3.130762857e-05,0.000000000e+00,0.000000000e+00,-9.999999995e-01,0.000000000e+00,-0.000000000e+00,-0.000000000e+00,0.000000000e+00,3.130745097e-10,0.000000000e+00,-3.130762855e-10,-1.775868303e-15,1.000000000e+00
9.950000000e-01,0.000000000e+00,0.000000000e+00,0.000000000e+00,0.000000000e+00,0.000000000e+00,-1.148492206e-04,2.039676188e-10,0.000000000e+00,0.000000000e+00,-1.000000000e+00,0.000000000e+00,-0.000000000e+00,-0.000000000e+00,0.000000000e+00,2.638068697e-16,0.000000000e+00,-2.039676188e-15,-1.775869319e-15,1.000000000e+00
9.960000000e-01,0.000000000e+00,0.000000000e+00,0.000000000e+00,0.000000000e+00,0.000000000e+00,1.248851507e-01,3.119277935e-05,0.000000000e+00,0.000000000e+00,-9.999999995e-01,0.000000000e+00,0.000000000e+00,-0.000000000e+00,0.000000000e+00,3.119260175e-10,0.000000000e+00,-3.119277933e-10,-1.775868310e-15,1.000000000e+00
9.970000000e-01,0.000000000e+00,0.000000000e+00,0.000000000e+00,0.000000000e+00,0.000000000e+00,2.498851492e-01,1.248853542e-04,0.000000000e+00,0.000000000e+00,-9.999999922e-01,0.000000000e+00,0.000000000e+00,-0.000000000e+00,0.000000000e+00,1.248851756e-09,0.000000000e+00,-1.248853532e-09,-1.775853093e-15,1.000000000e+00
9.980000000e-01,0.000000000e+00,0.000000000e+00,0.000000000e+00,0.000000000e+00,0.000000000e+00,3.748851389e-01,2.810779235e-04,0.000000000e+00,0.000000000e+00,-9.999999605e-01,0.000000000e+00,0.000000000e+00,-0.000000000e+00,0.000000000e+00,2.810777348e-09,0.000000000e+00,-2.810779124e-09,-1.775787070e-15,1.000000000e+00
9.990000000e-01,0.000000000e+00,0.000000000e+00,0.000000000e+00,0.000000000e+00,0.000000000e+00,4.998851008e-01,4.997704681e-04,0.000000000e+00,0.000000000e+00,-9.999998751e-01,0.000000000e+00,0.000000000e+00,-0.000000000e+00,0.000000000e+00,4.997702281e-09,0.000000000e+00,-4.997704056e-09,-1.775609224e-15,1.000000000e+00
1.000000000e+00,0.000000000e+00,0.000000000e+00,0.000000000e+00,0.000000000e+00,0.000000000e+00,6.248849983e-01,7.809629380e-04,0.000000000e+00,0.000000000e+00,-9.999996950e-01,0.000000000e+00,0.000000000e+00,-0.000000000e+00,0.000000000e+00,7.809625223e-09,0.000000000e+00,-7.809626998e-09,-1.775234134e-15,1.000000000e+00
